,Diagnosis Age,Aneuploidy Score,Last Communication Contact from Initial Pathologic Diagnosis Date,Birth from Initial Pathologic Diagnosis Date,Last Alive Less Initial Pathologic Diagnosis Date Calculated Day Value,Fraction Genome Altered,Mutation Count,cigarettes_per_day.exposures,pack_years_smoked.exposures,years_smoked.exposures
TCGA-05-4244-01,70.0,17.0,0.0,-25752.0,0.0,0.4565,191.0,2.0821917808219177,38.0,
TCGA-05-4249-01,67.0,24.0,1523.0,-24532.0,0.0,0.2221,300.0,2.8493150684931505,52.0,
TCGA-05-4250-01,79.0,17.0,,-29068.0,0.0,0.2362,312.0,2.5753424657534247,47.0,
TCGA-05-4382-01,68.0,22.0,607.0,-24868.0,0.0,0.0854,1549.0,3.3972602739726026,62.0,
TCGA-05-4384-01,66.0,1.0,426.0,-24411.0,0.0,0.0661,117.0,1.095890410958904,20.0,24.0
TCGA-05-4389-01,70.0,20.0,1369.0,-25660.0,0.0,0.4579,210.0,2.356164383561644,43.0,
TCGA-05-4390-01,58.0,21.0,1126.0,-21430.0,0.0,0.3056,518.0,0.821917808219178,15.0,30.0
TCGA-05-4395-01,76.0,25.0,,-27971.0,0.0,0.5598,230.0,,,
TCGA-05-4396-01,76.0,11.0,,-28094.0,0.0,0.234,1287.0,1.0410958904109588,19.0,37.0
TCGA-05-4397-01,65.0,7.0,,-23833.0,0.0,0.2784,750.0,2.4657534246575343,45.0,
TCGA-05-4398-01,47.0,23.0,1431.0,-17471.0,0.0,0.3046,665.0,3.945205479452055,72.0,
TCGA-05-4402-01,57.0,31.0,,-20819.0,0.0,0.2949,122.0,,,
TCGA-05-4403-01,76.0,1.0,578.0,-27881.0,0.0,0.0272,125.0,,,
TCGA-05-4405-01,74.0,24.0,610.0,-27241.0,0.0,0.3903,364.0,3.5616438356164384,65.0,43.0
TCGA-05-4410-01,62.0,18.0,0.0,-22888.0,0.0,0.3183,1009.0,5.36986301369863,98.0,49.0
TCGA-05-4415-01,57.0,20.0,,-20880.0,0.0,0.1563,187.0,1.5890410958904109,29.0,10.0
TCGA-05-4417-01,51.0,19.0,455.0,-18780.0,0.0,0.2699,284.0,3.068493150684932,56.0,37.0
TCGA-05-4418-01,69.0,6.0,,-25417.0,0.0,0.1433,247.0,1.36986301369863,25.0,
TCGA-05-4420-01,41.0,22.0,912.0,-15159.0,0.0,0.4499,256.0,2.0821917808219177,38.0,
TCGA-05-4422-01,68.0,7.0,365.0,-24837.0,0.0,0.2305,39.0,8.054794520547945,147.0,
TCGA-05-4424-01,70.0,19.0,913.0,-25689.0,0.0,0.2161,673.0,2.73972602739726,50.0,50.0
TCGA-05-4425-01,70.0,10.0,669.0,-25902.0,0.0,0.2352,40.0,1.5342465753424657,28.0,
TCGA-05-4426-01,71.0,4.0,791.0,-26084.0,0.0,0.1445,44.0,1.095890410958904,20.0,
TCGA-05-4427-01,65.0,20.0,791.0,-23893.0,0.0,0.395,949.0,0.4383561643835616,8.0,15.0
TCGA-05-4430-01,59.0,20.0,761.0,-21884.0,0.0,0.0992,261.0,4.383561643835616,80.0,
TCGA-05-4432-01,66.0,21.0,761.0,-24350.0,0.0,0.4286,534.0,3.1780821917808217,58.0,
TCGA-05-4433-01,82.0,6.0,730.0,-30194.0,0.0,0.1589,32.0,0.0547945205479452,1.0,2.0
TCGA-05-4434-01,67.0,2.0,,-24472.0,0.0,0.1237,44.0,0.821917808219178,15.0,
TCGA-05-5423-01,65.0,15.0,151.0,-23863.0,0.0,0.3749,140.0,3.945205479452055,72.0,24.0
TCGA-05-5425-01,68.0,2.0,882.0,-25020.0,0.0,0.2551,537.0,2.191780821917808,40.0,20.0
TCGA-05-5428-01,57.0,20.0,670.0,-21061.0,0.0,0.5655,350.0,1.643835616438356,30.0,24.0
TCGA-05-5429-01,60.0,8.0,30.0,-22066.0,0.0,0.2466,34.0,,,
TCGA-05-5715-01,69.0,10.0,62.0,-25383.0,0.0,0.32,105.0,,,
TCGA-17-Z000-01,,,,,,,114.0,,,
TCGA-17-Z001-01,,,,,,,201.0,,,
TCGA-17-Z002-01,,,,,,,13.0,,,
TCGA-17-Z003-01,,,,,,,234.0,,,
TCGA-17-Z004-01,,,,,,,20.0,,,
TCGA-17-Z005-01,,,,,,,100.0,,,
TCGA-17-Z007-01,,,,,,,72.0,,,
TCGA-17-Z009-01,,,,,,,50.0,,,
TCGA-17-Z010-01,,,,,,,245.0,,,
TCGA-17-Z011-01,,,,,,,103.0,,,
TCGA-17-Z013-01,,,,,,,57.0,,,
TCGA-17-Z014-01,,,,,,,348.0,,,
TCGA-17-Z015-01,,,,,,,468.0,,,
TCGA-17-Z016-01,,,,,,,270.0,,,
TCGA-17-Z017-01,,,,,,,200.0,,,
TCGA-17-Z018-01,,,,,,,235.0,,,
TCGA-17-Z019-01,,,,,,,3.0,,,
TCGA-17-Z020-01,,,,,,,121.0,,,
TCGA-17-Z021-01,,,,,,,149.0,,,
TCGA-17-Z022-01,,,,,,,1079.0,,,
TCGA-17-Z023-01,,,,,,,362.0,,,
TCGA-17-Z025-01,,,,,,,226.0,,,
TCGA-17-Z026-01,,,,,,,873.0,,,
TCGA-17-Z027-01,,,,,,,82.0,,,
TCGA-17-Z028-01,,,,,,,446.0,,,
TCGA-17-Z030-01,,,,,,,527.0,,,
TCGA-17-Z031-01,,,,,,,2084.0,,,
TCGA-17-Z032-01,,,,,,,104.0,,,
TCGA-17-Z033-01,,,,,,,147.0,,,
TCGA-17-Z036-01,,,,,,,70.0,,,
TCGA-17-Z037-01,,,,,,,123.0,,,
TCGA-17-Z041-01,,,,,,,63.0,,,
TCGA-17-Z042-01,,,,,,,416.0,,,
TCGA-17-Z043-01,,,,,,,177.0,,,
TCGA-17-Z044-01,,,,,,,100.0,,,
TCGA-17-Z045-01,,,,,,,607.0,,,
TCGA-17-Z047-01,,,,,,,28.0,,,
TCGA-17-Z048-01,,,,,,,35.0,,,
TCGA-17-Z049-01,,,,,,,496.0,,,
TCGA-17-Z050-01,,,,,,,167.0,,,
TCGA-17-Z051-01,,,,,,,168.0,,,
TCGA-17-Z052-01,,,,,,,144.0,,,
TCGA-17-Z053-01,,,,,,,269.0,,,
TCGA-17-Z054-01,,,,,,,13.0,,,
TCGA-17-Z055-01,,,,,,,701.0,,,
TCGA-17-Z056-01,,,,,,,481.0,,,
TCGA-17-Z057-01,,,,,,,383.0,,,
TCGA-17-Z058-01,,,,,,,91.0,,,
TCGA-17-Z059-01,,,,,,,145.0,,,
TCGA-17-Z060-01,,,,,,,217.0,,,
TCGA-17-Z061-01,,,,,,,152.0,,,
TCGA-17-Z062-01,,,,,,,445.0,,,
TCGA-35-3615-01,57.0,5.0,14.0,-21076.0,0.0,0.1795,104.0,,,
TCGA-35-4122-01,69.0,23.0,225.0,-25491.0,0.0,0.0597,296.0,2.4657534246575343,45.0,45.0
TCGA-35-4123-01,38.0,14.0,182.0,-14064.0,0.0,0.3119,244.0,1.095890410958904,20.0,20.0
TCGA-35-5375-01,61.0,26.0,264.0,-22628.0,0.0,0.5996,388.0,1.917808219178082,35.0,35.0
TCGA-38-4625-01,66.0,16.0,2973.0,-24241.0,0.0,0.5261,540.0,2.73972602739726,50.0,
TCGA-38-4626-01,57.0,2.0,3674.0,-20903.0,0.0,0.019,239.0,2.191780821917808,40.0,
TCGA-38-4627-01,64.0,9.0,,-23510.0,0.0,0.0002,30.0,,,
TCGA-38-4628-01,65.0,24.0,,-24057.0,0.0,0.4864,112.0,,,
TCGA-38-4631-01,72.0,20.0,,-26538.0,0.0,0.4032,687.0,2.191780821917808,40.0,
TCGA-38-4632-01,42.0,23.0,,-15418.0,0.0,0.4325,497.0,0.547945205479452,10.0,
TCGA-38-6178-01,70.0,22.0,448.0,-25593.0,0.0,0.3904,65.0,,,
TCGA-38-7271-01,72.0,2.0,,-26440.0,0.0,0.0439,87.0,1.36986301369863,25.0,28.0
TCGA-38-A44F-01,80.0,1.0,133.0,-29534.0,0.0,0.0,11.0,0.6575342465753424,12.0,12.0
TCGA-44-2655-01,65.0,4.0,1324.0,-23854.0,0.0,0.0648,164.0,1.643835616438356,30.0,30.0
TCGA-44-2656-01,59.0,19.0,1429.0,-21766.0,0.0,,766.0,1.2602739726027397,23.0,15.0
TCGA-44-2657-01,74.0,10.0,1351.0,-27298.0,0.0,0.0447,366.0,1.36986301369863,25.0,47.0
TCGA-44-2659-01,65.0,25.0,1367.0,-23808.0,0.0,0.2823,396.0,3.1232876712328768,57.0,38.0
TCGA-44-2662-01,65.0,24.0,1280.0,-24014.0,0.0,,189.0,3.068493150684932,56.0,28.0
TCGA-44-2665-01,55.0,7.0,1301.0,-20349.0,0.0,,43.0,,,
TCGA-44-2666-01,43.0,2.0,97.0,-15970.0,0.0,,37.0,1.643835616438356,30.0,
TCGA-44-2668-01,51.0,11.0,246.0,-18856.0,0.0,,319.0,3.287671232876712,60.0,30.0
TCGA-44-3396-01,74.0,6.0,1130.0,-27073.0,0.0,0.0548,184.0,2.73972602739726,50.0,
TCGA-44-3398-01,77.0,2.0,1163.0,-28392.0,0.0,0.0012,174.0,3.287671232876712,60.0,50.0
TCGA-44-3917-01,33.0,19.0,1183.0,-12179.0,0.0,,199.0,0.8767123287671232,16.0,
TCGA-44-3918-01,60.0,12.0,1036.0,-22236.0,0.0,,884.0,1.095890410958904,20.0,20.0
TCGA-44-3919-01,71.0,6.0,190.0,-26081.0,0.0,0.1658,51.0,,,
TCGA-44-4112-01,60.0,6.0,722.0,-22106.0,0.0,,435.0,1.643835616438356,30.0,20.0
TCGA-44-5643-01,53.0,19.0,1013.0,-19426.0,0.0,0.5689,114.0,1.095890410958904,20.0,
TCGA-44-5644-01,51.0,16.0,863.0,-18644.0,0.0,0.6632,908.0,0.958904109589041,17.5,
TCGA-44-5645-01,61.0,10.0,852.0,-22471.0,0.0,,36.0,0.273972602739726,5.0,10.0
TCGA-44-6144-01,58.0,8.0,723.0,-21283.0,0.0,0.3806,198.0,3.6986301369863015,67.5,
TCGA-44-6145-01,62.0,16.0,595.0,-22745.0,0.0,0.027,298.0,4.109589041095891,75.0,36.0
TCGA-44-6146-01,64.0,5.0,728.0,-23378.0,0.0,,38.0,0.821917808219178,15.0,
TCGA-44-6148-01,60.0,2.0,704.0,-22138.0,0.0,0.0276,7.0,3.287671232876712,60.0,31.0
TCGA-44-6774-01,56.0,4.0,658.0,-20462.0,0.0,0.203,277.0,1.095890410958904,20.0,
TCGA-44-6775-01,72.0,26.0,705.0,-26415.0,0.0,,63.0,1.36986301369863,25.0,50.0
TCGA-44-6776-01,60.0,4.0,2616.0,-22150.0,0.0,0.1665,188.0,2.4657534246575343,45.0,45.0
TCGA-44-6777-01,85.0,19.0,,-31234.0,0.0,0.1046,352.0,3.506849315068493,64.0,64.0
TCGA-44-6778-01,59.0,25.0,1864.0,-21725.0,0.0,0.3992,358.0,0.821917808219178,15.0,30.0
TCGA-44-6779-01,50.0,17.0,,-18469.0,0.0,0.5993,91.0,0.821917808219178,15.0,30.0
TCGA-44-7659-01,70.0,4.0,691.0,-25730.0,0.0,0.1598,139.0,2.191780821917808,40.0,
TCGA-44-7660-01,72.0,25.0,592.0,-26594.0,0.0,0.6653,335.0,6.794520547945205,124.0,
TCGA-44-7661-01,69.0,5.0,366.0,-25483.0,0.0,0.0147,276.0,1.2054794520547945,22.0,15.0
TCGA-44-7662-01,61.0,25.0,218.0,-22543.0,0.0,0.2739,541.0,2.73972602739726,50.0,
TCGA-44-7667-01,49.0,23.0,1097.0,-18062.0,0.0,0.3866,431.0,2.73972602739726,50.0,
TCGA-44-7669-01,59.0,22.0,,-21893.0,0.0,0.4144,421.0,1.095890410958904,20.0,
TCGA-44-7670-01,47.0,27.0,882.0,-17392.0,0.0,0.6345,1018.0,1.643835616438356,30.0,
TCGA-44-7671-01,64.0,16.0,889.0,-23538.0,0.0,0.3154,200.0,,,
TCGA-44-7672-01,52.0,22.0,719.0,-19200.0,0.0,0.0681,156.0,1.095890410958904,20.0,
TCGA-44-8117-01,54.0,20.0,385.0,-19855.0,0.0,0.6349,680.0,2.958904109589041,54.0,36.0
TCGA-44-8119-01,73.0,25.0,285.0,-27003.0,0.0,0.4008,581.0,2.73972602739726,50.0,
TCGA-44-8120-01,58.0,13.0,260.0,-21188.0,0.0,0.3716,544.0,1.643835616438356,30.0,
TCGA-44-A479-01,73.0,8.0,486.0,-27024.0,0.0,0.0803,279.0,2.191780821917808,40.0,40.0
TCGA-44-A47A-01,78.0,23.0,466.0,-28782.0,0.0,0.1272,211.0,4.383561643835616,80.0,40.0
TCGA-44-A47B-01,79.0,18.0,287.0,-28869.0,0.0,0.3063,40.0,0.2465753424657534,4.5,9.0
TCGA-44-A47F-01,74.0,27.0,337.0,-27122.0,0.0,0.3026,78.0,1.095890410958904,20.0,32.0
TCGA-44-A47G-01,73.0,3.0,351.0,-26800.0,0.0,0.0003,78.0,1.5342465753424657,28.0,56.0
TCGA-44-A4SS-01,73.0,16.0,415.0,-26991.0,0.0,0.0109,443.0,4.931506849315069,90.0,60.0
TCGA-44-A4SU-01,67.0,12.0,76.0,-24820.0,0.0,0.3113,133.0,2.73972602739726,50.0,50.0
TCGA-49-4486-01,72.0,2.0,,-26415.0,0.0,0.1116,144.0,0.958904109589041,17.5,35.0
TCGA-49-4487-01,72.0,27.0,,-26583.0,0.0,0.1177,346.0,2.191780821917808,40.0,
TCGA-49-4488-01,74.0,25.0,,-27332.0,0.0,0.4138,270.0,,,
TCGA-49-4490-01,45.0,29.0,,-16634.0,0.0,0.2916,48.0,0.273972602739726,5.0,
TCGA-49-4494-01,77.0,3.0,,-28387.0,0.0,0.1473,171.0,2.73972602739726,50.0,25.0
TCGA-49-4501-01,67.0,19.0,1421.0,-24817.0,0.0,0.3168,47.0,,,
TCGA-49-4505-01,61.0,21.0,,-22628.0,0.0,0.473,187.0,4.054794520547945,74.0,37.0
TCGA-49-4506-01,68.0,20.0,,-25132.0,0.0,0.0386,116.0,5.47945205479452,100.0,
TCGA-49-4507-01,73.0,12.0,,-26851.0,0.0,0.2054,183.0,4.273972602739726,78.0,
TCGA-49-4510-01,51.0,23.0,,-18762.0,0.0,0.4297,57.0,3.041095890410959,55.5,
TCGA-49-4512-01,69.0,31.0,157.0,-25502.0,0.0,0.3116,41.0,,,
TCGA-49-4514-01,79.0,8.0,1700.0,-28908.0,0.0,0.2725,293.0,3.5616438356164384,65.0,
TCGA-49-6742-01,70.0,19.0,445.0,-25839.0,0.0,0.1343,237.0,0.547945205479452,10.0,
TCGA-49-6743-01,81.0,23.0,1621.0,-29807.0,0.0,0.1102,689.0,2.73972602739726,50.0,
TCGA-49-6744-01,64.0,5.0,1683.0,-23484.0,0.0,0.0901,223.0,1.095890410958904,20.0,
TCGA-49-6745-01,82.0,10.0,522.0,-30133.0,0.0,0.0919,128.0,1.095890410958904,20.0,
TCGA-49-6761-01,68.0,16.0,354.0,-24849.0,0.0,0.1291,282.0,2.73972602739726,50.0,
TCGA-49-6767-01,46.0,23.0,677.0,-17108.0,0.0,0.335,424.0,1.643835616438356,30.0,
TCGA-49-AAQV-01,63.0,10.0,,-23370.0,0.0,0.1747,67.0,,,
TCGA-49-AAR0-01,57.0,15.0,4765.0,-20932.0,0.0,0.1428,122.0,2.0273972602739727,37.0,
TCGA-49-AAR2-01,64.0,9.0,2224.0,-23479.0,0.0,0.2466,365.0,,,
TCGA-49-AAR3-01,69.0,10.0,1893.0,-25469.0,0.0,0.0086,127.0,,,
TCGA-49-AAR4-01,51.0,8.0,,-18939.0,0.0,0.0166,534.0,1.917808219178082,35.0,
TCGA-49-AAR9-01,61.0,11.0,,-22510.0,0.0,0.4853,566.0,,,
TCGA-49-AARE-01,51.0,19.0,,-18893.0,0.0,0.2988,1198.0,0.821917808219178,15.0,15.0
TCGA-49-AARN-01,56.0,7.0,,-20605.0,0.0,0.1842,693.0,,,
TCGA-49-AARO-01,39.0,21.0,3759.0,-14527.0,0.0,0.1686,540.0,,,
TCGA-49-AARQ-01,41.0,17.0,6732.0,-15065.0,0.0,0.3585,640.0,3.287671232876712,60.0,
TCGA-49-AARR-01,68.0,0.0,4992.0,-24942.0,0.0,0.0001,2.0,,,
TCGA-4B-A93V-01,52.0,26.0,254.0,-19035.0,0.0,0.4531,123.0,1.643835616438356,30.0,29.0
TCGA-50-5044-01,72.0,1.0,,-26567.0,0.0,0.0003,121.0,,,
TCGA-50-5045-01,57.0,3.0,,-20961.0,0.0,0.085,297.0,,,
TCGA-50-5049-01,70.0,15.0,3094.0,-25577.0,0.0,0.0468,746.0,,,
TCGA-50-5051-01,42.0,22.0,455.0,-15585.0,0.0,0.5353,102.0,1.643835616438356,30.0,
TCGA-50-5055-01,79.0,1.0,785.0,-28988.0,0.0,0.0342,21.0,,,
TCGA-50-5066-01,72.0,11.0,1442.0,-26385.0,0.0,0.0599,265.0,,,
TCGA-50-5068-01,59.0,32.0,1499.0,-21728.0,0.0,0.0115,85.0,,,
TCGA-50-5072-01,74.0,27.0,246.0,-27036.0,0.0,0.1721,156.0,0.821917808219178,15.0,
TCGA-50-5930-01,47.0,2.0,,-17238.0,0.0,0.1503,1029.0,,,
TCGA-50-5931-01,75.0,12.0,267.0,-27733.0,0.0,0.4539,277.0,2.191780821917808,40.0,
TCGA-50-5932-01,75.0,11.0,1091.0,-27454.0,0.0,0.3516,70.0,,,
TCGA-50-5933-01,72.0,24.0,2370.0,-26377.0,0.0,0.1504,495.0,,,
TCGA-50-5935-01,86.0,21.0,653.0,-31610.0,0.0,0.4163,90.0,,,
TCGA-50-5936-01,58.0,14.0,,-21238.0,0.0,0.3737,106.0,,,
TCGA-50-5939-01,85.0,7.0,,-31236.0,0.0,0.0732,75.0,0.821917808219178,15.0,
TCGA-50-5941-01,55.0,32.0,1474.0,-20350.0,0.0,0.1134,366.0,1.36986301369863,25.0,
TCGA-50-5942-01,67.0,2.0,1847.0,-24781.0,0.0,0.0483,59.0,1.643835616438356,30.0,
TCGA-50-5944-01,69.0,17.0,1750.0,-25440.0,0.0,0.406,55.0,,,
TCGA-50-5946-01,62.0,21.0,1617.0,-22852.0,0.0,0.5612,586.0,,,
TCGA-50-6590-01,72.0,19.0,,-26444.0,0.0,0.1035,831.0,2.73972602739726,50.0,
TCGA-50-6591-01,63.0,28.0,,-23067.0,0.0,0.5794,55.0,,,
TCGA-50-6592-01,71.0,14.0,,-26191.0,0.0,0.0987,267.0,,,
TCGA-50-6593-01,49.0,29.0,,-18152.0,0.0,0.209,286.0,,,
TCGA-50-6594-01,79.0,17.0,,-28924.0,0.0,0.4787,489.0,,,
TCGA-50-6595-01,74.0,12.0,,-27197.0,0.0,0.0248,98.0,,,
TCGA-50-6597-01,79.0,15.0,1015.0,-29195.0,0.0,0.267,50.0,,,
TCGA-50-6673-01,84.0,18.0,,-30689.0,0.0,0.2202,84.0,,,
TCGA-50-7109-01,60.0,21.0,255.0,-21979.0,0.0,0.5497,236.0,6.575342465753424,120.0,
TCGA-50-8457-01,63.0,3.0,1125.0,-23055.0,0.0,0.0581,53.0,1.643835616438356,30.0,
TCGA-50-8459-01,68.0,4.0,1119.0,-24859.0,0.0,0.0065,76.0,0.547945205479452,10.0,
TCGA-50-8460-01,74.0,8.0,829.0,-27270.0,0.0,0.2005,31.0,,,
TCGA-53-7624-01,40.0,18.0,,-14794.0,0.0,0.6673,745.0,2.73972602739726,50.0,
TCGA-53-7626-01,76.0,10.0,,-28024.0,0.0,0.2535,1050.0,1.917808219178082,35.0,35.0
TCGA-53-7813-01,51.0,20.0,424.0,-18875.0,0.0,0.2515,149.0,1.917808219178082,35.0,35.0
TCGA-53-A4EZ-01,63.0,23.0,1071.0,-23201.0,0.0,0.6586,453.0,2.191780821917808,40.0,40.0
TCGA-55-1592-01,65.0,22.0,701.0,,0.0,0.5835,488.0,,,40.0
TCGA-55-1594-01,68.0,23.0,1178.0,-25008.0,0.0,0.6566,169.0,,,
TCGA-55-1595-01,74.0,25.0,1479.0,,0.0,0.6128,297.0,,,29.0
TCGA-55-1596-01,55.0,28.0,2065.0,-20381.0,0.0,0.7496,178.0,2.73972602739726,50.0,
TCGA-55-5899-01,58.0,19.0,930.0,,0.0,0.6014,387.0,,,
TCGA-55-6543-01,60.0,10.0,435.0,,0.0,0.2923,23.0,3.287671232876712,60.0,
TCGA-55-6642-01,63.0,15.0,2449.0,-23107.0,0.0,0.1444,123.0,,,
TCGA-55-6712-01,71.0,21.0,24.0,,0.0,0.3129,128.0,,,33.0
TCGA-55-6968-01,61.0,12.0,,-22344.0,0.0,0.3815,460.0,,,
TCGA-55-6969-01,52.0,24.0,1239.0,-19270.0,0.0,0.0772,427.0,,,
TCGA-55-6970-01,67.0,13.0,,-24773.0,0.0,0.2406,176.0,,,
TCGA-55-6971-01,59.0,22.0,1400.0,-21734.0,0.0,0.0622,203.0,3.287671232876712,60.0,40.0
TCGA-55-6972-01,72.0,18.0,1475.0,-26625.0,0.0,0.4609,264.0,,,
TCGA-55-6975-01,61.0,13.0,,,0.0,0.196,85.0,,,
TCGA-55-6978-01,81.0,4.0,,,0.0,0.0102,56.0,,,
TCGA-55-6979-01,59.0,13.0,,-21780.0,0.0,0.0568,536.0,,,
TCGA-55-6980-01,56.0,15.0,2109.0,,0.0,0.1855,30.0,,,
TCGA-55-6981-01,53.0,24.0,,-19497.0,0.0,0.2902,203.0,,,
TCGA-55-6982-01,79.0,22.0,,,0.0,0.0799,216.0,,,
TCGA-55-6983-01,81.0,6.0,2823.0,,0.0,0.0996,106.0,3.287671232876712,60.0,
TCGA-55-6984-01,71.0,6.0,,,0.0,0.1609,32.0,,,
TCGA-55-6985-01,58.0,13.0,1233.0,-21381.0,0.0,0.2,438.0,2.73972602739726,50.0,
TCGA-55-6986-01,74.0,0.0,3261.0,,0.0,0.041,23.0,,,
TCGA-55-6987-01,77.0,7.0,2137.0,-28382.0,0.0,0.0706,214.0,,,
TCGA-55-7227-01,77.0,,53.0,-28458.0,0.0,,152.0,,,40.0
TCGA-55-7281-01,70.0,18.0,872.0,-25870.0,0.0,0.4215,436.0,1.095890410958904,20.0,
TCGA-55-7283-01,76.0,18.0,609.0,-27946.0,0.0,0.2525,211.0,0.273972602739726,5.0,11.0
TCGA-55-7284-01,74.0,10.0,121.0,-27087.0,0.0,0.0259,40.0,,,
TCGA-55-7570-01,60.0,10.0,824.0,-22218.0,0.0,0.2514,355.0,,,
TCGA-55-7573-01,72.0,16.0,487.0,-26302.0,0.0,0.3445,50.0,,,
TCGA-55-7574-01,64.0,11.0,95.0,-23703.0,0.0,0.0385,247.0,0.1095890410958904,2.0,40.0
TCGA-55-7576-01,54.0,19.0,670.0,-19917.0,0.0,0.4404,371.0,,,
TCGA-55-7724-01,76.0,11.0,705.0,-27891.0,0.0,0.019,213.0,2.73972602739726,50.0,50.0
TCGA-55-7725-01,68.0,6.0,442.0,-24848.0,0.0,0.1388,116.0,0.8767123287671232,16.0,31.0
TCGA-55-7726-01,72.0,23.0,652.0,-26451.0,0.0,0.2587,109.0,1.643835616438356,30.0,24.0
TCGA-55-7727-01,70.0,12.0,119.0,-25929.0,0.0,0.2006,220.0,,,
TCGA-55-7728-01,64.0,1.0,704.0,-23505.0,0.0,0.059,87.0,1.643835616438356,30.0,16.0
TCGA-55-7815-01,76.0,25.0,773.0,-28119.0,0.0,0.1318,126.0,,,
TCGA-55-7816-01,49.0,,44.0,-18170.0,0.0,,2.0,,,
TCGA-55-7903-01,64.0,7.0,567.0,-23509.0,0.0,0.2587,142.0,2.191780821917808,40.0,
TCGA-55-7907-01,77.0,24.0,16.0,-28201.0,0.0,0.3482,1067.0,4.383561643835616,80.0,40.0
TCGA-55-7910-01,50.0,20.0,1040.0,-18289.0,0.0,0.5284,287.0,0.821917808219178,15.0,15.0
TCGA-55-7911-01,70.0,14.0,537.0,-25746.0,0.0,0.0964,211.0,5.260273972602739,96.0,22.0
TCGA-55-7913-01,61.0,19.0,62.0,-22326.0,0.0,0.2153,309.0,,,
TCGA-55-7914-01,71.0,9.0,3.0,-26105.0,0.0,0.255,162.0,0.273972602739726,5.0,
TCGA-55-7994-01,81.0,16.0,603.0,-29858.0,0.0,0.5861,1389.0,1.5342465753424657,28.0,
TCGA-55-7995-01,73.0,23.0,889.0,-26837.0,0.0,0.3208,606.0,3.287671232876712,60.0,
TCGA-55-8085-01,64.0,6.0,904.0,-23596.0,0.0,0.2779,226.0,,,
TCGA-55-8087-01,59.0,5.0,462.0,-21655.0,0.0,0.0996,34.0,,,
TCGA-55-8089-01,56.0,11.0,100.0,-20576.0,0.0,0.0325,1095.0,5.315068493150685,97.0,
TCGA-55-8090-01,80.0,14.0,6.0,-29235.0,0.0,0.0643,76.0,,,
TCGA-55-8091-01,74.0,13.0,600.0,-27385.0,0.0,0.4845,30.0,,,
TCGA-55-8092-01,75.0,16.0,26.0,-27597.0,0.0,0.3084,492.0,2.191780821917808,40.0,40.0
TCGA-55-8094-01,51.0,18.0,541.0,-18903.0,0.0,0.6613,396.0,3.835616438356164,70.0,35.0
TCGA-55-8096-01,67.0,24.0,47.0,-24684.0,0.0,0.0908,132.0,5.698630136986301,104.0,
TCGA-55-8097-01,60.0,6.0,476.0,-22260.0,0.0,0.2133,100.0,1.917808219178082,35.0,35.0
TCGA-55-8203-01,69.0,20.0,547.0,-25477.0,0.0,0.2835,387.0,2.73972602739726,50.0,
TCGA-55-8204-01,87.0,10.0,515.0,-31818.0,0.0,0.2783,193.0,,,
TCGA-55-8205-01,76.0,22.0,599.0,-28063.0,0.0,0.1046,474.0,1.643835616438356,30.0,61.0
TCGA-55-8206-01,56.0,20.0,888.0,-20690.0,0.0,0.1614,27.0,,,
TCGA-55-8207-01,73.0,15.0,977.0,-26897.0,0.0,0.4614,277.0,,,
TCGA-55-8208-01,73.0,9.0,674.0,-26716.0,0.0,0.0439,319.0,2.73972602739726,50.0,
TCGA-55-8299-01,61.0,,216.0,-22626.0,0.0,0.0,195.0,1.095890410958904,20.0,41.0
TCGA-55-8301-01,58.0,8.0,534.0,-21535.0,0.0,0.0758,261.0,5.47945205479452,100.0,
TCGA-55-8302-01,54.0,12.0,478.0,-20011.0,0.0,0.1708,615.0,3.232876712328767,59.0,
TCGA-55-8505-01,62.0,6.0,440.0,-22676.0,0.0,0.0096,28.0,,,
TCGA-55-8506-01,62.0,13.0,11.0,-22850.0,0.0,0.3267,1583.0,,,
TCGA-55-8507-01,53.0,22.0,418.0,-19390.0,0.0,0.5642,874.0,6.575342465753424,120.0,
TCGA-55-8508-01,60.0,13.0,617.0,-22159.0,0.0,0.1802,165.0,,,
TCGA-55-8510-01,55.0,25.0,539.0,-20410.0,0.0,0.1246,275.0,,,
TCGA-55-8511-01,73.0,20.0,552.0,-26986.0,0.0,0.1225,512.0,3.1780821917808217,58.0,
TCGA-55-8512-01,41.0,9.0,3.0,-15266.0,0.0,0.1895,35.0,1.0410958904109588,19.0,
TCGA-55-8513-01,77.0,0.0,791.0,-28284.0,0.0,0.0,6.0,,,
TCGA-55-8514-01,70.0,26.0,520.0,-25608.0,0.0,0.8013,250.0,1.095890410958904,20.0,40.0
TCGA-55-8614-01,76.0,23.0,536.0,-27924.0,0.0,0.332,203.0,2.191780821917808,40.0,
TCGA-55-8615-01,67.0,23.0,446.0,-24786.0,0.0,0.6786,99.0,3.671232876712329,67.0,
TCGA-55-8616-01,58.0,22.0,48.0,-21225.0,0.0,0.3848,432.0,,,
TCGA-55-8619-01,72.0,1.0,416.0,-26616.0,0.0,0.0,20.0,,,
TCGA-55-8620-01,60.0,15.0,66.0,-22091.0,0.0,0.3493,434.0,8.438356164383562,154.0,47.0
TCGA-55-8621-01,75.0,1.0,515.0,-27485.0,0.0,0.0,68.0,1.643835616438356,30.0,30.0
TCGA-55-A48X-01,63.0,13.0,689.0,-23341.0,0.0,0.0066,363.0,1.9726027397260275,36.0,36.0
TCGA-55-A48Y-01,69.0,6.0,630.0,-25384.0,0.0,0.1886,313.0,2.73972602739726,50.0,
TCGA-55-A48Z-01,60.0,17.0,651.0,-22056.0,0.0,0.3205,44.0,2.191780821917808,40.0,40.0
TCGA-55-A490-01,78.0,18.0,48.0,-28728.0,0.0,0.5419,1195.0,1.8630136986301369,34.0,34.0
TCGA-55-A491-01,81.0,26.0,626.0,-29593.0,0.0,0.477,334.0,2.4657534246575343,45.0,30.0
TCGA-55-A492-01,70.0,12.0,596.0,-25719.0,0.0,0.2069,262.0,1.917808219178082,35.0,33.0
TCGA-55-A493-01,54.0,16.0,28.0,-20027.0,0.0,0.0981,236.0,2.904109589041096,53.0,
TCGA-55-A494-01,61.0,28.0,481.0,-22540.0,0.0,0.3316,213.0,0.3835616438356164,7.0,13.0
TCGA-55-A4DF-01,88.0,13.0,47.0,-32432.0,0.0,0.3667,678.0,3.287671232876712,60.0,
TCGA-55-A4DG-01,71.0,22.0,608.0,-26044.0,0.0,0.4264,627.0,5.47945205479452,100.0,
TCGA-55-A57B-01,80.0,21.0,546.0,-29452.0,0.0,0.215,39.0,,,
TCGA-62-8394-01,65.0,17.0,,-23758.0,0.0,0.4188,117.0,,,
TCGA-62-8395-01,80.0,6.0,1216.0,-29311.0,0.0,0.2137,73.0,,,
TCGA-62-8397-01,70.0,23.0,1289.0,-25728.0,0.0,0.2308,24.0,,,
TCGA-62-8398-01,55.0,24.0,,-20197.0,0.0,0.3034,74.0,1.095890410958904,20.0,29.0
TCGA-62-8399-01,62.0,13.0,2696.0,-22952.0,0.0,0.4884,467.0,3.835616438356164,70.0,
TCGA-62-8402-01,73.0,31.0,1445.0,-26934.0,0.0,0.3729,41.0,,,
TCGA-62-A46O-01,65.0,14.0,,-24050.0,0.0,0.6086,799.0,2.6301369863013697,48.0,
TCGA-62-A46P-01,65.0,6.0,,-23993.0,0.0,0.225,250.0,2.191780821917808,40.0,
TCGA-62-A46R-01,54.0,24.0,,-20063.0,0.0,0.3944,170.0,1.36986301369863,25.0,
TCGA-62-A46S-01,73.0,17.0,,-26825.0,0.0,0.2331,107.0,2.191780821917808,40.0,
TCGA-62-A46U-01,71.0,16.0,2067.0,-25998.0,0.0,0.1571,40.0,,,
TCGA-62-A46V-01,78.0,6.0,2199.0,-28495.0,0.0,0.292,54.0,,,
TCGA-62-A46Y-01,70.0,6.0,,-25905.0,0.0,0.1431,35.0,,,
TCGA-62-A470-01,84.0,23.0,,-30689.0,0.0,0.5991,105.0,1.643835616438356,30.0,
TCGA-62-A471-01,64.0,24.0,1246.0,-23689.0,0.0,0.4409,91.0,1.643835616438356,30.0,
TCGA-62-A472-01,70.0,21.0,910.0,-25893.0,0.0,0.2944,53.0,3.287671232876712,60.0,
TCGA-64-1676-01,58.0,16.0,1728.0,-21428.0,0.0,0.5188,531.0,3.287671232876712,60.0,
TCGA-64-1677-01,77.0,21.0,,-28482.0,0.0,0.1277,196.0,2.73972602739726,50.0,
TCGA-64-1678-01,70.0,12.0,1189.0,-25931.0,0.0,0.5476,,1.095890410958904,20.0,20.0
TCGA-64-1679-01,58.0,25.0,2488.0,-21310.0,0.0,0.1979,480.0,2.191780821917808,40.0,
TCGA-64-1680-01,63.0,18.0,1126.0,-23267.0,0.0,0.3404,54.0,2.73972602739726,50.0,20.0
TCGA-64-1681-01,61.0,26.0,,-22525.0,0.0,0.3458,77.0,,,20.0
TCGA-64-5774-01,60.0,19.0,2676.0,-22059.0,0.0,0.6034,123.0,2.4657534246575343,45.0,45.0
TCGA-64-5775-01,71.0,14.0,,-26058.0,0.0,0.3238,433.0,6.027397260273973,110.0,
TCGA-64-5778-01,60.0,10.0,1305.0,-21927.0,0.0,0.3264,423.0,3.7260273972602738,68.0,34.0
TCGA-64-5779-01,61.0,19.0,864.0,-22305.0,0.0,0.6682,325.0,2.191780821917808,40.0,40.0
TCGA-64-5781-01,55.0,11.0,1559.0,-20219.0,0.0,0.1808,1024.0,1.36986301369863,25.0,25.0
TCGA-64-5815-01,74.0,8.0,866.0,-27280.0,0.0,0.185,147.0,1.643835616438356,30.0,
TCGA-67-3770-01,70.0,16.0,610.0,-25658.0,0.0,0.3918,187.0,,,
TCGA-67-3771-01,77.0,21.0,610.0,-28406.0,0.0,0.6308,951.0,,,
TCGA-67-3772-01,82.0,10.0,573.0,-29989.0,0.0,0.3283,59.0,,,
TCGA-67-3773-01,84.0,5.0,427.0,-30706.0,0.0,0.1224,95.0,,,
TCGA-67-3774-01,73.0,7.0,385.0,-26704.0,0.0,0.2154,95.0,,,
TCGA-67-4679-01,69.0,2.0,448.0,-25202.0,0.0,0.1694,263.0,,,
TCGA-67-6215-01,52.0,7.0,174.0,-19310.0,0.0,0.2122,103.0,,,
TCGA-67-6216-01,57.0,2.0,141.0,-20967.0,0.0,0.0855,40.0,,,
TCGA-67-6217-01,73.0,22.0,422.0,-26920.0,0.0,0.4314,177.0,,,
TCGA-69-7760-01,73.0,20.0,202.0,-26777.0,0.0,0.5582,63.0,,,
TCGA-69-7761-01,84.0,15.0,186.0,-31041.0,0.0,0.0782,29.0,1.095890410958904,20.0,20.0
TCGA-69-7763-01,69.0,24.0,690.0,-25316.0,0.0,0.1675,65.0,0.410958904109589,7.5,45.0
TCGA-69-7764-01,75.0,8.0,414.0,-27693.0,0.0,0.4944,81.0,1.643835616438356,30.0,14.0
TCGA-69-7765-01,56.0,9.0,165.0,-20625.0,0.0,0.1408,548.0,,,30.0
TCGA-69-7973-01,42.0,23.0,230.0,-15355.0,0.0,0.4716,240.0,1.36986301369863,25.0,
TCGA-69-7974-01,54.0,21.0,184.0,-20021.0,0.0,0.1959,483.0,1.643835616438356,30.0,30.0
TCGA-69-7978-01,59.0,16.0,134.0,-21785.0,0.0,0.0369,546.0,4.383561643835616,80.0,
TCGA-69-7979-01,71.0,23.0,408.0,-26180.0,0.0,0.6272,1322.0,1.5342465753424657,28.0,
TCGA-69-7980-01,70.0,22.0,362.0,-25583.0,0.0,0.4262,737.0,4.383561643835616,80.0,
TCGA-69-8253-01,59.0,16.0,426.0,-21771.0,0.0,0.2314,133.0,0.4273972602739726,7.8,39.0
TCGA-69-8254-01,85.0,1.0,409.0,-31134.0,0.0,0.0322,75.0,2.191780821917808,40.0,
TCGA-69-8255-01,71.0,20.0,129.0,-26289.0,0.0,0.4081,270.0,2.191780821917808,40.0,
TCGA-69-8453-01,77.0,6.0,788.0,-28413.0,0.0,0.1046,,0.6575342465753424,12.0,
TCGA-69-A59K-01,60.0,,522.0,-22093.0,0.0,0.4943,438.0,1.36986301369863,25.0,13.0
TCGA-71-6725-01,48.0,21.0,256.0,-17793.0,0.0,0.6934,51.0,,,
TCGA-71-8520-01,60.0,,3.0,-21921.0,0.0,,80.0,,,
TCGA-73-4658-01,80.0,8.0,1600.0,-29508.0,0.0,0.0648,323.0,1.36986301369863,25.0,
TCGA-73-4659-01,66.0,24.0,711.0,-24253.0,0.0,0.249,191.0,0.6575342465753424,12.0,12.0
TCGA-73-4662-01,65.0,14.0,2515.0,-23762.0,0.0,0.4929,205.0,0.547945205479452,10.0,17.0
TCGA-73-4666-01,52.0,22.0,800.0,-19074.0,0.0,0.3709,343.0,0.547945205479452,10.0,20.0
TCGA-73-4668-01,66.0,24.0,467.0,-24255.0,0.0,0.499,487.0,3.0136986301369864,55.0,37.0
TCGA-73-4670-01,69.0,26.0,131.0,-25526.0,0.0,0.6786,331.0,1.643835616438356,30.0,30.0
TCGA-73-4675-01,59.0,24.0,40.0,-21614.0,0.0,0.259,63.0,2.246575342465753,41.0,41.0
TCGA-73-4676-01,45.0,9.0,164.0,-16746.0,0.0,0.2108,85.0,2.6301369863013697,48.0,32.0
TCGA-73-4677-01,74.0,14.0,,-27381.0,0.0,0.1813,224.0,,,
TCGA-73-7498-01,58.0,7.0,1189.0,-21527.0,0.0,0.1769,98.0,1.5342465753424657,28.0,28.0
TCGA-73-7499-01,81.0,23.0,715.0,-29683.0,0.0,0.5723,65.0,,,
TCGA-73-A9RS-01,41.0,18.0,305.0,-15162.0,0.0,0.6599,847.0,0.6027397260273972,11.0,
TCGA-75-5122-01,,9.0,,,,0.0707,120.0,1.095890410958904,20.0,
TCGA-75-5125-01,,20.0,,,,0.3035,164.0,1.36986301369863,25.0,
TCGA-75-5126-01,,7.0,,,,0.0549,585.0,2.191780821917808,40.0,
TCGA-75-5146-01,,9.0,2368.0,,,0.3219,169.0,,,
TCGA-75-5147-01,,15.0,1333.0,,,0.414,39.0,,,
TCGA-75-6203-01,,10.0,,,,0.0169,11.0,,,
TCGA-75-6205-01,,24.0,,,,0.1084,47.0,,,
TCGA-75-6206-01,,16.0,2590.0,,,0.4203,81.0,1.095890410958904,20.0,
TCGA-75-6207-01,,11.0,,,,0.3714,60.0,0.547945205479452,10.0,
TCGA-75-6211-01,,17.0,,,,0.5311,340.0,1.8630136986301369,34.0,
TCGA-75-6212-01,,19.0,,,,0.2365,20.0,,,
TCGA-75-6214-01,,21.0,,,,0.519,641.0,2.191780821917808,40.0,
TCGA-75-7025-01,,19.0,3305.0,,,0.2153,31.0,,,19.0
TCGA-75-7027-01,,23.0,3059.0,,,0.657,212.0,2.73972602739726,50.0,
TCGA-75-7030-01,,,,,,0.0,15.0,,,
TCGA-75-7031-01,,18.0,,,,0.3691,186.0,0.273972602739726,5.0,10.0
TCGA-78-7143-01,62.0,26.0,,-22673.0,0.0,0.1974,,,,
TCGA-78-7145-01,52.0,20.0,,-19080.0,0.0,0.5585,185.0,1.36986301369863,25.0,25.0
TCGA-78-7146-01,71.0,17.0,,-26272.0,0.0,0.5733,348.0,0.3287671232876712,6.0,10.0
TCGA-78-7147-01,67.0,21.0,,-24809.0,0.0,0.5989,306.0,2.73972602739726,50.0,
TCGA-78-7148-01,71.0,6.0,,-25990.0,0.0,0.2875,214.0,3.1232876712328768,57.0,
TCGA-78-7149-01,71.0,21.0,3940.0,-26285.0,0.0,0.2501,137.0,6.301369863013699,115.0,
TCGA-78-7150-01,59.0,15.0,,-21891.0,0.0,0.4589,364.0,2.0273972602739727,37.0,37.0
TCGA-78-7152-01,65.0,6.0,1202.0,-23782.0,0.0,0.1601,180.0,2.191780821917808,40.0,40.0
TCGA-78-7153-01,65.0,16.0,3635.0,-23922.0,0.0,0.2107,115.0,1.095890410958904,20.0,40.0
TCGA-78-7154-01,72.0,22.0,,-26481.0,0.0,0.3566,210.0,6.164383561643835,112.5,45.0
TCGA-78-7155-01,68.0,18.0,,-24863.0,0.0,0.4353,1406.0,2.6301369863013697,48.0,48.0
TCGA-78-7156-01,62.0,4.0,,-22720.0,0.0,0.1115,310.0,4.602739726027397,84.0,28.0
TCGA-78-7158-01,59.0,4.0,,-21742.0,0.0,0.1432,249.0,0.7671232876712328,14.0,42.0
TCGA-78-7159-01,60.0,22.0,1974.0,-22261.0,0.0,0.244,304.0,1.1506849315068493,21.0,42.0
TCGA-78-7160-01,61.0,16.0,678.0,-22385.0,0.0,0.0345,49.0,2.4,43.8,35.0
TCGA-78-7161-01,69.0,9.0,215.0,-25294.0,0.0,0.4864,173.0,1.523287671232877,27.8,37.0
TCGA-78-7162-01,75.0,5.0,,-27593.0,0.0,0.0574,73.0,0.6575342465753424,12.0,
TCGA-78-7163-01,60.0,27.0,7248.0,-22002.0,0.0,0.3872,49.0,2.246575342465753,41.0,41.0
TCGA-78-7166-01,84.0,3.0,,-30869.0,0.0,0.0935,194.0,2.0821917808219177,38.0,38.0
TCGA-78-7167-01,77.0,17.0,,-28295.0,0.0,0.4895,103.0,3.506849315068493,64.0,
TCGA-78-7220-01,53.0,28.0,,-19480.0,0.0,0.5333,742.0,1.917808219178082,35.0,
TCGA-78-7535-01,45.0,30.0,,-16571.0,0.0,0.7843,146.0,1.917808219178082,35.0,
TCGA-78-7536-01,69.0,16.0,,-25558.0,0.0,0.7212,594.0,2.410958904109589,44.0,44.0
TCGA-78-7537-01,72.0,2.0,,-26610.0,0.0,0.1285,133.0,1.095890410958904,20.0,40.0
TCGA-78-7539-01,75.0,13.0,791.0,-27445.0,0.0,0.3206,431.0,0.1205479452054794,2.2,28.0
TCGA-78-7540-01,66.0,6.0,881.0,-24440.0,0.0,0.1948,227.0,,,
TCGA-78-7542-01,56.0,28.0,,-20763.0,0.0,0.4019,327.0,3.287671232876712,60.0,
TCGA-78-7633-01,67.0,9.0,994.0,-24713.0,0.0,0.3107,144.0,5.1506849315068495,94.0,47.0
TCGA-78-8640-01,59.0,15.0,7062.0,-21832.0,0.0,0.1728,653.0,2.4657534246575343,45.0,
TCGA-78-8648-01,58.0,,,-21443.0,0.0,0.0,15.0,2.4657534246575343,45.0,
TCGA-78-8655-01,77.0,10.0,2360.0,-28379.0,0.0,0.2619,96.0,0.547945205479452,10.0,20.0
TCGA-78-8660-01,69.0,8.0,,-25422.0,0.0,0.0071,221.0,0.6027397260273972,11.0,51.0
TCGA-78-8662-01,53.0,19.0,,-19563.0,0.0,0.7394,1014.0,2.4657534246575343,45.0,
TCGA-80-5607-01,,3.0,,,,0.099,112.0,0.821917808219178,15.0,20.0
TCGA-80-5608-01,,15.0,2832.0,,,0.4499,342.0,1.4246575342465753,26.0,
TCGA-80-5611-01,,14.0,2595.0,,,0.5728,192.0,3.287671232876712,60.0,
TCGA-83-5908-01,59.0,15.0,824.0,-21760.0,0.0,0.0276,215.0,3.780821917808219,69.0,45.0
TCGA-86-6562-01,52.0,17.0,0.0,-19301.0,0.0,0.3789,52.0,,,
TCGA-86-6851-01,73.0,18.0,179.0,-26808.0,0.0,0.1787,839.0,2.8493150684931505,52.0,
TCGA-86-7701-01,66.0,19.0,947.0,-24209.0,0.0,0.1685,380.0,,,
TCGA-86-7711-01,70.0,16.0,630.0,-25719.0,0.0,0.4361,208.0,2.73972602739726,50.0,
TCGA-86-7713-01,70.0,14.0,1157.0,-25791.0,0.0,0.3677,151.0,,,
TCGA-86-7714-01,61.0,3.0,0.0,-22619.0,0.0,0.0639,67.0,2.356164383561644,43.0,
TCGA-86-7953-01,69.0,24.0,997.0,-25315.0,0.0,0.3506,49.0,,,
TCGA-86-7954-01,68.0,27.0,605.0,-25062.0,0.0,0.2595,186.0,0.4383561643835616,8.0,8.0
TCGA-86-7955-01,62.0,22.0,1072.0,-22772.0,0.0,0.6063,276.0,,,
TCGA-86-8054-01,61.0,19.0,1148.0,-22584.0,0.0,0.6,200.0,0.4931506849315068,9.0,
TCGA-86-8055-01,79.0,20.0,10.0,-29124.0,0.0,0.1831,40.0,3.287671232876712,60.0,
TCGA-86-8056-01,63.0,3.0,139.0,-23369.0,0.0,0.1241,257.0,1.9726027397260275,36.0,12.0
TCGA-86-8073-01,58.0,9.0,740.0,-21214.0,0.0,0.2307,1337.0,2.191780821917808,40.0,
TCGA-86-8074-01,62.0,18.0,24.0,-22862.0,0.0,0.4639,63.0,2.191780821917808,40.0,
TCGA-86-8075-01,66.0,27.0,479.0,-24402.0,0.0,0.2397,50.0,,,
TCGA-86-8076-01,42.0,1.0,993.0,-15605.0,0.0,0.0339,64.0,,,
TCGA-86-8278-01,63.0,8.0,944.0,-23117.0,0.0,0.2129,92.0,,,
TCGA-86-8279-01,46.0,28.0,949.0,-17032.0,0.0,0.5986,458.0,,,
TCGA-86-8280-01,54.0,23.0,701.0,-19977.0,0.0,0.2915,43.0,,,
TCGA-86-8281-01,75.0,3.0,0.0,-27409.0,0.0,0.1486,226.0,1.643835616438356,30.0,30.0
TCGA-86-8358-01,44.0,21.0,653.0,-16409.0,0.0,0.5293,953.0,1.095890410958904,20.0,
TCGA-86-8359-01,52.0,16.0,26.0,-19088.0,0.0,0.3875,146.0,1.9726027397260275,36.0,
TCGA-86-8585-01,57.0,21.0,353.0,-20918.0,0.0,0.082,532.0,,,
TCGA-86-8668-01,61.0,10.0,423.0,-22383.0,0.0,0.189,33.0,,,
TCGA-86-8669-01,64.0,20.0,938.0,-23443.0,0.0,0.2898,118.0,2.5753424657534247,47.0,
TCGA-86-8671-01,72.0,0.0,839.0,-26448.0,0.0,0.0023,34.0,,,
TCGA-86-8672-01,59.0,21.0,15.0,-21682.0,0.0,0.0475,263.0,,,
TCGA-86-8673-01,61.0,30.0,862.0,-22571.0,0.0,0.2147,437.0,2.958904109589041,54.0,
TCGA-86-8674-01,50.0,5.0,806.0,-18479.0,0.0,0.1477,270.0,2.054794520547945,37.5,30.0
TCGA-86-A456-01,78.0,8.0,896.0,-28533.0,0.0,0.03,328.0,,,35.0
TCGA-86-A4D0-01,48.0,10.0,30.0,-17607.0,0.0,0.3059,,,,
TCGA-86-A4JF-01,56.0,18.0,536.0,-20491.0,0.0,0.1097,1229.0,,,
TCGA-86-A4P7-01,63.0,6.0,415.0,-23330.0,0.0,0.0145,66.0,,,
TCGA-86-A4P8-01,59.0,0.0,805.0,-21738.0,0.0,0.0001,,,,
TCGA-91-6828-01,70.0,30.0,323.0,-25870.0,0.0,0.2487,275.0,,,
TCGA-91-6829-01,78.0,17.0,,-28841.0,0.0,0.402,589.0,5.178082191780822,94.5,63.0
TCGA-91-6830-01,65.0,11.0,60.0,-23922.0,0.0,0.0451,243.0,0.6575342465753424,12.0,12.0
TCGA-91-6831-01,66.0,16.0,310.0,-24436.0,0.0,0.459,258.0,,,
TCGA-91-6835-01,81.0,13.0,79.0,-29887.0,0.0,0.0486,79.0,1.36986301369863,25.0,
TCGA-91-6836-01,52.0,20.0,417.0,-19216.0,0.0,0.5486,457.0,2.73972602739726,50.0,
TCGA-91-6840-01,59.0,21.0,372.0,-21854.0,0.0,0.6193,127.0,2.73972602739726,50.0,25.0
TCGA-91-6847-01,62.0,25.0,842.0,-22862.0,0.0,0.5998,67.0,,,
TCGA-91-6848-01,59.0,15.0,224.0,-21829.0,0.0,0.2565,562.0,,,
TCGA-91-6849-01,75.0,4.0,35.0,-27676.0,0.0,0.1555,109.0,1.643835616438356,30.0,30.0
TCGA-91-7771-01,62.0,20.0,492.0,-22926.0,0.0,0.2558,186.0,4.109589041095891,75.0,
TCGA-91-8496-01,63.0,4.0,505.0,-23358.0,0.0,0.2102,31.0,,,
TCGA-91-8497-01,75.0,1.0,174.0,-27632.0,0.0,0.0872,40.0,,,
TCGA-91-8499-01,76.0,16.0,36.0,-27853.0,0.0,0.6447,284.0,4.931506849315069,90.0,
TCGA-91-A4BC-01,59.0,24.0,44.0,-21565.0,0.0,0.0734,401.0,1.643835616438356,30.0,25.0
TCGA-91-A4BD-01,78.0,6.0,603.0,-28544.0,0.0,0.137,17.0,,,
TCGA-93-7347-01,76.0,6.0,683.0,-27949.0,0.0,0.016,106.0,0.6027397260273972,11.0,15.0
TCGA-93-7348-01,75.0,12.0,531.0,-27456.0,0.0,0.0547,103.0,2.3013698630136985,42.0,42.0
TCGA-93-8067-01,77.0,19.0,186.0,-28453.0,0.0,0.3251,451.0,1.095890410958904,20.0,40.0
TCGA-93-A4JN-01,71.0,25.0,718.0,-26273.0,0.0,0.2203,73.0,2.191780821917808,40.0,20.0
TCGA-93-A4JO-01,70.0,16.0,,-25898.0,0.0,0.0324,53.0,2.73972602739726,50.0,50.0
TCGA-93-A4JP-01,64.0,10.0,578.0,-23620.0,0.0,0.0381,54.0,,,
TCGA-93-A4JQ-01,49.0,21.0,526.0,-17951.0,0.0,0.0418,104.0,,,20.0
TCGA-95-7039-01,54.0,19.0,1272.0,-19981.0,0.0,0.4482,1209.0,1.8630136986301369,34.0,
TCGA-95-7043-01,63.0,15.0,37.0,-23165.0,0.0,0.5315,1019.0,2.191780821917808,40.0,39.0
TCGA-95-7562-01,71.0,27.0,,-26000.0,0.0,0.4101,392.0,0.547945205479452,10.0,10.0
TCGA-95-7567-01,61.0,15.0,568.0,-22437.0,0.0,0.3249,845.0,,,41.0
TCGA-95-7944-01,71.0,13.0,377.0,-26003.0,0.0,0.0624,207.0,2.73972602739726,50.0,
TCGA-95-7947-01,67.0,11.0,477.0,-24752.0,0.0,0.4074,476.0,5.47945205479452,100.0,50.0
TCGA-95-7948-01,42.0,17.0,476.0,-15363.0,0.0,0.3733,142.0,0.0082191780821917,0.15,2.0
TCGA-95-8039-01,72.0,9.0,830.0,-26317.0,0.0,0.1139,86.0,,,
TCGA-95-8494-01,67.0,21.0,84.0,-24773.0,0.0,0.4034,90.0,,,
TCGA-95-A4VK-01,74.0,7.0,651.0,-27040.0,0.0,0.1907,222.0,2.4657534246575343,45.0,30.0
TCGA-95-A4VN-01,62.0,27.0,553.0,-22927.0,0.0,0.1669,424.0,2.3013698630136985,42.0,42.0
TCGA-95-A4VP-01,66.0,21.0,605.0,-24130.0,0.0,0.143,114.0,1.095890410958904,20.0,40.0
TCGA-97-7546-01,76.0,6.0,1285.0,-27913.0,0.0,0.0936,252.0,1.36986301369863,25.0,20.0
TCGA-97-7547-01,67.0,17.0,1965.0,-24737.0,0.0,0.348,158.0,1.643835616438356,30.0,
TCGA-97-7552-01,70.0,3.0,1932.0,-25578.0,0.0,0.0037,35.0,2.191780821917808,40.0,
TCGA-97-7553-01,58.0,15.0,1870.0,-21518.0,0.0,0.0369,42.0,1.095890410958904,20.0,
TCGA-97-7554-01,83.0,27.0,775.0,-30327.0,0.0,0.3163,416.0,1.643835616438356,30.0,38.0
TCGA-97-7937-01,65.0,26.0,564.0,-23919.0,0.0,0.4496,444.0,1.917808219178082,35.0,
TCGA-97-7938-01,76.0,7.0,,-27980.0,0.0,0.2176,364.0,2.191780821917808,40.0,
TCGA-97-7941-01,72.0,2.0,484.0,-26298.0,0.0,0.0268,87.0,1.2328767123287672,22.5,25.0
TCGA-97-8171-01,81.0,6.0,568.0,-29627.0,0.0,0.2181,54.0,3.5616438356164384,65.0,
TCGA-97-8172-01,75.0,13.0,545.0,-27416.0,0.0,0.1214,247.0,1.095890410958904,20.0,20.0
TCGA-97-8174-01,67.0,20.0,,-24725.0,0.0,0.2982,158.0,2.191780821917808,40.0,20.0
TCGA-97-8175-01,55.0,8.0,551.0,-20206.0,0.0,0.1336,28.0,,,
TCGA-97-8176-01,63.0,8.0,252.0,-23170.0,0.0,0.1748,138.0,2.191780821917808,40.0,40.0
TCGA-97-8177-01,59.0,19.0,499.0,-21648.0,0.0,0.1677,32.0,,,
TCGA-97-8179-01,72.0,30.0,435.0,-26305.0,0.0,0.4389,151.0,3.287671232876712,60.0,30.0
TCGA-97-8547-01,78.0,10.0,657.0,-28801.0,0.0,0.3273,54.0,,,
TCGA-97-8552-01,55.0,21.0,626.0,-20331.0,0.0,0.3121,23.0,,,
TCGA-97-A4LX-01,81.0,14.0,614.0,-29915.0,0.0,0.0346,150.0,6.575342465753424,120.0,40.0
TCGA-97-A4M0-01,60.0,16.0,652.0,-22206.0,0.0,0.2992,345.0,1.8630136986301369,34.0,34.0
TCGA-97-A4M1-01,52.0,20.0,601.0,-19272.0,0.0,0.2459,39.0,0.1643835616438356,3.0,3.0
TCGA-97-A4M2-01,66.0,1.0,624.0,-24313.0,0.0,0.0002,26.0,5.47945205479452,100.0,
TCGA-97-A4M3-01,69.0,5.0,540.0,-25384.0,0.0,0.237,192.0,2.054794520547945,37.5,25.0
TCGA-97-A4M5-01,83.0,6.0,634.0,-30665.0,0.0,0.0418,144.0,0.3287671232876712,6.0,30.0
TCGA-97-A4M6-01,45.0,9.0,568.0,-16764.0,0.0,0.3427,29.0,,,
TCGA-97-A4M7-01,74.0,9.0,629.0,-27062.0,0.0,0.2386,278.0,2.191780821917808,40.0,20.0
TCGA-99-7458-01,74.0,13.0,747.0,-27359.0,0.0,0.0061,437.0,2.8493150684931505,52.0,52.0
TCGA-99-8025-01,72.0,20.0,1060.0,-26634.0,0.0,0.5108,435.0,1.095890410958904,20.0,40.0
TCGA-99-8028-01,50.0,3.0,1118.0,-18542.0,0.0,0.0181,394.0,1.643835616438356,30.0,30.0
TCGA-99-8032-01,61.0,18.0,44.0,-22635.0,0.0,0.1856,371.0,4.931506849315069,90.0,
TCGA-99-8033-01,74.0,21.0,170.0,-27342.0,0.0,0.093,168.0,,,
TCGA-99-AA5R-01,70.0,0.0,658.0,-25778.0,0.0,0.0007,54.0,2.52054794520548,46.0,
TCGA-J2-8192-01,65.0,16.0,739.0,-23892.0,0.0,0.0667,67.0,,,
TCGA-J2-8194-01,69.0,15.0,724.0,-25441.0,0.0,0.274,141.0,1.095890410958904,20.0,26.0
TCGA-J2-A4AD-01,61.0,8.0,287.0,-22414.0,0.0,0.3196,294.0,6.575342465753424,120.0,
TCGA-J2-A4AE-01,77.0,7.0,1079.0,-28163.0,0.0,0.1859,41.0,,,
TCGA-J2-A4AG-01,66.0,4.0,988.0,-24224.0,0.0,0.0236,83.0,1.36986301369863,25.0,25.0
TCGA-L4-A4E5-01,48.0,17.0,578.0,-17680.0,0.0,0.5246,298.0,1.808219178082192,33.0,33.0
TCGA-L4-A4E6-01,67.0,,435.0,-24631.0,0.0,0.0,10.0,1.643835616438356,30.0,30.0
TCGA-L9-A443-01,63.0,22.0,116.0,-23062.0,0.0,0.3508,233.0,4.931506849315069,90.0,45.0
TCGA-L9-A444-01,60.0,30.0,307.0,-22202.0,0.0,0.3499,493.0,0.547945205479452,10.0,
TCGA-L9-A50W-01,75.0,10.0,266.0,-27414.0,0.0,0.2589,31.0,1.0410958904109588,19.0,19.0
TCGA-L9-A5IP-01,40.0,26.0,,-14681.0,0.0,0.2286,260.0,,,
TCGA-L9-A743-01,56.0,16.0,664.0,-20780.0,0.0,0.0135,117.0,2.219178082191781,40.5,
TCGA-L9-A7SV-01,69.0,19.0,565.0,-25298.0,0.0,0.6218,1393.0,5.095890410958904,93.0,31.0
TCGA-L9-A8F4-01,64.0,23.0,476.0,-23617.0,0.0,0.1304,694.0,0.7671232876712328,14.0,
TCGA-MN-A4N1-01,60.0,23.0,827.0,-21939.0,0.0,0.4939,408.0,,,
TCGA-MN-A4N4-01,57.0,19.0,1175.0,-20888.0,0.0,0.3552,1344.0,,,
TCGA-MN-A4N5-01,63.0,19.0,84.0,-23257.0,0.0,0.4335,402.0,,,40.0
TCGA-MP-A4SV-01,67.0,21.0,,-24516.0,0.0,0.1932,298.0,6.027397260273973,110.0,
TCGA-MP-A4SW-01,53.0,7.0,,-19640.0,0.0,0.2806,60.0,0.821917808219178,15.0,15.0
TCGA-MP-A4SY-01,61.0,9.0,,-22448.0,0.0,0.0944,159.0,2.191780821917808,40.0,
TCGA-MP-A4T2-01,71.0,19.0,,-26010.0,0.0,0.3007,74.0,4.109589041095891,75.0,50.0
TCGA-MP-A4T4-01,68.0,,,-25052.0,0.0,0.0677,353.0,2.73972602739726,50.0,
TCGA-MP-A4T6-01,76.0,,,-27993.0,0.0,0.7107,58.0,2.73972602739726,50.0,
TCGA-MP-A4T7-01,75.0,19.0,,-27603.0,0.0,0.2738,123.0,2.73972602739726,50.0,50.0
TCGA-MP-A4T8-01,68.0,13.0,,-25069.0,0.0,0.3599,108.0,1.36986301369863,25.0,15.0
TCGA-MP-A4T9-01,54.0,10.0,,-19767.0,0.0,0.0198,31.0,1.3150684931506849,24.0,24.0
TCGA-MP-A4TA-01,75.0,11.0,,-27513.0,0.0,0.0176,316.0,3.0136986301369864,55.0,55.0
TCGA-MP-A4TC-01,77.0,12.0,,-28471.0,0.0,0.1356,228.0,6.849315068493151,125.0,32.0
TCGA-MP-A4TD-01,71.0,,,-25983.0,0.0,0.2191,70.0,1.095890410958904,20.0,
TCGA-MP-A4TE-01,56.0,18.0,,-20627.0,0.0,0.4476,124.0,2.191780821917808,40.0,40.0
TCGA-MP-A4TF-01,58.0,28.0,,-21387.0,0.0,0.4141,379.0,2.191780821917808,40.0,40.0
TCGA-MP-A4TH-01,70.0,6.0,741.0,-25759.0,0.0,0.1862,108.0,1.095890410958904,20.0,20.0
TCGA-MP-A4TI-01,72.0,8.0,,-26565.0,0.0,0.0114,207.0,1.917808219178082,35.0,35.0
TCGA-MP-A4TJ-01,62.0,,,-22875.0,0.0,0.0474,84.0,,,
TCGA-MP-A4TK-01,56.0,18.0,,-20581.0,0.0,0.1971,314.0,1.5342465753424657,28.0,28.0
TCGA-MP-A5C7-01,76.0,6.0,2248.0,-28015.0,0.0,0.2166,58.0,0.821917808219178,15.0,15.0
TCGA-NJ-A4YF-01,50.0,18.0,2161.0,-18584.0,0.0,0.6545,547.0,1.643835616438356,30.0,
TCGA-NJ-A4YG-01,65.0,8.0,2261.0,-23812.0,0.0,0.1185,133.0,5.698630136986301,104.0,52.0
TCGA-NJ-A4YI-01,87.0,18.0,,-31867.0,0.0,0.2579,394.0,0.1643835616438356,3.0,40.0
TCGA-NJ-A4YP-01,52.0,8.0,50.0,-19106.0,0.0,0.1272,468.0,3.287671232876712,60.0,
TCGA-NJ-A4YQ-01,69.0,15.0,1432.0,-25427.0,0.0,0.1044,998.0,2.191780821917808,40.0,
TCGA-NJ-A55A-01,76.0,1.0,15.0,-28022.0,0.0,0.0004,99.0,1.36986301369863,25.0,
TCGA-NJ-A55O-01,56.0,,13.0,-20628.0,0.0,0.0194,124.0,1.643835616438356,30.0,
TCGA-NJ-A55R-01,67.0,21.0,603.0,-24738.0,0.0,0.076,232.0,0.273972602739726,5.0,
TCGA-NJ-A7XG-01,49.0,16.0,617.0,-18127.0,0.0,0.4205,27.0,,,
TCGA-O1-A52J-01,74.0,29.0,,-27223.0,0.0,0.5443,153.0,2.4657534246575343,45.0,30.0
TCGA-S2-AA1A-01,68.0,16.0,513.0,-24903.0,0.0,0.0598,103.0,5.205479452054795,95.0,38.0
