run,dim,method,K,jaccard_index,dataset
0,16,UMAP,10,0.32705380716429655,HANCOCK
0,16,UMAP,30,0.3836921655723521,HANCOCK
0,16,UMAP,50,0.43305456501833595,HANCOCK
0,16,PCA,10,0.33452015543442165,HANCOCK
0,16,PCA,30,0.5008210174270084,HANCOCK
0,16,PCA,50,0.589168931202497,HANCOCK
0,16,tSNE,10,0.3792738264768989,HANCOCK
0,16,tSNE,30,0.39887640891519077,HANCOCK
0,16,tSNE,50,0.44278391413459195,HANCOCK
1,16,UMAP,10,0.4279909284017639,HANCOCK
1,16,UMAP,30,0.4684897341557818,HANCOCK
1,16,UMAP,50,0.48752593568749897,HANCOCK
1,16,PCA,10,0.2900029064671648,HANCOCK
1,16,PCA,30,0.4302205518077673,HANCOCK
1,16,PCA,50,0.5074870936941576,HANCOCK
1,16,tSNE,10,0.46529183607544644,HANCOCK
1,16,tSNE,30,0.48610023629931076,HANCOCK
1,16,tSNE,50,0.4991139519184343,HANCOCK
2,16,UMAP,10,0.45463217944847006,HANCOCK
2,16,UMAP,30,0.5346670233973062,HANCOCK
2,16,UMAP,50,0.5681142036153739,HANCOCK
2,16,PCA,10,0.498003271952446,HANCOCK
2,16,PCA,30,0.6328199166493148,HANCOCK
2,16,PCA,50,0.6811811781690259,HANCOCK
2,16,tSNE,10,0.4911256094959417,HANCOCK
2,16,tSNE,30,0.5502552577813183,HANCOCK
2,16,tSNE,50,0.5846241191950705,HANCOCK
3,16,UMAP,10,0.399866839006377,HANCOCK
3,16,UMAP,30,0.4593535054269578,HANCOCK
3,16,UMAP,50,0.4918370510911406,HANCOCK
3,16,PCA,10,0.34025732563158156,HANCOCK
3,16,PCA,30,0.5088378490356468,HANCOCK
3,16,PCA,50,0.6010367080665306,HANCOCK
3,16,tSNE,10,0.44175072869346327,HANCOCK
3,16,tSNE,30,0.46726329149300255,HANCOCK
3,16,tSNE,50,0.49648327669819614,HANCOCK
4,16,UMAP,10,0.49919028547264,HANCOCK
4,16,UMAP,30,0.5164656496774034,HANCOCK
4,16,UMAP,50,0.5431293494321171,HANCOCK
4,16,PCA,10,0.450748795419498,HANCOCK
4,16,PCA,30,0.542297408968461,HANCOCK
4,16,PCA,50,0.6125590761225514,HANCOCK
4,16,tSNE,10,0.5470663299057815,HANCOCK
4,16,tSNE,30,0.5488524374061454,HANCOCK
4,16,tSNE,50,0.5556151566581444,HANCOCK
5,16,UMAP,10,0.5001906906996804,HANCOCK
5,16,UMAP,30,0.5383683820743267,HANCOCK
5,16,UMAP,50,0.5417844021290124,HANCOCK
5,16,PCA,10,0.6006455147230724,HANCOCK
5,16,PCA,30,0.7217444438690994,HANCOCK
5,16,PCA,50,0.7755064194982677,HANCOCK
5,16,tSNE,10,0.5637452848457964,HANCOCK
5,16,tSNE,30,0.6007552917687561,HANCOCK
5,16,tSNE,50,0.5920471369132716,HANCOCK
6,16,UMAP,10,0.4004545743678384,HANCOCK
6,16,UMAP,30,0.43954738716093633,HANCOCK
6,16,UMAP,50,0.47167061992637477,HANCOCK
6,16,PCA,10,0.2840959984182314,HANCOCK
6,16,PCA,30,0.4161004939170418,HANCOCK
6,16,PCA,50,0.4957599676393068,HANCOCK
6,16,tSNE,10,0.44682021756487467,HANCOCK
6,16,tSNE,30,0.4627182655086368,HANCOCK
6,16,tSNE,50,0.4795254731857743,HANCOCK
7,16,UMAP,10,0.3827234351074983,HANCOCK
7,16,UMAP,30,0.3961848704214281,HANCOCK
7,16,UMAP,50,0.41847147101376225,HANCOCK
7,16,PCA,10,0.2235874959105729,HANCOCK
7,16,PCA,30,0.32194370049737775,HANCOCK
7,16,PCA,50,0.3853978861144052,HANCOCK
7,16,tSNE,10,0.42959805269857243,HANCOCK
7,16,tSNE,30,0.4144035106003799,HANCOCK
7,16,tSNE,50,0.4217484005216649,HANCOCK
8,16,UMAP,10,0.31206021131117195,HANCOCK
8,16,UMAP,30,0.3765419569584026,HANCOCK
8,16,UMAP,50,0.4129353931916905,HANCOCK
8,16,PCA,10,0.26805877873238665,HANCOCK
8,16,PCA,30,0.40659390698327497,HANCOCK
8,16,PCA,50,0.47889734607517387,HANCOCK
8,16,tSNE,10,0.3515749048131001,HANCOCK
8,16,tSNE,30,0.389263723706333,HANCOCK
8,16,tSNE,50,0.41734901043445266,HANCOCK
9,16,UMAP,10,0.3634147972601364,HANCOCK
9,16,UMAP,30,0.4260599120763995,HANCOCK
9,16,UMAP,50,0.44198633816128,HANCOCK
9,16,PCA,10,0.30601928196359496,HANCOCK
9,16,PCA,30,0.4361806740181245,HANCOCK
9,16,PCA,50,0.5062629546589317,HANCOCK
9,16,tSNE,10,0.40826984600037036,HANCOCK
9,16,tSNE,30,0.4521316977443596,HANCOCK
9,16,tSNE,50,0.46939979141208155,HANCOCK
0,32,UMAP,10,0.3780614839302438,HANCOCK
0,32,UMAP,30,0.44401793967844444,HANCOCK
0,32,UMAP,50,0.49826932438386773,HANCOCK
0,32,PCA,10,0.3365395808335321,HANCOCK
0,32,PCA,30,0.4978951502834535,HANCOCK
0,32,PCA,50,0.5851349388572011,HANCOCK
0,32,tSNE,10,0.4230362018149755,HANCOCK
0,32,tSNE,30,0.45734609415249,HANCOCK
0,32,tSNE,50,0.49153640847122804,HANCOCK
1,32,UMAP,10,0.40922676384678663,HANCOCK
1,32,UMAP,30,0.46336319960249744,HANCOCK
1,32,UMAP,50,0.48663582976024256,HANCOCK
1,32,PCA,10,0.2831426961409229,HANCOCK
1,32,PCA,30,0.4140055218688392,HANCOCK
1,32,PCA,50,0.4827527215835321,HANCOCK
1,32,tSNE,10,0.4564535472147189,HANCOCK
1,32,tSNE,30,0.48818229040998573,HANCOCK
1,32,tSNE,50,0.5125062695339377,HANCOCK
2,32,UMAP,10,0.4259129024080393,HANCOCK
2,32,UMAP,30,0.48811902647090954,HANCOCK
2,32,UMAP,50,0.5092918635547549,HANCOCK
2,32,PCA,10,0.19648666819683946,HANCOCK
2,32,PCA,30,0.2973853524051968,HANCOCK
2,32,PCA,50,0.35669956829537025,HANCOCK
2,32,tSNE,10,0.48462972219915845,HANCOCK
2,32,tSNE,30,0.513249693157012,HANCOCK
2,32,tSNE,50,0.5193996183046817,HANCOCK
3,32,UMAP,10,0.5319098238951839,HANCOCK
3,32,UMAP,30,0.5286713768056857,HANCOCK
3,32,UMAP,50,0.5224855207810375,HANCOCK
3,32,PCA,10,0.324105899902515,HANCOCK
3,32,PCA,30,0.40698657103619174,HANCOCK
3,32,PCA,50,0.46177581122962774,HANCOCK
3,32,tSNE,10,0.6251234875615579,HANCOCK
3,32,tSNE,30,0.611600748334049,HANCOCK
3,32,tSNE,50,0.592491088366894,HANCOCK
4,32,UMAP,10,0.42355747364795887,HANCOCK
4,32,UMAP,30,0.4459240668352555,HANCOCK
4,32,UMAP,50,0.4556099763587287,HANCOCK
4,32,PCA,10,0.1490622026026917,HANCOCK
4,32,PCA,30,0.24651607159214145,HANCOCK
4,32,PCA,50,0.29368560535853083,HANCOCK
4,32,tSNE,10,0.4727959972757071,HANCOCK
4,32,tSNE,30,0.47559440490743926,HANCOCK
4,32,tSNE,50,0.47719047455513597,HANCOCK
5,32,UMAP,10,0.533004290781762,HANCOCK
5,32,UMAP,30,0.555107441728184,HANCOCK
5,32,UMAP,50,0.567423501308221,HANCOCK
5,32,PCA,10,0.5062499730859107,HANCOCK
5,32,PCA,30,0.5812896592126949,HANCOCK
5,32,PCA,50,0.6351447473415004,HANCOCK
5,32,tSNE,10,0.6057995879814999,HANCOCK
5,32,tSNE,30,0.6241736533408069,HANCOCK
5,32,tSNE,50,0.6297444890017381,HANCOCK
6,32,UMAP,10,0.3922194556666598,HANCOCK
6,32,UMAP,30,0.48276434980621885,HANCOCK
6,32,UMAP,50,0.5330785855814797,HANCOCK
6,32,PCA,10,0.36493595163340214,HANCOCK
6,32,PCA,30,0.5321213431492885,HANCOCK
6,32,PCA,50,0.617384060057278,HANCOCK
6,32,tSNE,10,0.4348349187737864,HANCOCK
6,32,tSNE,30,0.5006144555066395,HANCOCK
6,32,tSNE,50,0.5466822645021174,HANCOCK
7,32,UMAP,10,0.45353574893966614,HANCOCK
7,32,UMAP,30,0.4790110936461212,HANCOCK
7,32,UMAP,50,0.49750559025871494,HANCOCK
7,32,PCA,10,0.20899421179296526,HANCOCK
7,32,PCA,30,0.3015251624403041,HANCOCK
7,32,PCA,50,0.3622022290072807,HANCOCK
7,32,tSNE,10,0.5183634347376136,HANCOCK
7,32,tSNE,30,0.5146474616672664,HANCOCK
7,32,tSNE,50,0.521592200754868,HANCOCK
8,32,UMAP,10,0.37455832400323963,HANCOCK
8,32,UMAP,30,0.4214095632614782,HANCOCK
8,32,UMAP,50,0.46811147201887804,HANCOCK
8,32,PCA,10,0.33469887703522244,HANCOCK
8,32,PCA,30,0.4846532102888491,HANCOCK
8,32,PCA,50,0.5691851561258329,HANCOCK
8,32,tSNE,10,0.4142833457783001,HANCOCK
8,32,tSNE,30,0.4332789647861474,HANCOCK
8,32,tSNE,50,0.4752709250551479,HANCOCK
9,32,UMAP,10,0.4847634926261742,HANCOCK
9,32,UMAP,30,0.5603145892990345,HANCOCK
9,32,UMAP,50,0.6023983262978966,HANCOCK
9,32,PCA,10,0.26224029673932087,HANCOCK
9,32,PCA,30,0.38301370885424935,HANCOCK
9,32,PCA,50,0.46943192156079433,HANCOCK
9,32,tSNE,10,0.5695446111911587,HANCOCK
9,32,tSNE,30,0.6111483324757389,HANCOCK
9,32,tSNE,50,0.6516630697200771,HANCOCK
0,64,UMAP,10,0.3800367589630276,HANCOCK
0,64,UMAP,30,0.4005440100278112,HANCOCK
0,64,UMAP,50,0.39817860123222454,HANCOCK
0,64,PCA,10,0.10082118431513235,HANCOCK
0,64,PCA,30,0.16597635236762012,HANCOCK
0,64,PCA,50,0.21113526070427047,HANCOCK
0,64,tSNE,10,0.4377423243425946,HANCOCK
0,64,tSNE,30,0.4238213680461222,HANCOCK
0,64,tSNE,50,0.40975773732807075,HANCOCK
1,64,UMAP,10,0.35830325777738836,HANCOCK
1,64,UMAP,30,0.405402456091952,HANCOCK
1,64,UMAP,50,0.4210159876815675,HANCOCK
1,64,PCA,10,0.08257859099513964,HANCOCK
1,64,PCA,30,0.14438022205591897,HANCOCK
1,64,PCA,50,0.18839904651247655,HANCOCK
1,64,tSNE,10,0.41721852029156986,HANCOCK
1,64,tSNE,30,0.43094463136350936,HANCOCK
1,64,tSNE,50,0.429103471931202,HANCOCK
2,64,UMAP,10,0.384208904230288,HANCOCK
2,64,UMAP,30,0.4279114076828784,HANCOCK
2,64,UMAP,50,0.4466432822374228,HANCOCK
2,64,PCA,10,0.10990281910533158,HANCOCK
2,64,PCA,30,0.20268046994113173,HANCOCK
2,64,PCA,50,0.24692039257235104,HANCOCK
2,64,tSNE,10,0.42418116618762597,HANCOCK
2,64,tSNE,30,0.4472953104993376,HANCOCK
2,64,tSNE,50,0.44580714349004386,HANCOCK
3,64,UMAP,10,0.4297539649113403,HANCOCK
3,64,UMAP,30,0.4419653442961538,HANCOCK
3,64,UMAP,50,0.4332589289513111,HANCOCK
3,64,PCA,10,0.10955247901634375,HANCOCK
3,64,PCA,30,0.1669039134622673,HANCOCK
3,64,PCA,50,0.21183016190853232,HANCOCK
3,64,tSNE,10,0.48100142000502727,HANCOCK
3,64,tSNE,30,0.453472922215674,HANCOCK
3,64,tSNE,50,0.44455561394924664,HANCOCK
4,64,UMAP,10,0.4059655154445557,HANCOCK
4,64,UMAP,30,0.43960592467755083,HANCOCK
4,64,UMAP,50,0.44639611907393306,HANCOCK
4,64,PCA,10,0.09025806090614633,HANCOCK
4,64,PCA,30,0.1614012848037058,HANCOCK
4,64,PCA,50,0.21704548290042952,HANCOCK
4,64,tSNE,10,0.45539095003284347,HANCOCK
4,64,tSNE,30,0.46060163549529415,HANCOCK
4,64,tSNE,50,0.4559088342003662,HANCOCK
5,64,UMAP,10,0.4095385823045501,HANCOCK
5,64,UMAP,30,0.43288565686283403,HANCOCK
5,64,UMAP,50,0.4254864794837472,HANCOCK
5,64,PCA,10,0.08324637163362417,HANCOCK
5,64,PCA,30,0.13869831824032444,HANCOCK
5,64,PCA,50,0.17898110039455767,HANCOCK
5,64,tSNE,10,0.4514375515383838,HANCOCK
5,64,tSNE,30,0.4400049619096644,HANCOCK
5,64,tSNE,50,0.4261658027072834,HANCOCK
6,64,UMAP,10,0.4657555957003307,HANCOCK
6,64,UMAP,30,0.46199669867828014,HANCOCK
6,64,UMAP,50,0.4602467395572164,HANCOCK
6,64,PCA,10,0.15796335856470003,HANCOCK
6,64,PCA,30,0.22795280950273394,HANCOCK
6,64,PCA,50,0.28151115601475846,HANCOCK
6,64,tSNE,10,0.5337619128515014,HANCOCK
6,64,tSNE,30,0.4907981726484762,HANCOCK
6,64,tSNE,50,0.5103603564960749,HANCOCK
7,64,UMAP,10,0.4116604609515921,HANCOCK
7,64,UMAP,30,0.41923499304842826,HANCOCK
7,64,UMAP,50,0.4201706715242706,HANCOCK
7,64,PCA,10,0.10976042445940883,HANCOCK
7,64,PCA,30,0.16306907199628404,HANCOCK
7,64,PCA,50,0.20358363900107257,HANCOCK
7,64,tSNE,10,0.46193546926761503,HANCOCK
7,64,tSNE,30,0.44240204952354284,HANCOCK
7,64,tSNE,50,0.4354971151623485,HANCOCK
8,64,UMAP,10,0.3713956678129793,HANCOCK
8,64,UMAP,30,0.38350624620158363,HANCOCK
8,64,UMAP,50,0.38616741562142065,HANCOCK
8,64,PCA,10,0.11260672848668742,HANCOCK
8,64,PCA,30,0.17982223322768434,HANCOCK
8,64,PCA,50,0.22797022444943935,HANCOCK
8,64,tSNE,10,0.42074084014505764,HANCOCK
8,64,tSNE,30,0.3978989965559127,HANCOCK
8,64,tSNE,50,0.3951276562452856,HANCOCK
9,64,UMAP,10,0.42726450043988357,HANCOCK
9,64,UMAP,30,0.42753128818888736,HANCOCK
9,64,UMAP,50,0.4471918634118495,HANCOCK
9,64,PCA,10,0.14057105397910188,HANCOCK
9,64,PCA,30,0.20863615170904,HANCOCK
9,64,PCA,50,0.25893413355439193,HANCOCK
9,64,tSNE,10,0.47882631130787945,HANCOCK
9,64,tSNE,30,0.47229992063286375,HANCOCK
9,64,tSNE,50,0.47672012472357933,HANCOCK
0,16,UMAP,10,0.2293913660400777,MIMIC
0,16,UMAP,30,0.2626419323538863,MIMIC
0,16,UMAP,50,0.28291710513884283,MIMIC
0,16,PCA,10,0.04877484633299026,MIMIC
0,16,PCA,30,0.08799740967278227,MIMIC
0,16,PCA,50,0.1141440474454163,MIMIC
0,16,tSNE,10,0.35924688863400717,MIMIC
0,16,tSNE,30,0.32693323566977067,MIMIC
0,16,tSNE,50,0.32846913000797917,MIMIC
1,16,UMAP,10,0.5230344470619206,MIMIC
1,16,UMAP,30,0.5316184528189936,MIMIC
1,16,UMAP,50,0.5322968130301872,MIMIC
1,16,PCA,10,0.4543317336160725,MIMIC
1,16,PCA,30,0.4831757327438434,MIMIC
1,16,PCA,50,0.5063535135773378,MIMIC
1,16,tSNE,10,0.6105927473819945,MIMIC
1,16,tSNE,30,0.609041289780774,MIMIC
1,16,tSNE,50,0.613892011422284,MIMIC
2,16,UMAP,10,0.25700733460440894,MIMIC
2,16,UMAP,30,0.33083352111529774,MIMIC
2,16,UMAP,50,0.36882165561094915,MIMIC
2,16,PCA,10,0.23785136422106057,MIMIC
2,16,PCA,30,0.3491772879692418,MIMIC
2,16,PCA,50,0.39950455612920555,MIMIC
2,16,tSNE,10,0.28481118333461714,MIMIC
2,16,tSNE,30,0.32080252591920444,MIMIC
2,16,tSNE,50,0.34413322377413397,MIMIC
3,16,UMAP,10,0.5214077963774868,MIMIC
3,16,UMAP,30,0.5291138624244754,MIMIC
3,16,UMAP,50,0.490679192394373,MIMIC
3,16,PCA,10,0.5920917459806978,MIMIC
3,16,PCA,30,0.5436677218734772,MIMIC
3,16,PCA,50,0.5237185543113109,MIMIC
3,16,tSNE,10,0.6005344894024028,MIMIC
3,16,tSNE,30,0.6181292243533482,MIMIC
3,16,tSNE,50,0.5890044025663945,MIMIC
4,16,UMAP,10,0.2686878324846392,MIMIC
4,16,UMAP,30,0.30050449697002485,MIMIC
4,16,UMAP,50,0.3210813299305099,MIMIC
4,16,PCA,10,0.07859030418747501,MIMIC
4,16,PCA,30,0.13441242904604267,MIMIC
4,16,PCA,50,0.17062957733286546,MIMIC
4,16,tSNE,10,0.3780537415015168,MIMIC
4,16,tSNE,30,0.35547010601498236,MIMIC
4,16,tSNE,50,0.3563798290341056,MIMIC
5,16,UMAP,10,0.3221380179841463,MIMIC
5,16,UMAP,30,0.38163203183808403,MIMIC
5,16,UMAP,50,0.4209831031184098,MIMIC
5,16,PCA,10,0.161099450361807,MIMIC
5,16,PCA,30,0.2553183842668723,MIMIC
5,16,PCA,50,0.31553198487376827,MIMIC
5,16,tSNE,10,0.415944930789251,MIMIC
5,16,tSNE,30,0.41825538951077357,MIMIC
5,16,tSNE,50,0.4374620091301548,MIMIC
6,16,UMAP,10,0.40973463950225253,MIMIC
6,16,UMAP,30,0.46515284126016165,MIMIC
6,16,UMAP,50,0.4993909134065971,MIMIC
6,16,PCA,10,0.25799928137221634,MIMIC
6,16,PCA,30,0.359895030789193,MIMIC
6,16,PCA,50,0.4198886517250432,MIMIC
6,16,tSNE,10,0.46197597594771783,MIMIC
6,16,tSNE,30,0.4813764515601373,MIMIC
6,16,tSNE,50,0.5000280312918436,MIMIC
7,16,UMAP,10,0.2902574132600268,MIMIC
7,16,UMAP,30,0.34649028967044015,MIMIC
7,16,UMAP,50,0.37975642878991606,MIMIC
7,16,PCA,10,0.14952250470805345,MIMIC
7,16,PCA,30,0.2443125970111923,MIMIC
7,16,PCA,50,0.30313394124822274,MIMIC
7,16,tSNE,10,0.3902689375024864,MIMIC
7,16,tSNE,30,0.3826516826086021,MIMIC
7,16,tSNE,50,0.39418306962668387,MIMIC
8,16,UMAP,10,0.23134968270291337,MIMIC
8,16,UMAP,30,0.2595314281901386,MIMIC
8,16,UMAP,50,0.27426587234221894,MIMIC
8,16,PCA,10,0.04632894418326135,MIMIC
8,16,PCA,30,0.07900345496200581,MIMIC
8,16,PCA,50,0.10180217772285842,MIMIC
8,16,tSNE,10,0.34641114128023354,MIMIC
8,16,tSNE,30,0.31107286137039886,MIMIC
8,16,tSNE,50,0.30560745444758114,MIMIC
9,16,UMAP,10,0.22219047933628802,MIMIC
9,16,UMAP,30,0.2528805209939557,MIMIC
9,16,UMAP,50,0.2685753723137505,MIMIC
9,16,PCA,10,0.04772710752442182,MIMIC
9,16,PCA,30,0.08449721375034287,MIMIC
9,16,PCA,50,0.11018136507029738,MIMIC
9,16,tSNE,10,0.3446455837058419,MIMIC
9,16,tSNE,30,0.31283201258948734,MIMIC
9,16,tSNE,50,0.3069476926800096,MIMIC
0,32,UMAP,10,0.3174660723580698,MIMIC
0,32,UMAP,30,0.34694257759078856,MIMIC
0,32,UMAP,50,0.3548567186668646,MIMIC
0,32,PCA,10,0.08046032492647896,MIMIC
0,32,PCA,30,0.12352502858445925,MIMIC
0,32,PCA,50,0.14784691973285288,MIMIC
0,32,tSNE,10,0.42518413584731635,MIMIC
0,32,tSNE,30,0.40124089614016006,MIMIC
0,32,tSNE,50,0.3875872066404684,MIMIC
1,32,UMAP,10,0.45383428692797584,MIMIC
1,32,UMAP,30,0.46473209938621646,MIMIC
1,32,UMAP,50,0.47209887438068715,MIMIC
1,32,PCA,10,0.2906608360763386,MIMIC
1,32,PCA,30,0.35349052747224774,MIMIC
1,32,PCA,50,0.39947874955102114,MIMIC
1,32,tSNE,10,0.5347468735663338,MIMIC
1,32,tSNE,30,0.5058281408289237,MIMIC
1,32,tSNE,50,0.5037323235898187,MIMIC
2,32,UMAP,10,0.25302726104407497,MIMIC
2,32,UMAP,30,0.2691638468861121,MIMIC
2,32,UMAP,50,0.277350781467414,MIMIC
2,32,PCA,10,0.051984898144189835,MIMIC
2,32,PCA,30,0.0830060426398882,MIMIC
2,32,PCA,50,0.10616023153690174,MIMIC
2,32,tSNE,10,0.3659684191049818,MIMIC
2,32,tSNE,30,0.323557739318176,MIMIC
2,32,tSNE,50,0.3143997940378803,MIMIC
3,32,UMAP,10,0.2286266245695546,MIMIC
3,32,UMAP,30,0.2619951945153152,MIMIC
3,32,UMAP,50,0.2822204647216742,MIMIC
3,32,PCA,10,0.037283617881753585,MIMIC
3,32,PCA,30,0.06335241784450077,MIMIC
3,32,PCA,50,0.08155652129737201,MIMIC
3,32,tSNE,10,0.3307125380463916,MIMIC
3,32,tSNE,30,0.3073784534996525,MIMIC
3,32,tSNE,50,0.3106602085441078,MIMIC
4,32,UMAP,10,0.41064551126260873,MIMIC
4,32,UMAP,30,0.4107731391695841,MIMIC
4,32,UMAP,50,0.40225782117162406,MIMIC
4,32,PCA,10,0.16123654922873798,MIMIC
4,32,PCA,30,0.21373378690578174,MIMIC
4,32,PCA,50,0.24720050132278684,MIMIC
4,32,tSNE,10,0.5083053962246954,MIMIC
4,32,tSNE,30,0.4589607695393187,MIMIC
4,32,tSNE,50,0.43290988113182494,MIMIC
5,32,UMAP,10,0.5232548488251711,MIMIC
5,32,UMAP,30,0.4821225212771712,MIMIC
5,32,UMAP,50,0.4148020491299522,MIMIC
5,32,PCA,10,0.3658338860180294,MIMIC
5,32,PCA,30,0.29921656579789374,MIMIC
5,32,PCA,50,0.27548612707240955,MIMIC
5,32,tSNE,10,0.6187634553595187,MIMIC
5,32,tSNE,30,0.5954583899823118,MIMIC
5,32,tSNE,50,0.5368845285131147,MIMIC
6,32,UMAP,10,0.4513442163274989,MIMIC
6,32,UMAP,30,0.447921823183999,MIMIC
6,32,UMAP,50,0.44828420661279106,MIMIC
6,32,PCA,10,0.22908608127633692,MIMIC
6,32,PCA,30,0.2547561941967515,MIMIC
6,32,PCA,50,0.2790630279018262,MIMIC
6,32,tSNE,10,0.5395764602090586,MIMIC
6,32,tSNE,30,0.5147456233469402,MIMIC
6,32,tSNE,50,0.5030138454064303,MIMIC
7,32,UMAP,10,0.29575906609737895,MIMIC
7,32,UMAP,30,0.3272643104373456,MIMIC
7,32,UMAP,50,0.33921630521786056,MIMIC
7,32,PCA,10,0.06474738119810568,MIMIC
7,32,PCA,30,0.10464489494266321,MIMIC
7,32,PCA,50,0.12806754123661274,MIMIC
7,32,tSNE,10,0.3970797608652408,MIMIC
7,32,tSNE,30,0.3752427682065802,MIMIC
7,32,tSNE,50,0.3677395722772264,MIMIC
8,32,UMAP,10,0.2267916610373212,MIMIC
8,32,UMAP,30,0.25294783072310084,MIMIC
8,32,UMAP,50,0.2674165684225658,MIMIC
8,32,PCA,10,0.036165693627811975,MIMIC
8,32,PCA,30,0.06040407042938158,MIMIC
8,32,PCA,50,0.08005718777387524,MIMIC
8,32,tSNE,10,0.33630630033027104,MIMIC
8,32,tSNE,30,0.31098480070949236,MIMIC
8,32,tSNE,50,0.30611586456751816,MIMIC
9,32,UMAP,10,0.2628057412262066,MIMIC
9,32,UMAP,30,0.29421276656167905,MIMIC
9,32,UMAP,50,0.3051027082216566,MIMIC
9,32,PCA,10,0.04864594402725658,MIMIC
9,32,PCA,30,0.08025674681094697,MIMIC
9,32,PCA,50,0.10204967138681403,MIMIC
9,32,tSNE,10,0.3775255388256386,MIMIC
9,32,tSNE,30,0.34997823188002575,MIMIC
9,32,tSNE,50,0.3468035251285723,MIMIC
0,64,UMAP,10,0.16221148784054135,MIMIC
0,64,UMAP,30,0.18370112499956562,MIMIC
0,64,UMAP,50,0.19420296657108055,MIMIC
0,64,PCA,10,0.02145779836352214,MIMIC
0,64,PCA,30,0.04098530336777136,MIMIC
0,64,PCA,50,0.05538178701424123,MIMIC
0,64,tSNE,10,0.28116074856124107,MIMIC
0,64,tSNE,30,0.2337329951946068,MIMIC
0,64,tSNE,50,0.22313296642965091,MIMIC
1,64,UMAP,10,0.19823148322900813,MIMIC
1,64,UMAP,30,0.22733824701106314,MIMIC
1,64,UMAP,50,0.24573495954895008,MIMIC
1,64,PCA,10,0.03526665317852696,MIMIC
1,64,PCA,30,0.06351465359263973,MIMIC
1,64,PCA,50,0.08396901306641136,MIMIC
1,64,tSNE,10,0.32458659342201596,MIMIC
1,64,tSNE,30,0.2876218592883433,MIMIC
1,64,tSNE,50,0.2837327296202236,MIMIC
2,64,UMAP,10,0.17496980459908465,MIMIC
2,64,UMAP,30,0.19830715300775964,MIMIC
2,64,UMAP,50,0.21003903802073473,MIMIC
2,64,PCA,10,0.029599883112640373,MIMIC
2,64,PCA,30,0.05252388420669089,MIMIC
2,64,PCA,50,0.06988440556907961,MIMIC
2,64,tSNE,10,0.2914796581492614,MIMIC
2,64,tSNE,30,0.24596468890460785,MIMIC
2,64,tSNE,50,0.23841486893988414,MIMIC
3,64,UMAP,10,0.1502834253800173,MIMIC
3,64,UMAP,30,0.17305713936118786,MIMIC
3,64,UMAP,50,0.18521137242188973,MIMIC
3,64,PCA,10,0.019318437528896722,MIMIC
3,64,PCA,30,0.039569303538789374,MIMIC
3,64,PCA,50,0.05405888800450376,MIMIC
3,64,tSNE,10,0.2648425929021757,MIMIC
3,64,tSNE,30,0.2226978813872337,MIMIC
3,64,tSNE,50,0.21577227872213525,MIMIC
4,64,UMAP,10,0.13137740157832534,MIMIC
4,64,UMAP,30,0.1549013423046174,MIMIC
4,64,UMAP,50,0.1682940420819078,MIMIC
4,64,PCA,10,0.016556410199383004,MIMIC
4,64,PCA,30,0.03324301075335059,MIMIC
4,64,PCA,50,0.04600253709565531,MIMIC
4,64,tSNE,10,0.23892502805733692,MIMIC
4,64,tSNE,30,0.20104068028577166,MIMIC
4,64,tSNE,50,0.1979354905159304,MIMIC
5,64,UMAP,10,0.1819565536702263,MIMIC
5,64,UMAP,30,0.19714427117473132,MIMIC
5,64,UMAP,50,0.20896945325608007,MIMIC
5,64,PCA,10,0.026655120603600722,MIMIC
5,64,PCA,30,0.04759635232243492,MIMIC
5,64,PCA,50,0.0642665480952212,MIMIC
5,64,tSNE,10,0.2980307708570858,MIMIC
5,64,tSNE,30,0.24940983301152753,MIMIC
5,64,tSNE,50,0.2426079449687114,MIMIC
6,64,UMAP,10,0.15486086877052335,MIMIC
6,64,UMAP,30,0.18080776726244938,MIMIC
6,64,UMAP,50,0.19382544166910018,MIMIC
6,64,PCA,10,0.016278213689634394,MIMIC
6,64,PCA,30,0.03249233508390624,MIMIC
6,64,PCA,50,0.0440598594894191,MIMIC
6,64,tSNE,10,0.26780414783301,MIMIC
6,64,tSNE,30,0.22473365479087212,MIMIC
6,64,tSNE,50,0.21672147687384238,MIMIC
7,64,UMAP,10,0.1598365450940606,MIMIC
7,64,UMAP,30,0.18710784238632228,MIMIC
7,64,UMAP,50,0.20064854778620464,MIMIC
7,64,PCA,10,0.023664697858926255,MIMIC
7,64,PCA,30,0.04393277764802987,MIMIC
7,64,PCA,50,0.058522857049000426,MIMIC
7,64,tSNE,10,0.27661670879681227,MIMIC
7,64,tSNE,30,0.24000487621516664,MIMIC
7,64,tSNE,50,0.2352753379588418,MIMIC
8,64,UMAP,10,0.23690800953212124,MIMIC
8,64,UMAP,30,0.2536466087618774,MIMIC
8,64,UMAP,50,0.2607441366926996,MIMIC
8,64,PCA,10,0.032271502208974415,MIMIC
8,64,PCA,30,0.05602175005361586,MIMIC
8,64,PCA,50,0.07368310135167522,MIMIC
8,64,tSNE,10,0.3492619029286199,MIMIC
8,64,tSNE,30,0.3054328245887909,MIMIC
8,64,tSNE,50,0.2972663404189823,MIMIC
9,64,UMAP,10,0.17114229660690264,MIMIC
9,64,UMAP,30,0.19968297143589533,MIMIC
9,64,UMAP,50,0.2177255928607156,MIMIC
9,64,PCA,10,0.02788492177802673,MIMIC
9,64,PCA,30,0.052708864816312165,MIMIC
9,64,PCA,50,0.07181110508989468,MIMIC
9,64,tSNE,10,0.2862515756916992,MIMIC
9,64,tSNE,30,0.25550500373591795,MIMIC
9,64,tSNE,50,0.2542636809085893,MIMIC
0,16,UMAP,10,0.4640260134125618,TCGA_LUAD
0,16,UMAP,30,0.4990855710256976,TCGA_LUAD
0,16,UMAP,50,0.5203008939026541,TCGA_LUAD
0,16,PCA,10,0.3235961063664025,TCGA_LUAD
0,16,PCA,30,0.4368271683992259,TCGA_LUAD
0,16,PCA,50,0.5237950091576414,TCGA_LUAD
0,16,tSNE,10,0.4977226446665997,TCGA_LUAD
0,16,tSNE,30,0.545086190343886,TCGA_LUAD
0,16,tSNE,50,0.6088130147254921,TCGA_LUAD
1,16,UMAP,10,0.40640950046342295,TCGA_LUAD
1,16,UMAP,30,0.44143999205747253,TCGA_LUAD
1,16,UMAP,50,0.46444727150914233,TCGA_LUAD
1,16,PCA,10,0.2232970153839543,TCGA_LUAD
1,16,PCA,30,0.3201818024729375,TCGA_LUAD
1,16,PCA,50,0.36823201600223204,TCGA_LUAD
1,16,tSNE,10,0.45338100164484874,TCGA_LUAD
1,16,tSNE,30,0.4926211420300699,TCGA_LUAD
1,16,tSNE,50,0.5297694190887652,TCGA_LUAD
2,16,UMAP,10,0.5156460399598384,TCGA_LUAD
2,16,UMAP,30,0.5368610262599675,TCGA_LUAD
2,16,UMAP,50,0.5884334519279576,TCGA_LUAD
2,16,PCA,10,0.32982064927770494,TCGA_LUAD
2,16,PCA,30,0.429546197642998,TCGA_LUAD
2,16,PCA,50,0.5048299098922797,TCGA_LUAD
2,16,tSNE,10,0.5407123945205535,TCGA_LUAD
2,16,tSNE,30,0.590833178608174,TCGA_LUAD
2,16,tSNE,50,0.6247568899001195,TCGA_LUAD
3,16,UMAP,10,0.43278577479121183,TCGA_LUAD
3,16,UMAP,30,0.4477897864045926,TCGA_LUAD
3,16,UMAP,50,0.5371335548453181,TCGA_LUAD
3,16,PCA,10,0.22908324179670544,TCGA_LUAD
3,16,PCA,30,0.33582570065894113,TCGA_LUAD
3,16,PCA,50,0.42555211758460826,TCGA_LUAD
3,16,tSNE,10,0.4729877184969134,TCGA_LUAD
3,16,tSNE,30,0.5063897682072428,TCGA_LUAD
3,16,tSNE,50,0.5667877698594465,TCGA_LUAD
4,16,UMAP,10,0.4159063373391284,TCGA_LUAD
4,16,UMAP,30,0.4616727345836885,TCGA_LUAD
4,16,UMAP,50,0.534397084575946,TCGA_LUAD
4,16,PCA,10,0.2265351186997305,TCGA_LUAD
4,16,PCA,30,0.33192718634669965,TCGA_LUAD
4,16,PCA,50,0.4084701597799965,TCGA_LUAD
4,16,tSNE,10,0.4703646327720543,TCGA_LUAD
4,16,tSNE,30,0.5143078691123233,TCGA_LUAD
4,16,tSNE,50,0.5611276076849102,TCGA_LUAD
5,16,UMAP,10,0.4941051969626837,TCGA_LUAD
5,16,UMAP,30,0.533241145175644,TCGA_LUAD
5,16,UMAP,50,0.5888956194825339,TCGA_LUAD
5,16,PCA,10,0.339949552241285,TCGA_LUAD
5,16,PCA,30,0.4765300279834493,TCGA_LUAD
5,16,PCA,50,0.562485379347879,TCGA_LUAD
5,16,tSNE,10,0.5376877979917615,TCGA_LUAD
5,16,tSNE,30,0.6018096378309762,TCGA_LUAD
5,16,tSNE,50,0.68140702046779,TCGA_LUAD
6,16,UMAP,10,0.34582609352052185,TCGA_LUAD
6,16,UMAP,30,0.40082503388264984,TCGA_LUAD
6,16,UMAP,50,0.3984192661354157,TCGA_LUAD
6,16,PCA,10,0.1641128166675432,TCGA_LUAD
6,16,PCA,30,0.2734726716495111,TCGA_LUAD
6,16,PCA,50,0.3504337084361869,TCGA_LUAD
6,16,tSNE,10,0.40935662420554497,TCGA_LUAD
6,16,tSNE,30,0.43012729461718613,TCGA_LUAD
6,16,tSNE,50,0.4626473974808413,TCGA_LUAD
7,16,UMAP,10,0.4419763493746909,TCGA_LUAD
7,16,UMAP,30,0.507193554841699,TCGA_LUAD
7,16,UMAP,50,0.5519132595281793,TCGA_LUAD
7,16,PCA,10,0.26102456926965456,TCGA_LUAD
7,16,PCA,30,0.39418611732350217,TCGA_LUAD
7,16,PCA,50,0.4602843280688058,TCGA_LUAD
7,16,tSNE,10,0.4867312983814094,TCGA_LUAD
7,16,tSNE,30,0.5459109278991411,TCGA_LUAD
7,16,tSNE,50,0.5748695251168895,TCGA_LUAD
8,16,UMAP,10,0.39812538312139,TCGA_LUAD
8,16,UMAP,30,0.45917224761283765,TCGA_LUAD
8,16,UMAP,50,0.47232213389234035,TCGA_LUAD
8,16,PCA,10,0.17600764813703362,TCGA_LUAD
8,16,PCA,30,0.23694085068091428,TCGA_LUAD
8,16,PCA,50,0.31080218019892336,TCGA_LUAD
8,16,tSNE,10,0.44929755344347994,TCGA_LUAD
8,16,tSNE,30,0.49685307803335244,TCGA_LUAD
8,16,tSNE,50,0.5206262908370574,TCGA_LUAD
9,16,UMAP,10,0.40450550426865667,TCGA_LUAD
9,16,UMAP,30,0.4513552363162475,TCGA_LUAD
9,16,UMAP,50,0.4678249013944451,TCGA_LUAD
9,16,PCA,10,0.19201311287156225,TCGA_LUAD
9,16,PCA,30,0.2777545206539848,TCGA_LUAD
9,16,PCA,50,0.3477884300016263,TCGA_LUAD
9,16,tSNE,10,0.44144409355712394,TCGA_LUAD
9,16,tSNE,30,0.469256667784265,TCGA_LUAD
9,16,tSNE,50,0.5014354058959266,TCGA_LUAD
0,32,UMAP,10,0.3326980555111811,TCGA_LUAD
0,32,UMAP,30,0.39036502331816086,TCGA_LUAD
0,32,UMAP,50,0.42101759458687116,TCGA_LUAD
0,32,PCA,10,0.13531621193202656,TCGA_LUAD
0,32,PCA,30,0.22485648003038558,TCGA_LUAD
0,32,PCA,50,0.29411551017405513,TCGA_LUAD
0,32,tSNE,10,0.3605164707818713,TCGA_LUAD
0,32,tSNE,30,0.4071849447578717,TCGA_LUAD
0,32,tSNE,50,0.44885362831791775,TCGA_LUAD
1,32,UMAP,10,0.3835337892679073,TCGA_LUAD
1,32,UMAP,30,0.42153689257643884,TCGA_LUAD
1,32,UMAP,50,0.44728668889455814,TCGA_LUAD
1,32,PCA,10,0.1405343935250728,TCGA_LUAD
1,32,PCA,30,0.18882947264899227,TCGA_LUAD
1,32,PCA,50,0.24079847949208308,TCGA_LUAD
1,32,tSNE,10,0.4066890286614274,TCGA_LUAD
1,32,tSNE,30,0.4498630296777802,TCGA_LUAD
1,32,tSNE,50,0.477964095136441,TCGA_LUAD
2,32,UMAP,10,0.40170665005199896,TCGA_LUAD
2,32,UMAP,30,0.44600042442464893,TCGA_LUAD
2,32,UMAP,50,0.43845392746374523,TCGA_LUAD
2,32,PCA,10,0.21249959415785538,TCGA_LUAD
2,32,PCA,30,0.32483303255108004,TCGA_LUAD
2,32,PCA,50,0.3890663241990826,TCGA_LUAD
2,32,tSNE,10,0.40772401310614176,TCGA_LUAD
2,32,tSNE,30,0.4615484050511287,TCGA_LUAD
2,32,tSNE,50,0.4942638231486563,TCGA_LUAD
3,32,UMAP,10,0.33479599558705553,TCGA_LUAD
3,32,UMAP,30,0.3718803717182731,TCGA_LUAD
3,32,UMAP,50,0.3685573380877132,TCGA_LUAD
3,32,PCA,10,0.15545791151721639,TCGA_LUAD
3,32,PCA,30,0.25899588348961206,TCGA_LUAD
3,32,PCA,50,0.32258290231074804,TCGA_LUAD
3,32,tSNE,10,0.35024410003214057,TCGA_LUAD
3,32,tSNE,30,0.4163991330571466,TCGA_LUAD
3,32,tSNE,50,0.447201729107942,TCGA_LUAD
4,32,UMAP,10,0.4037815457560778,TCGA_LUAD
4,32,UMAP,30,0.4423820440260681,TCGA_LUAD
4,32,UMAP,50,0.4644380250007824,TCGA_LUAD
4,32,PCA,10,0.2145256878639259,TCGA_LUAD
4,32,PCA,30,0.3224322755965074,TCGA_LUAD
4,32,PCA,50,0.39859173823589383,TCGA_LUAD
4,32,tSNE,10,0.4373889356057414,TCGA_LUAD
4,32,tSNE,30,0.49275275138058816,TCGA_LUAD
4,32,tSNE,50,0.5217792548203427,TCGA_LUAD
5,32,UMAP,10,0.3837231106742314,TCGA_LUAD
5,32,UMAP,30,0.38582885453752036,TCGA_LUAD
5,32,UMAP,50,0.4159011155907347,TCGA_LUAD
5,32,PCA,10,0.1615196297161421,TCGA_LUAD
5,32,PCA,30,0.2249536449239817,TCGA_LUAD
5,32,PCA,50,0.2891400084046384,TCGA_LUAD
5,32,tSNE,10,0.4150981843030766,TCGA_LUAD
5,32,tSNE,30,0.42204125549283183,TCGA_LUAD
5,32,tSNE,50,0.45658884947594075,TCGA_LUAD
6,32,UMAP,10,0.408626736605929,TCGA_LUAD
6,32,UMAP,30,0.4658847873428112,TCGA_LUAD
6,32,UMAP,50,0.47844378125044407,TCGA_LUAD
6,32,PCA,10,0.17963542730660848,TCGA_LUAD
6,32,PCA,30,0.2632954685987715,TCGA_LUAD
6,32,PCA,50,0.35520035507320313,TCGA_LUAD
6,32,tSNE,10,0.4222166184828504,TCGA_LUAD
6,32,tSNE,30,0.4858504285282398,TCGA_LUAD
6,32,tSNE,50,0.5354435051426102,TCGA_LUAD
7,32,UMAP,10,0.34843113682451166,TCGA_LUAD
7,32,UMAP,30,0.39512641327699666,TCGA_LUAD
7,32,UMAP,50,0.4841866219778944,TCGA_LUAD
7,32,PCA,10,0.19036890194544254,TCGA_LUAD
7,32,PCA,30,0.29283935635167335,TCGA_LUAD
7,32,PCA,50,0.3797943057820359,TCGA_LUAD
7,32,tSNE,10,0.38790434016287045,TCGA_LUAD
7,32,tSNE,30,0.4342507884205824,TCGA_LUAD
7,32,tSNE,50,0.5040404351007206,TCGA_LUAD
8,32,UMAP,10,0.34619849744181047,TCGA_LUAD
8,32,UMAP,30,0.3530608244856155,TCGA_LUAD
8,32,UMAP,50,0.37205795102700334,TCGA_LUAD
8,32,PCA,10,0.13538969824592684,TCGA_LUAD
8,32,PCA,30,0.1982425647086981,TCGA_LUAD
8,32,PCA,50,0.2601585092375174,TCGA_LUAD
8,32,tSNE,10,0.3713628568771388,TCGA_LUAD
8,32,tSNE,30,0.37520562029562443,TCGA_LUAD
8,32,tSNE,50,0.39441683778838643,TCGA_LUAD
9,32,UMAP,10,0.4314490178641958,TCGA_LUAD
9,32,UMAP,30,0.4566079635284007,TCGA_LUAD
9,32,UMAP,50,0.48435766610818737,TCGA_LUAD
9,32,PCA,10,0.2477422459754615,TCGA_LUAD
9,32,PCA,30,0.3602192512289661,TCGA_LUAD
9,32,PCA,50,0.43245108972822166,TCGA_LUAD
9,32,tSNE,10,0.45171675680706513,TCGA_LUAD
9,32,tSNE,30,0.5132321857511191,TCGA_LUAD
9,32,tSNE,50,0.5497890994641733,TCGA_LUAD
0,64,UMAP,10,0.2676963773341045,TCGA_LUAD
0,64,UMAP,30,0.30424363718010183,TCGA_LUAD
0,64,UMAP,50,0.3369102492277729,TCGA_LUAD
0,64,PCA,10,0.11583524573219244,TCGA_LUAD
0,64,PCA,30,0.1702978650894449,TCGA_LUAD
0,64,PCA,50,0.24137688820940148,TCGA_LUAD
0,64,tSNE,10,0.28493166277055176,TCGA_LUAD
0,64,tSNE,30,0.3156522630678274,TCGA_LUAD
0,64,tSNE,50,0.3512729299534737,TCGA_LUAD
1,64,UMAP,10,0.31698495695613044,TCGA_LUAD
1,64,UMAP,30,0.3478743248290638,TCGA_LUAD
1,64,UMAP,50,0.36964183447288956,TCGA_LUAD
1,64,PCA,10,0.10770281350448509,TCGA_LUAD
1,64,PCA,30,0.18656312604922706,TCGA_LUAD
1,64,PCA,50,0.2576651834983588,TCGA_LUAD
1,64,tSNE,10,0.3412210500489554,TCGA_LUAD
1,64,tSNE,30,0.3478586687131047,TCGA_LUAD
1,64,tSNE,50,0.37636896205998,TCGA_LUAD
2,64,UMAP,10,0.2774264161121582,TCGA_LUAD
2,64,UMAP,30,0.2767738239403993,TCGA_LUAD
2,64,UMAP,50,0.30640988674097336,TCGA_LUAD
2,64,PCA,10,0.12507030751815185,TCGA_LUAD
2,64,PCA,30,0.17801357885252478,TCGA_LUAD
2,64,PCA,50,0.21688078284547554,TCGA_LUAD
2,64,tSNE,10,0.28757134966589176,TCGA_LUAD
2,64,tSNE,30,0.3039384185459421,TCGA_LUAD
2,64,tSNE,50,0.34617680005949764,TCGA_LUAD
3,64,UMAP,10,0.30300640589972055,TCGA_LUAD
3,64,UMAP,30,0.32623968028506345,TCGA_LUAD
3,64,UMAP,50,0.3544910076763861,TCGA_LUAD
3,64,PCA,10,0.12020704024636898,TCGA_LUAD
3,64,PCA,30,0.1890187113124317,TCGA_LUAD
3,64,PCA,50,0.2591114534890986,TCGA_LUAD
3,64,tSNE,10,0.32792827871403285,TCGA_LUAD
3,64,tSNE,30,0.3514203652443406,TCGA_LUAD
3,64,tSNE,50,0.38721536285824015,TCGA_LUAD
4,64,UMAP,10,0.2577712117719119,TCGA_LUAD
4,64,UMAP,30,0.28641767306633603,TCGA_LUAD
4,64,UMAP,50,0.3075663809403309,TCGA_LUAD
4,64,PCA,10,0.0999546802572216,TCGA_LUAD
4,64,PCA,30,0.1416355417938979,TCGA_LUAD
4,64,PCA,50,0.19108436191993203,TCGA_LUAD
4,64,tSNE,10,0.27579026692899505,TCGA_LUAD
4,64,tSNE,30,0.28210120005096273,TCGA_LUAD
4,64,tSNE,50,0.31837309842050054,TCGA_LUAD
5,64,UMAP,10,0.2766582821746974,TCGA_LUAD
5,64,UMAP,30,0.29536489091350365,TCGA_LUAD
5,64,UMAP,50,0.3527929086784301,TCGA_LUAD
5,64,PCA,10,0.11618103258970133,TCGA_LUAD
5,64,PCA,30,0.19344743335736642,TCGA_LUAD
5,64,PCA,50,0.2664884771740502,TCGA_LUAD
5,64,tSNE,10,0.2931032845620031,TCGA_LUAD
5,64,tSNE,30,0.31185007587209257,TCGA_LUAD
5,64,tSNE,50,0.36353359260871454,TCGA_LUAD
6,64,UMAP,10,0.3128037484145745,TCGA_LUAD
6,64,UMAP,30,0.33122943263122595,TCGA_LUAD
6,64,UMAP,50,0.3459381487965549,TCGA_LUAD
6,64,PCA,10,0.12261694629267844,TCGA_LUAD
6,64,PCA,30,0.20489081922224658,TCGA_LUAD
6,64,PCA,50,0.27680992857471687,TCGA_LUAD
6,64,tSNE,10,0.33401671613171574,TCGA_LUAD
6,64,tSNE,30,0.35350625300490546,TCGA_LUAD
6,64,tSNE,50,0.3971356049666272,TCGA_LUAD
7,64,UMAP,10,0.33049829819157783,TCGA_LUAD
7,64,UMAP,30,0.34743643560911763,TCGA_LUAD
7,64,UMAP,50,0.36232511793122346,TCGA_LUAD
7,64,PCA,10,0.12998350352850457,TCGA_LUAD
7,64,PCA,30,0.1930589858372003,TCGA_LUAD
7,64,PCA,50,0.25501609505438877,TCGA_LUAD
7,64,tSNE,10,0.34258286955368206,TCGA_LUAD
7,64,tSNE,30,0.3615417833862345,TCGA_LUAD
7,64,tSNE,50,0.3982210987207422,TCGA_LUAD
8,64,UMAP,10,0.30274595305664453,TCGA_LUAD
8,64,UMAP,30,0.3130334592043373,TCGA_LUAD
8,64,UMAP,50,0.37945911897281853,TCGA_LUAD
8,64,PCA,10,0.1379021170398387,TCGA_LUAD
8,64,PCA,30,0.20088655750702794,TCGA_LUAD
8,64,PCA,50,0.24884843964328568,TCGA_LUAD
8,64,tSNE,10,0.3079165679224207,TCGA_LUAD
8,64,tSNE,30,0.32790546037147084,TCGA_LUAD
8,64,tSNE,50,0.3773740851415293,TCGA_LUAD
9,64,UMAP,10,0.3932107709060744,TCGA_LUAD
9,64,UMAP,30,0.4651476504138767,TCGA_LUAD
9,64,UMAP,50,0.5114880751577433,TCGA_LUAD
9,64,PCA,10,0.18696799744481044,TCGA_LUAD
9,64,PCA,30,0.2869929171449234,TCGA_LUAD
9,64,PCA,50,0.35817482542396034,TCGA_LUAD
9,64,tSNE,10,0.4293109909911865,TCGA_LUAD
9,64,tSNE,30,0.5122928437802808,TCGA_LUAD
9,64,tSNE,50,0.5615076528181465,TCGA_LUAD
