method,acc_cat,mae_cont,nmae_cont,na_ratio,run,dataset
POME,0.6508776297771692,300.8074502896189,0.4871212188272992,0.5,9.0,TCGA-LUAD
POME,0.625154130702836,359.53112966723063,0.4262614314740859,0.05,4.0,TCGA-LUAD
POME,0.6856178932900162,318.85323498010115,0.4627185180959593,0.25,7.0,TCGA-LUAD
POME,0.6841440303221731,310.4416733633671,0.379138562099078,0.05,7.0,TCGA-LUAD
POME,0.6650412603150788,277.4026925786792,0.4442375956835263,0.25,8.0,TCGA-LUAD
POME,0.68125,165.842410379312,0.3882869402745059,0.05,6.0,TCGA-LUAD
POME,0.6851385390428212,304.8566818582196,0.4969775061346799,0.05,5.0,TCGA-LUAD
POME,0.6530966861114559,276.2549561071364,0.4413560701997857,0.25,9.0,TCGA-LUAD
POME,0.6585823227903488,293.4820837793156,0.5392579237689987,0.5,0.0,TCGA-LUAD
POME,0.6955974842767295,253.05170673440492,0.4086444493667209,0.05,9.0,TCGA-LUAD
POME,0.6789506558401,273.3669212393312,0.3920681592714452,0.05,3.0,TCGA-LUAD
POME,0.6757257566399012,208.6773744927511,0.407890464326164,0.05,2.0,TCGA-LUAD
POME,0.6592717929435358,319.9005260576664,0.5404828448040492,0.5,1.0,TCGA-LUAD
POME,0.6861404599129894,265.40969550413735,0.3887218520328465,0.05,1.0,TCGA-LUAD
POME,0.6558931802583141,317.3335495137679,0.5333591262716366,0.5,2.0,TCGA-LUAD
POME,0.6707920792079208,447.3121133678379,0.471251680806986,0.05,0.0,TCGA-LUAD
POME,0.6720098643649816,219.63741431552697,0.4402858543006424,0.05,8.0,TCGA-LUAD
POME,0.6633059497137167,292.94230289975525,0.4575863289769006,0.25,6.0,TCGA-LUAD
POME,0.6444735365625585,280.05032839877447,0.534046691633119,0.5,3.0,TCGA-LUAD
POME,0.6796146674953387,207.39848211094508,0.3809130284761416,0.1,5.0,TCGA-LUAD
POME,0.6779217542985297,289.7174723473313,0.4352738008734785,0.25,0.0,TCGA-LUAD
POME,0.6759028642590287,315.51676350916784,0.4055361288792666,0.1,8.0,TCGA-LUAD
POME,0.6703875968992248,260.937243019562,0.4773833748707715,0.1,7.0,TCGA-LUAD
POME,0.6651617757712566,282.2103838763504,0.4509840350791524,0.25,1.0,TCGA-LUAD
POME,0.6788617886178862,343.3647768922307,0.428328913626388,0.1,6.0,TCGA-LUAD
POME,0.6672484727590076,309.49819817898384,0.4381915353593844,0.25,2.0,TCGA-LUAD
POME,0.6708151835718731,319.12218888441885,0.3885912703516387,0.1,4.0,TCGA-LUAD
POME,0.6583307283526102,233.4088649155959,0.4241312539491564,0.1,0.0,TCGA-LUAD
POME,0.6747886623570363,290.48555582683275,0.449914690541586,0.25,3.0,TCGA-LUAD
POME,0.6741502962270034,264.6806621011582,0.4259973458927612,0.1,3.0,TCGA-LUAD
POME,0.674354818601172,226.0341893722141,0.4462773524209902,0.25,4.0,TCGA-LUAD
POME,0.6682286785379569,350.0586070268498,0.4334735911896769,0.1,2.0,TCGA-LUAD
POME,0.6782225023636936,360.31059258596025,0.4176377951280995,0.1,1.0,TCGA-LUAD
POME,0.6790185277916875,324.03451745948075,0.4444997183776046,0.25,5.0,TCGA-LUAD
POME,0.6792452830188679,135.59172034713447,0.3889282523234356,0.01,9.0,TCGA-LUAD
POME,0.6702227800439284,240.57145810496127,0.4334173391634376,0.1,9.0,TCGA-LUAD
POME,0.6418901980446227,305.7824256880149,0.5435039506443436,0.5,6.0,TCGA-LUAD
POME,0.7027863777089783,310.7863596196074,0.474430489931887,0.01,2.0,TCGA-LUAD
POME,0.6846846846846847,482.2619909214424,0.3532272903847507,0.01,0.0,TCGA-LUAD
POME,0.6428660126660872,309.11518647365625,0.5136091556806923,0.5,5.0,TCGA-LUAD
POME,0.6499968744139526,296.5146042983492,0.5017164325254033,0.5,7.0,TCGA-LUAD
POME,0.6790123456790124,563.8356989469371,0.5186057726613265,0.01,8.0,TCGA-LUAD
POME,0.6801242236024845,343.6576224424517,0.4429109900783464,0.01,7.0,TCGA-LUAD
POME,0.6417910447761194,22.27711681154976,0.2727771324306252,0.01,3.0,TCGA-LUAD
POME,0.7436708860759493,162.16030032152983,0.3172730787160876,0.01,6.0,TCGA-LUAD
POME,0.6513043478260869,286.7930086217245,0.5296327481638631,0.5,4.0,TCGA-LUAD
POME,0.6510903426791277,678.6454732844958,0.4229978894163164,0.01,5.0,TCGA-LUAD
POME,0.6369230769230769,637.8128818442299,0.3719456191055997,0.01,4.0,TCGA-LUAD
POME,0.6465253018077187,300.03433885576874,0.5110776046968533,0.5,8.0,TCGA-LUAD
POME,0.5956112852664577,173.91052088949,0.2786269930548799,0.01,1.0,TCGA-LUAD
MissForest,0.6053979757590904,283.1679719359844,0.5913487447171465,0.25,7.0,TCGA-LUAD
MissForest,0.5907692307692308,333.5735836156342,0.4103561404555855,0.01,4.0,TCGA-LUAD
MissForest,0.5883744087627583,262.567828503205,0.5454868476019452,0.25,6.0,TCGA-LUAD
MissForest,0.5807644882860666,147.1314545524298,0.4304190705838859,0.05,8.0,TCGA-LUAD
MissForest,0.583307283526102,205.4310958563766,0.518063537893688,0.1,0.0,TCGA-LUAD
MissForest,0.5912358567231356,278.962305789054,0.5861158829528688,0.5,7.0,TCGA-LUAD
MissForest,0.5863565891472868,204.99534434479716,0.5501200341377301,0.1,7.0,TCGA-LUAD
MissForest,0.5993710691823899,199.2554305377461,0.444339405534736,0.05,9.0,TCGA-LUAD
MissForest,0.5805231641979199,299.22373179151424,0.493711453825008,0.1,1.0,TCGA-LUAD
MissForest,0.5552238805970149,26.392240578816704,0.3468222159022358,0.01,3.0,TCGA-LUAD
MissForest,0.5959790862691398,263.56018633125245,0.5756602246450803,0.5,9.0,TCGA-LUAD
MissForest,0.5924764890282131,130.20086051220653,0.3103922681251957,0.01,1.0,TCGA-LUAD
MissForest,0.5954389253358325,296.82839614692506,0.5296264581887292,0.1,2.0,TCGA-LUAD
MissForest,0.600375234521576,302.29409557351903,0.5240927069407826,0.1,6.0,TCGA-LUAD
MissForest,0.5885799775589079,209.08857624018492,0.5393276271596761,0.25,4.0,TCGA-LUAD
MissForest,0.5961958216401622,246.37897416498765,0.5216397516047926,0.1,3.0,TCGA-LUAD
MissForest,0.5908240867722229,276.39718149380843,0.5256164180500605,0.25,2.0,TCGA-LUAD
MissForest,0.6222910216718266,130.37849962457443,0.4268187059486915,0.01,2.0,TCGA-LUAD
MissForest,0.5936527691350342,320.9397206143168,0.5163034984986345,0.1,4.0,TCGA-LUAD
MissForest,0.5916682304372303,277.849006583257,0.5872572868851735,0.5,8.0,TCGA-LUAD
MissForest,0.5977125808055693,239.6806987221752,0.538614835187515,0.25,3.0,TCGA-LUAD
MissForest,0.5967701552328493,282.23876279377845,0.5719398883366748,0.25,5.0,TCGA-LUAD
MissForest,0.5877719429857464,248.13054539243484,0.5573118553898491,0.25,8.0,TCGA-LUAD
MissForest,0.5898721484081223,290.66218603914706,0.6072487354789969,0.5,6.0,TCGA-LUAD
MissForest,0.5805432722678459,183.2294899996569,0.4030272547860986,0.05,7.0,TCGA-LUAD
MissForest,0.6037735849056604,115.83811414862896,0.3655315157302006,0.01,9.0,TCGA-LUAD
MissForest,0.5864197530864198,207.7450281194545,0.290302988517384,0.01,8.0,TCGA-LUAD
MissForest,0.591047939654635,286.24511932331063,0.6446827085667048,0.5,3.0,TCGA-LUAD
MissForest,0.5961719485409476,172.714934001283,0.5245713704268276,0.1,9.0,TCGA-LUAD
MissForest,0.6045792079207921,330.09099597179096,0.503547494318716,0.05,0.0,TCGA-LUAD
MissForest,0.5944099378881987,283.69819161609075,0.5968296173649459,0.5,4.0,TCGA-LUAD
MissForest,0.595120733761777,277.6105408312661,0.6067937925429486,0.5,2.0,TCGA-LUAD
MissForest,0.600994406463642,220.8580045059979,0.4836264953943226,0.05,1.0,TCGA-LUAD
MissForest,0.5939446797906803,255.00051304273623,0.5433089856075163,0.25,0.0,TCGA-LUAD
MissForest,0.5838509316770186,245.0957637557588,0.5206927727539216,0.01,7.0,TCGA-LUAD
MissForest,0.5966646077825818,178.6623151144513,0.4389626081642275,0.05,2.0,TCGA-LUAD
MissForest,0.5525525525525525,235.77334793628776,0.4533313400920895,0.01,0.0,TCGA-LUAD
MissForest,0.5942219715485367,287.0417684033227,0.5964850812562621,0.5,1.0,TCGA-LUAD
MissForest,0.589631480324797,231.09789449715413,0.4945929759116228,0.05,3.0,TCGA-LUAD
MissForest,0.5946852104805662,272.0246629972203,0.5975923930738658,0.5,5.0,TCGA-LUAD
MissForest,0.5913239154894362,266.8493978051752,0.6074813314865696,0.5,0.0,TCGA-LUAD
MissForest,0.6122071516646116,240.9331887059912,0.4435843817351569,0.05,4.0,TCGA-LUAD
MissForest,0.629746835443038,147.95544036943156,0.4142616739816881,0.01,6.0,TCGA-LUAD
MissForest,0.5896637608966376,235.30929460722092,0.47578680491536,0.1,8.0,TCGA-LUAD
MissForest,0.6076826196473551,250.50458406575987,0.6496730438419883,0.05,5.0,TCGA-LUAD
MissForest,0.5953828968598734,266.30423159812426,0.5682901296872407,0.25,9.0,TCGA-LUAD
MissForest,0.59104589917231,244.44079737786967,0.5719330236978776,0.25,1.0,TCGA-LUAD
MissForest,0.59,125.84827339987858,0.4258984700094033,0.05,6.0,TCGA-LUAD
MissForest,0.5077881619937694,293.33596534563804,0.374287286904483,0.01,5.0,TCGA-LUAD
MissForest,0.6068986948415165,191.6085212913544,0.5510810839862313,0.1,5.0,TCGA-LUAD
KNN,0.5271163196608901,232.2332508486744,0.5408566022004397,0.25,2.0,TCGA-LUAD
KNN,0.5728245985310594,297.5015390234942,0.6958160244615873,0.5,9.0,TCGA-LUAD
KNN,0.5242036619011788,237.42543352443607,0.5982061068990323,0.25,1.0,TCGA-LUAD
KNN,0.5560248447204968,296.3496077921217,0.6865082122921202,0.5,4.0,TCGA-LUAD
KNN,0.5512182993535555,234.15695803032352,0.6124992752018227,0.25,3.0,TCGA-LUAD
KNN,0.5333499563645431,215.1123795087565,0.5910189090852994,0.25,4.0,TCGA-LUAD
KNN,0.5635203602927379,304.2356091236465,0.679582812170401,0.5,8.0,TCGA-LUAD
KNN,0.5329243865798698,239.8285446307761,0.5864518118886229,0.25,5.0,TCGA-LUAD
KNN,0.5392083644510829,247.37339142330205,0.5804899279857562,0.25,6.0,TCGA-LUAD
KNN,0.5604800900168782,307.3717183443594,0.7092932647114552,0.5,7.0,TCGA-LUAD
KNN,0.5402973884793203,273.17911613588774,0.5994462401799185,0.25,7.0,TCGA-LUAD
KNN,0.5260065016254063,207.17361785282756,0.6129468949230443,0.25,8.0,TCGA-LUAD
KNN,0.5260022340821646,257.9915873869245,0.5952421225552506,0.25,9.0,TCGA-LUAD
KNN,0.5682501880170469,307.017887924559,0.7243399442441076,0.5,6.0,TCGA-LUAD
KNN,0.5286568651881386,252.86999073231576,0.569906491027557,0.25,0.0,TCGA-LUAD
KNN,0.5685905872031084,313.9511668260616,0.6686991269313866,0.5,1.0,TCGA-LUAD
KNN,0.5669315782938036,301.8084717259697,0.6665118983438373,0.5,5.0,TCGA-LUAD
KNN,0.574655269233169,319.1562458188826,0.7188287182630054,0.5,2.0,TCGA-LUAD
KNN,0.5708496976497724,289.8356351142706,0.7143317821437571,0.5,3.0,TCGA-LUAD
KNN,0.5695086885860733,289.0160292897415,0.7186345553876193,0.5,0.0,TCGA-LUAD
KNN,0.5015015015015015,329.9374694355651,0.6301958143985603,0.01,0.0,TCGA-LUAD
KNN,0.5258186397984886,254.54140868745048,0.7560450689298187,0.05,5.0,TCGA-LUAD
KNN,0.5235148514851485,394.7993734758456,0.6244712651665008,0.05,0.0,TCGA-LUAD
KNN,0.530188679245283,222.0585751484625,0.5807142510780868,0.05,9.0,TCGA-LUAD
KNN,0.5061652281134402,192.15979870700272,0.6531081016974256,0.05,8.0,TCGA-LUAD
KNN,0.5097915350600126,239.68865125897256,0.5358873871572013,0.05,7.0,TCGA-LUAD
KNN,0.51125,154.056954270014,0.5793048072298491,0.05,6.0,TCGA-LUAD
KNN,0.4932182490752158,321.0400441728568,0.6216708409675046,0.05,4.0,TCGA-LUAD
KNN,0.5146783260462211,240.87296262675804,0.5948393427144748,0.05,3.0,TCGA-LUAD
KNN,0.5293390982087709,219.41597864603423,0.601331099674813,0.05,2.0,TCGA-LUAD
KNN,0.5226848974518334,249.78242614389944,0.5343066427164702,0.05,1.0,TCGA-LUAD
KNN,0.5377358490566038,134.35893796670453,0.5104915596611816,0.01,9.0,TCGA-LUAD
KNN,0.5124487866372518,289.32727492699985,0.5862109811157592,0.1,1.0,TCGA-LUAD
KNN,0.4938271604938271,410.4207735914284,0.7548534981192613,0.01,8.0,TCGA-LUAD
KNN,0.5403726708074534,348.6706528602329,0.6205551807028145,0.01,7.0,TCGA-LUAD
KNN,0.5727848101265823,249.50316871655156,0.8058011165247525,0.01,6.0,TCGA-LUAD
KNN,0.4890965732087227,426.0209313918998,0.5293765936395947,0.01,5.0,TCGA-LUAD
KNN,0.4892307692307692,328.18320958627936,0.6137959244549491,0.01,4.0,TCGA-LUAD
KNN,0.5223880597014925,79.91823182737174,0.6468709573898331,0.01,3.0,TCGA-LUAD
KNN,0.5356037151702786,276.10188179220785,0.6158668009279142,0.01,2.0,TCGA-LUAD
KNN,0.5078369905956113,205.9878148875341,0.5678342988501055,0.01,1.0,TCGA-LUAD
KNN,0.5220381369177868,187.75231604260776,0.6103045658574444,0.1,0.0,TCGA-LUAD
KNN,0.5220633934120572,181.98009997998352,0.5860038619171829,0.1,5.0,TCGA-LUAD
KNN,0.493953488372093,212.0489977511015,0.633851487771538,0.1,7.0,TCGA-LUAD
KNN,0.5032946344524631,150.2171527275527,0.6010412314557939,0.1,9.0,TCGA-LUAD
KNN,0.5313964386129335,300.15966886013945,0.6424306680017898,0.1,2.0,TCGA-LUAD
KNN,0.5156347717323327,241.22548759866245,0.5787911970631027,0.1,6.0,TCGA-LUAD
KNN,0.5366386030558155,259.54671827254106,0.5905590757736506,0.1,3.0,TCGA-LUAD
KNN,0.5336239103362391,231.8603388951827,0.558331268494573,0.1,8.0,TCGA-LUAD
KNN,0.5308027380211574,292.6178325229822,0.5406846546096428,0.1,4.0,TCGA-LUAD
AutoComplete,0.5077213993066498,385.4082648085957,0.7204250955285373,0.1,1.0,TCGA-LUAD
AutoComplete,0.490566037735849,186.62913407764356,0.5839678842567081,0.01,9.0,TCGA-LUAD
AutoComplete,0.5129192546583851,308.00975927895576,0.7130279508718811,0.5,4.0,TCGA-LUAD
AutoComplete,0.5030864197530864,371.77335385366,0.8834429295481989,0.01,8.0,TCGA-LUAD
AutoComplete,0.5168855534709194,361.1652522274623,0.7063698100284326,0.1,6.0,TCGA-LUAD
AutoComplete,0.5341614906832298,426.8050475359101,0.7963616055145545,0.01,7.0,TCGA-LUAD
AutoComplete,0.5253321743449646,298.0505566675815,0.705118002549735,0.5,5.0,TCGA-LUAD
AutoComplete,0.5213813738935295,337.70081563810203,0.696874329456193,0.25,2.0,TCGA-LUAD
AutoComplete,0.5411392405063291,215.2938037639229,0.7053321274245145,0.01,6.0,TCGA-LUAD
AutoComplete,0.4330218068535825,464.5431327804563,0.6669201463122961,0.01,5.0,TCGA-LUAD
AutoComplete,0.5177989471045374,307.1619588256549,0.6956376748446028,0.5,6.0,TCGA-LUAD
AutoComplete,0.5164266566922262,300.1147235871776,0.7161682038107245,0.5,3.0,TCGA-LUAD
AutoComplete,0.5029457364341086,276.6857065026533,0.751043508019689,0.1,7.0,TCGA-LUAD
AutoComplete,0.4892307692307692,574.4488425054508,0.6931595788165494,0.01,4.0,TCGA-LUAD
AutoComplete,0.51628430330687,306.71030599755505,0.7079051830081322,0.5,7.0,TCGA-LUAD
AutoComplete,0.4925373134328358,61.60380401898038,0.6791545525570397,0.01,3.0,TCGA-LUAD
AutoComplete,0.5127915726109857,291.9439011589137,0.7392424691280998,0.25,1.0,TCGA-LUAD
AutoComplete,0.5203602927378495,295.12862768723176,0.6966250589527524,0.5,8.0,TCGA-LUAD
AutoComplete,0.5077399380804953,195.4390653234064,0.6681647026805944,0.01,2.0,TCGA-LUAD
AutoComplete,0.5171232876712328,319.78012599334505,0.7022860779633823,0.1,8.0,TCGA-LUAD
AutoComplete,0.54858934169279,230.2306196008745,0.6017518164823501,0.01,1.0,TCGA-LUAD
AutoComplete,0.5204157848873397,294.22597433206965,0.7060703440151879,0.5,9.0,TCGA-LUAD
AutoComplete,0.5152268489745183,242.03714833555335,0.7211333409391443,0.1,5.0,TCGA-LUAD
AutoComplete,0.525236200895077,287.2670188725375,0.7083276506397026,0.25,3.0,TCGA-LUAD
AutoComplete,0.5433168316831684,451.1482613522785,0.7572964543483944,0.05,0.0,TCGA-LUAD
AutoComplete,0.5332504661280298,296.9031557622942,0.6851808128774005,0.05,1.0,TCGA-LUAD
AutoComplete,0.5108289768483943,305.4591229941427,0.7049530941819272,0.25,6.0,TCGA-LUAD
AutoComplete,0.5148483901219131,284.34323451466645,0.7266564906702888,0.1,0.0,TCGA-LUAD
AutoComplete,0.5140210315473209,331.3933818925996,0.7291852025621915,0.25,5.0,TCGA-LUAD
AutoComplete,0.5163522012578616,287.5085986751675,0.6888874923857765,0.05,9.0,TCGA-LUAD
AutoComplete,0.5215544170935899,337.9098098942967,0.7394347758987655,0.25,7.0,TCGA-LUAD
AutoComplete,0.5220243673851921,375.39659874959705,0.7614581484060043,0.1,2.0,TCGA-LUAD
AutoComplete,0.5203452527743526,255.0070178156878,0.7205749834063079,0.05,8.0,TCGA-LUAD
AutoComplete,0.5090022505626407,300.414733139083,0.724341106755156,0.25,8.0,TCGA-LUAD
AutoComplete,0.5161086544535691,275.02272133592106,0.632606546155292,0.05,7.0,TCGA-LUAD
AutoComplete,0.5179295291549735,305.3434026479699,0.7020849996778693,0.1,3.0,TCGA-LUAD
AutoComplete,0.511875,226.2767938610668,0.685420748684243,0.05,6.0,TCGA-LUAD
AutoComplete,0.5112324686607919,307.1064801208217,0.7228816590878637,0.25,9.0,TCGA-LUAD
AutoComplete,0.5163944645306071,247.46415286028537,0.7084697661395793,0.25,4.0,TCGA-LUAD
AutoComplete,0.5251889168765743,286.32556265404014,0.8014035931386133,0.05,5.0,TCGA-LUAD
AutoComplete,0.5149042987135237,235.88541916152784,0.7409947451451525,0.1,9.0,TCGA-LUAD
AutoComplete,0.5171896487060883,290.42448874529714,0.7157411383046254,0.5,0.0,TCGA-LUAD
AutoComplete,0.5221948212083847,390.36023828882736,0.7125445382607378,0.05,4.0,TCGA-LUAD
AutoComplete,0.5259212991880075,343.9974149636132,0.736725737409016,0.05,3.0,TCGA-LUAD
AutoComplete,0.5160744500846024,320.499041075205,0.7182148841587999,0.5,1.0,TCGA-LUAD
AutoComplete,0.5242688238954574,397.67376635800633,0.7147217235065562,0.1,4.0,TCGA-LUAD
AutoComplete,0.525633106856084,300.2597550052401,0.6936352873170968,0.05,2.0,TCGA-LUAD
AutoComplete,0.5015015015015015,453.8696337412968,0.8104523255586434,0.01,0.0,TCGA-LUAD
AutoComplete,0.5207462407187871,309.0012675694185,0.7114991289347778,0.5,2.0,TCGA-LUAD
AutoComplete,0.5100922003488662,303.00921121912097,0.6965794335682649,0.25,0.0,TCGA-LUAD
POME,0.8667653589933383,163.50763270757335,0.6520744055633441,0.5,9.0,HANCOCK
POME,0.8805289557683539,136.02374276927046,0.5825911222916328,0.05,4.0,HANCOCK
POME,0.879264367816092,145.06090822017225,0.5816823568556614,0.25,7.0,HANCOCK
POME,0.882380073800738,97.23041093283378,0.5426143107760667,0.05,7.0,HANCOCK
POME,0.876861874363956,147.69959843899323,0.5863271652741486,0.25,8.0,HANCOCK
POME,0.8814117647058823,128.47131333045434,0.564157840522522,0.05,6.0,HANCOCK
POME,0.8709827666511412,138.09878290920005,0.5979967407589533,0.05,5.0,HANCOCK
POME,0.8688312886265105,146.1387082504555,0.5948861636392825,0.25,9.0,HANCOCK
POME,0.8607594936708861,167.02121443839212,0.6636566182876709,0.5,0.0,HANCOCK
POME,0.8872572240644244,118.43760015872353,0.5373580909619229,0.05,9.0,HANCOCK
POME,0.8768382352941176,112.01053936545118,0.545803200455996,0.05,3.0,HANCOCK
POME,0.8930555555555556,137.4483721020111,0.5519413581820413,0.05,2.0,HANCOCK
POME,0.8625168143234844,161.27382333726808,0.646147077118182,0.5,1.0,HANCOCK
POME,0.88997668997669,129.07064332790682,0.5591718959759534,0.05,1.0,HANCOCK
POME,0.8687866340517838,157.70745645442744,0.6332189705752254,0.5,2.0,HANCOCK
POME,0.8405456255879586,157.6416191113617,0.5996076930086284,0.05,0.0,HANCOCK
POME,0.883177570093458,116.51422113019088,0.5406680940916904,0.05,8.0,HANCOCK
POME,0.8586715867158672,141.52785488089762,0.6059337840455413,0.25,6.0,HANCOCK
POME,0.8677270631627478,171.03389629792105,0.648325950150814,0.5,3.0,HANCOCK
POME,0.8890675241157556,145.1487347699071,0.5797225065409255,0.1,5.0,HANCOCK
POME,0.8585811934232404,158.80941050414646,0.6179732770741475,0.25,0.0,HANCOCK
POME,0.8795728243581005,131.88355939739455,0.5616864188786566,0.1,8.0,HANCOCK
POME,0.8681574656417423,128.26796905987956,0.5936580123062853,0.1,7.0,HANCOCK
POME,0.8781833226073366,137.51150786290748,0.598572241862014,0.25,1.0,HANCOCK
POME,0.8784874337099378,125.16422835809104,0.5624370233436429,0.1,6.0,HANCOCK
POME,0.8779855582299574,155.2422008473993,0.6039502971947065,0.25,2.0,HANCOCK
POME,0.8781551170261588,157.77117898676065,0.6006739721466943,0.1,4.0,HANCOCK
POME,0.882219190541155,117.31939989766605,0.5429727371655481,0.1,0.0,HANCOCK
POME,0.8566196667277055,149.02732670326128,0.6113168869685643,0.25,3.0,HANCOCK
POME,0.8839551384756237,129.17276807878832,0.5823913838944234,0.1,3.0,HANCOCK
POME,0.875404082386626,146.87617651602227,0.6081704380820022,0.25,4.0,HANCOCK
POME,0.880558789289872,143.06710824433168,0.59037329418396,0.1,2.0,HANCOCK
POME,0.8869604932633022,128.30021280824627,0.5564167113201995,0.1,1.0,HANCOCK
POME,0.8797485904427397,142.23636031578982,0.5861471432101445,0.25,5.0,HANCOCK
POME,0.8452655889145496,144.4544260943034,0.5295190562635029,0.01,9.0,HANCOCK
POME,0.8798000454442172,159.89739546172544,0.5880224923309444,0.1,9.0,HANCOCK
POME,0.8672647381911388,155.23100485470437,0.6375592736650108,0.5,6.0,HANCOCK
POME,0.8552036199095022,220.13223722283897,0.6064520439062602,0.01,2.0,HANCOCK
POME,0.8896247240618101,137.2991406468737,0.5874269786030923,0.01,0.0,HANCOCK
POME,0.8599565398307828,164.515289211121,0.6556102685141103,0.5,5.0,HANCOCK
POME,0.8722577061927242,159.68892259296598,0.6435176321788332,0.5,7.0,HANCOCK
POME,0.8948598130841121,186.79417571225088,0.5074103085989736,0.01,8.0,HANCOCK
POME,0.8868360277136259,117.11586597473593,0.5424903241693932,0.01,7.0,HANCOCK
POME,0.8803611738148984,167.3691177622078,0.581254057004858,0.01,3.0,HANCOCK
POME,0.8914549653579676,112.81154434634183,0.584691812742077,0.01,6.0,HANCOCK
POME,0.867708959711365,155.89505155747366,0.6529626635455457,0.5,4.0,HANCOCK
POME,0.8349056603773585,139.82759106163778,0.5786538803330148,0.01,5.0,HANCOCK
POME,0.9013761467889908,114.3392291560462,0.6164601427349873,0.01,4.0,HANCOCK
POME,0.8675533388750346,162.91238349727013,0.6499760749394009,0.5,8.0,HANCOCK
POME,0.8764845605700713,168.75967702313898,0.4966383403827857,0.01,1.0,HANCOCK
MissForest,0.8609655172413793,151.6693642557709,0.584200662227263,0.25,7.0,HANCOCK
MissForest,0.8692660550458715,106.9649501082278,0.5658889277813194,0.01,4.0,HANCOCK
MissForest,0.8586715867158672,143.00205044089483,0.5881929442784277,0.25,6.0,HANCOCK
MissForest,0.8677570093457944,114.50501380871698,0.4913878461656193,0.05,8.0,HANCOCK
MissForest,0.8583447021373352,123.54283188159536,0.5446770913426049,0.1,0.0,HANCOCK
MissForest,0.8606405628066278,156.84560878873356,0.6110157224944242,0.5,7.0,HANCOCK
MissForest,0.8634987188446308,137.08746838334656,0.5714220481572916,0.1,7.0,HANCOCK
MissForest,0.8465182378019895,115.99230665531746,0.5233437291653881,0.05,9.0,HANCOCK
MissForest,0.8666362183146837,139.33195560229848,0.5478509829381093,0.1,1.0,HANCOCK
MissForest,0.873589164785553,132.5820148176368,0.4962247331153461,0.01,3.0,HANCOCK
MissForest,0.8610751295336787,155.35011272235238,0.6158097373723218,0.5,9.0,HANCOCK
MissForest,0.8551068883610451,134.92211949401866,0.4083690813576661,0.01,1.0,HANCOCK
MissForest,0.8535506402793946,156.51545233362089,0.5828360288000232,0.1,2.0,HANCOCK
MissForest,0.8575051879179156,127.48246185136696,0.5468863276101871,0.1,6.0,HANCOCK
MissForest,0.8582248083494967,160.9587632130175,0.6166918430505011,0.25,4.0,HANCOCK
MissForest,0.8585488670176241,134.19656894756497,0.5706689432233202,0.1,3.0,HANCOCK
MissForest,0.858081836696908,159.7891180651106,0.6012186878227427,0.25,2.0,HANCOCK
MissForest,0.8552036199095022,204.30873492817045,0.5681694183448684,0.01,2.0,HANCOCK
MissForest,0.867370353373107,149.20352301694626,0.5798237353614731,0.1,4.0,HANCOCK
MissForest,0.8596564145192575,157.51901790961188,0.6208710717561102,0.5,8.0,HANCOCK
MissForest,0.8587255081486908,148.4304274706707,0.583470932377015,0.25,3.0,HANCOCK
MissForest,0.858582124041039,147.61043624455124,0.5972223627778959,0.25,5.0,HANCOCK
MissForest,0.8566009806642613,154.49724077681654,0.5884794499266662,0.25,8.0,HANCOCK
MissForest,0.8595752471622117,155.8751163053671,0.6187309914417333,0.5,6.0,HANCOCK
MissForest,0.867619926199262,96.46183886626224,0.5101411167594253,0.05,7.0,HANCOCK
MissForest,0.8452655889145496,127.60765797319291,0.468051397666853,0.01,9.0,HANCOCK
MissForest,0.8714953271028038,157.49394120723218,0.4460944321253424,0.01,8.0,HANCOCK
MissForest,0.8605348086675888,160.8874264078191,0.6214199100769446,0.5,3.0,HANCOCK
MissForest,0.8588957055214724,170.17001221576763,0.5924593766820461,0.1,9.0,HANCOCK
MissForest,0.8405456255879586,145.94065448360718,0.5502617624791551,0.05,0.0,HANCOCK
MissForest,0.8588278828807993,153.61585503656377,0.6128784797206314,0.5,4.0,HANCOCK
MissForest,0.8606636820971985,155.54722865975071,0.6091322825554986,0.5,2.0,HANCOCK
MissForest,0.8652680652680653,130.556039612893,0.5305493646993698,0.05,1.0,HANCOCK
MissForest,0.8588583040827638,156.30378828329515,0.5998586474616766,0.25,0.0,HANCOCK
MissForest,0.8729792147806005,125.2879968556646,0.5181770708865567,0.01,7.0,HANCOCK
MissForest,0.8712962962962963,143.05133821787655,0.540578425852847,0.05,2.0,HANCOCK
MissForest,0.8631346578366446,112.11017412713043,0.5078079450942663,0.01,0.0,HANCOCK
MissForest,0.8596409852033954,162.53746189542295,0.6263876620469282,0.5,1.0,HANCOCK
MissForest,0.8570772058823529,125.44873504603456,0.5345078883973129,0.05,3.0,HANCOCK
MissForest,0.8606038189467844,162.5726031099302,0.6211737697611793,0.5,5.0,HANCOCK
MissForest,0.861542002301496,157.4997913417377,0.6188943234524932,0.5,0.0,HANCOCK
MissForest,0.8609211126310989,129.51166300635313,0.5388566055946599,0.05,4.0,HANCOCK
MissForest,0.8614318706697459,122.35573446943182,0.4721915226440711,0.01,6.0,HANCOCK
MissForest,0.8618495796409907,141.90707780641654,0.5582149534368371,0.1,8.0,HANCOCK
MissForest,0.8630647414997671,147.95474154755868,0.5862962610956903,0.05,5.0,HANCOCK
MissForest,0.8696614703440642,150.07372759981936,0.5901201683020297,0.25,9.0,HANCOCK
MissForest,0.8584168428794704,154.05375369641794,0.5994531713006583,0.25,1.0,HANCOCK
MissForest,0.8583529411764705,130.52034441405695,0.531847100203308,0.05,6.0,HANCOCK
MissForest,0.8066037735849056,145.20665297858284,0.4764767396823511,0.01,5.0,HANCOCK
MissForest,0.8635737253100597,144.85885397960132,0.567699020533492,0.1,5.0,HANCOCK
KNN,0.829938900203666,181.24910520593463,0.6807191536852032,0.25,2.0,HANCOCK
KNN,0.8468726868985936,190.83813905217448,0.6890069770046607,0.5,9.0,HANCOCK
KNN,0.837179369311391,177.21539853345627,0.6825099074537783,0.25,1.0,HANCOCK
KNN,0.8505481289606365,190.96458964544505,0.6857100214619436,0.5,4.0,HANCOCK
KNN,0.8351950192272477,158.2811323036416,0.7052989039603943,0.25,3.0,HANCOCK
KNN,0.8328253440472891,205.282089483045,0.7480830806563155,0.25,4.0,HANCOCK
KNN,0.8466334164588528,198.237808035134,0.7139675630155302,0.5,8.0,HANCOCK
KNN,0.8313152786764026,174.65256196381762,0.7051960227598518,0.25,5.0,HANCOCK
KNN,0.8309963099630996,169.6402965836985,0.6888704838859666,0.25,6.0,HANCOCK
KNN,0.8465703971119134,192.3089635550728,0.7162898800888438,0.5,7.0,HANCOCK
KNN,0.833287356321839,185.10806903489456,0.6883112418350719,0.25,7.0,HANCOCK
KNN,0.8376353039134055,179.58405983217645,0.6918480711467383,0.25,8.0,HANCOCK
KNN,0.8400516557513145,193.1139568336091,0.7180892475787518,0.25,9.0,HANCOCK
KNN,0.8434181618454778,183.83517521399972,0.6932719910841306,0.5,6.0,HANCOCK
KNN,0.8344725660447072,187.50724354975517,0.6873450450339894,0.25,0.0,HANCOCK
KNN,0.842154088779628,194.02991603811464,0.689935000514282,0.5,1.0,HANCOCK
KNN,0.8462249757270331,186.58714224029688,0.6885191251051465,0.5,5.0,HANCOCK
KNN,0.8499561545206997,185.21663903858428,0.6866022101199581,0.5,2.0,HANCOCK
KNN,0.851959428307976,204.30031042398252,0.7146279270880652,0.5,3.0,HANCOCK
KNN,0.8466743383199079,202.5250406469031,0.7152328765680592,0.5,0.0,HANCOCK
KNN,0.8454746136865342,77.75124893153043,0.6431456411070472,0.01,0.0,HANCOCK
KNN,0.8407079646017699,119.00444185160173,0.6310611300160602,0.05,5.0,HANCOCK
KNN,0.8254938852304797,148.8510469328156,0.6443923021190809,0.05,0.0,HANCOCK
KNN,0.8389388915206063,112.71932577578332,0.6012566747097682,0.05,9.0,HANCOCK
KNN,0.8509345794392523,108.3915021669248,0.5906081180508794,0.05,8.0,HANCOCK
KNN,0.8556273062730627,83.93539924563788,0.6079975171204939,0.05,7.0,HANCOCK
KNN,0.848,142.0333264411239,0.6564466742378438,0.05,6.0,HANCOCK
KNN,0.8467852257181943,109.29462768711346,0.6261954222162094,0.05,4.0,HANCOCK
KNN,0.8363970588235294,117.77155747799496,0.6201959185788208,0.05,3.0,HANCOCK
KNN,0.8550925925925926,130.63773140894125,0.61675743233928,0.05,2.0,HANCOCK
KNN,0.84009324009324,113.4904852911117,0.6114154366914484,0.05,1.0,HANCOCK
KNN,0.8314087759815243,91.04006052645244,0.5916818111306552,0.01,9.0,HANCOCK
KNN,0.833980360812971,139.54106479434327,0.6450241792481872,0.1,1.0,HANCOCK
KNN,0.8317757009345794,129.53736717102646,0.5601267786565512,0.01,8.0,HANCOCK
KNN,0.8706697459584296,122.22922846277488,0.6280712492592756,0.01,7.0,HANCOCK
KNN,0.8406466512702079,87.26279465610449,0.6298691121457403,0.01,6.0,HANCOCK
KNN,0.8042452830188679,99.0703761737997,0.5830470431262629,0.01,5.0,HANCOCK
KNN,0.8577981651376146,57.069740021885615,0.6485017591595112,0.01,4.0,HANCOCK
KNN,0.8419864559819413,128.70357906436467,0.6061431052586428,0.01,3.0,HANCOCK
KNN,0.8619909502262444,167.30663787316243,0.6613142936670354,0.01,2.0,HANCOCK
KNN,0.8551068883610451,108.92310480469048,0.4787297721692981,0.01,1.0,HANCOCK
KNN,0.8371987266939518,120.18800470582508,0.628758169306018,0.1,0.0,HANCOCK
KNN,0.8422140560404227,138.7202521226166,0.6394032518901364,0.1,5.0,HANCOCK
KNN,0.8513859771721407,131.3149289890086,0.6621876399458805,0.1,7.0,HANCOCK
KNN,0.8429902294932969,177.21952302334253,0.6982155855944614,0.1,9.0,HANCOCK
KNN,0.839813736903376,133.3470028409285,0.6542433546228265,0.1,2.0,HANCOCK
KNN,0.8466682038275305,128.94286381832822,0.621018912278035,0.1,6.0,HANCOCK
KNN,0.8388647287708858,131.17748105031262,0.6489797026808177,0.1,3.0,HANCOCK
KNN,0.8357191547375596,151.13906814385044,0.6425072399560459,0.1,8.0,HANCOCK
KNN,0.8382285452042221,158.30153003330952,0.6744726650790801,0.1,4.0,HANCOCK
AutoComplete,0.85544644896095,168.0881398075076,0.6395377198469736,0.1,1.0,HANCOCK
AutoComplete,0.8498845265588915,184.3695354214963,0.6607056820095438,0.01,9.0,HANCOCK
AutoComplete,0.8512882186965169,169.43154158571195,0.6691163075438913,0.5,4.0,HANCOCK
AutoComplete,0.8551401869158879,233.02053301326825,0.6421788981624607,0.01,8.0,HANCOCK
AutoComplete,0.8561217431404197,159.9458646754979,0.6511991079165956,0.1,6.0,HANCOCK
AutoComplete,0.8752886836027713,179.74326997732197,0.661827175898301,0.01,7.0,HANCOCK
AutoComplete,0.8515881455453327,177.100020180196,0.667687701034152,0.5,5.0,HANCOCK
AutoComplete,0.8470653582669876,184.24193899809217,0.672313351733636,0.25,2.0,HANCOCK
AutoComplete,0.8614318706697459,167.92242096057137,0.6355315610082174,0.01,6.0,HANCOCK
AutoComplete,0.8113207547169812,197.9037160266148,0.6509972114996595,0.01,5.0,HANCOCK
AutoComplete,0.8495056755767119,175.76921346112857,0.6678929390532026,0.5,6.0,HANCOCK
AutoComplete,0.8500691562932227,176.2641201676688,0.6762621537872051,0.5,3.0,HANCOCK
AutoComplete,0.8548800372699744,171.49659088944895,0.6935040574775785,0.1,7.0,HANCOCK
AutoComplete,0.8738532110091743,165.15086805137437,0.7506206200083649,0.01,4.0,HANCOCK
AutoComplete,0.8495788206979543,172.1601495187566,0.6632488767602325,0.5,7.0,HANCOCK
AutoComplete,0.8419864559819413,210.90044766859523,0.6836120615291782,0.01,3.0,HANCOCK
AutoComplete,0.851337685023444,174.39688861828276,0.6692533277361398,0.25,1.0,HANCOCK
AutoComplete,0.8519442135402235,177.4591582324012,0.6755658585707296,0.5,8.0,HANCOCK
AutoComplete,0.8484162895927602,257.538880850488,0.7398255774485953,0.01,2.0,HANCOCK
AutoComplete,0.8573051579186548,174.72653784023663,0.6662199394527849,0.1,8.0,HANCOCK
AutoComplete,0.8527315914489311,188.6813831572016,0.5583890270376949,0.01,1.0,HANCOCK
AutoComplete,0.8525629163582531,173.68997687776618,0.668632763922327,0.5,9.0,HANCOCK
AutoComplete,0.8559944878272853,177.5769276920917,0.6688682737310595,0.1,5.0,HANCOCK
AutoComplete,0.850119025819447,176.30385921638467,0.6653352446875542,0.25,3.0,HANCOCK
AutoComplete,0.8358419567262465,182.0118086746684,0.6678718440520487,0.05,0.0,HANCOCK
AutoComplete,0.8522144522144522,160.7634732564217,0.645018613395546,0.05,1.0,HANCOCK
AutoComplete,0.8478782287822878,162.61204190140631,0.6643717169938577,0.25,6.0,HANCOCK
AutoComplete,0.849931787175989,148.20212447380692,0.6483333109295191,0.1,0.0,HANCOCK
AutoComplete,0.8507255753766522,179.9004171889178,0.6733805859901312,0.25,5.0,HANCOCK
AutoComplete,0.8403600189483657,145.15207615708016,0.637063794037362,0.05,9.0,HANCOCK
AutoComplete,0.8509425287356321,172.02326368349242,0.6712809998619603,0.25,7.0,HANCOCK
AutoComplete,0.8456344586728755,189.30684054256312,0.6758506137261937,0.1,2.0,HANCOCK
AutoComplete,0.8579439252336448,163.21442264189562,0.6420949613638128,0.05,8.0,HANCOCK
AutoComplete,0.8475344620223888,177.58930062235146,0.6596897131776879,0.25,8.0,HANCOCK
AutoComplete,0.8537822878228782,137.10695684719693,0.6364547209634838,0.05,7.0,HANCOCK
AutoComplete,0.8489356832227054,173.23284581710527,0.6915641449777706,0.1,3.0,HANCOCK
AutoComplete,0.8503529411764705,176.55955443194395,0.6868348968064841,0.05,6.0,HANCOCK
AutoComplete,0.8605294714509731,172.41197856449077,0.6553559849902414,0.25,9.0,HANCOCK
AutoComplete,0.846864320679782,183.2038198886546,0.6989105407584136,0.25,4.0,HANCOCK
AutoComplete,0.8500232883092688,191.19100316285068,0.7172140659650185,0.05,5.0,HANCOCK
AutoComplete,0.847307430129516,201.75828682281357,0.6950407961863297,0.1,9.0,HANCOCK
AutoComplete,0.8533947065592635,179.70402498069538,0.6773717637793533,0.5,0.0,HANCOCK
AutoComplete,0.8476972184222527,171.45172917207066,0.6552828608003092,0.05,4.0,HANCOCK
AutoComplete,0.8469669117647058,165.29903722108932,0.676409854630684,0.05,3.0,HANCOCK
AutoComplete,0.8486478964701517,177.37628263347025,0.670643414413171,0.5,1.0,HANCOCK
AutoComplete,0.8577329050022946,187.63631046766304,0.6921173535976491,0.1,4.0,HANCOCK
AutoComplete,0.8629629629629629,171.70345137009795,0.6356778205360751,0.05,2.0,HANCOCK
AutoComplete,0.8432671081677704,143.87807783216684,0.6823174689994855,0.01,0.0,HANCOCK
AutoComplete,0.8520791987815572,177.61113905725537,0.6668742606421836,0.5,2.0,HANCOCK
AutoComplete,0.8512839460557916,181.36141419394696,0.6701364728130493,0.25,0.0,HANCOCK
POME,0.8724630996309963,15.018772579341444,8.164848497356475,0.5,9.0,MIMIC IV
POME,0.8901345291479821,14.950210477159668,17.88160386349822,0.05,4.0,MIMIC IV
POME,0.8738379814077025,13.872572916593674,13.45299729202734,0.25,7.0,MIMIC IV
POME,0.8983833718244804,14.255748010534472,9.643782869808977,0.05,7.0,MIMIC IV
POME,0.8812056737588653,15.351226885844092,14.23546811547242,0.25,8.0,MIMIC IV
POME,0.9026548672566372,14.051891694353838,5.168826038651255,0.05,6.0,MIMIC IV
POME,0.8883720930232558,15.468036368630184,8.50287665851119,0.05,5.0,MIMIC IV
POME,0.889589905362776,15.55426628940022,13.456162760651766,0.25,9.0,MIMIC IV
POME,0.8700974835638178,16.160387771944563,10.75587705414443,0.5,0.0,MIMIC IV
POME,0.862144420131291,14.184374823700766,8.141383338345795,0.05,9.0,MIMIC IV
POME,0.9037974683544304,15.353221341419438,18.1674335190098,0.05,3.0,MIMIC IV
POME,0.8819599109131403,13.128197267195144,18.705621492479537,0.05,2.0,MIMIC IV
POME,0.8621923937360179,16.248375437194273,10.514278222485714,0.5,1.0,MIMIC IV
POME,0.9013452914798208,14.510752464101886,18.804084233812453,0.05,1.0,MIMIC IV
POME,0.8743181818181818,15.075956253082262,9.70100111604493,0.5,2.0,MIMIC IV
POME,0.879492600422833,14.64419852621102,10.8980817486134,0.05,0.0,MIMIC IV
POME,0.8982300884955752,14.190423713707665,27.63529459229237,0.05,8.0,MIMIC IV
POME,0.890877346137058,16.167622064105462,12.98279879265275,0.25,6.0,MIMIC IV
POME,0.8770454545454546,15.732154553889032,12.982958839901778,0.5,3.0,MIMIC IV
POME,0.8759358288770054,14.926014279326736,6.423134457518831,0.1,5.0,MIMIC IV
POME,0.883110906580764,15.837234033718376,11.534195686602574,0.25,0.0,MIMIC IV
POME,0.8731762065095399,14.350646279037251,9.43942879576629,0.1,8.0,MIMIC IV
POME,0.875,15.244495134267831,7.54826895135836,0.1,7.0,MIMIC IV
POME,0.8739495798319328,14.726931274552436,11.984837965527763,0.25,1.0,MIMIC IV
POME,0.8844444444444445,17.062540050425184,17.655138938622553,0.1,6.0,MIMIC IV
POME,0.8776546629732225,15.924234904593662,7.201004204087367,0.25,2.0,MIMIC IV
POME,0.8656884875846501,16.561877308124963,6.119398628069961,0.1,4.0,MIMIC IV
POME,0.8631221719457014,15.258858520337284,1.7889110764640153,0.1,0.0,MIMIC IV
POME,0.8781038374717833,15.987216458625996,6.086370954486437,0.25,3.0,MIMIC IV
POME,0.8828125,14.615576805582403,3.969480523132261,0.1,3.0,MIMIC IV
POME,0.8832531700918234,15.301240576297294,10.771849716565416,0.25,4.0,MIMIC IV
POME,0.8780487804878049,16.074202411238264,15.730726525522591,0.1,2.0,MIMIC IV
POME,0.8831018518518519,16.836592429938968,17.471366583098355,0.1,1.0,MIMIC IV
POME,0.8781493357764544,14.939544843812174,8.235052914475778,0.25,5.0,MIMIC IV
POME,0.8625,18.517979129441954,2.094986263303131,0.01,9.0,MIMIC IV
POME,0.9067415730337078,14.628007738374732,11.872535053669449,0.1,9.0,MIMIC IV
POME,0.8704535249214189,15.151337438319386,10.406255287195748,0.5,6.0,MIMIC IV
POME,0.9069767441860463,14.47947803234969,2.636778599621516,0.01,2.0,MIMIC IV
POME,0.8089887640449438,14.985651784498073,3.2766702403186407,0.01,0.0,MIMIC IV
POME,0.8781793842034806,15.61485606149496,9.231620228627168,0.5,5.0,MIMIC IV
POME,0.8604385564184559,16.041839023866395,11.513049603510408,0.5,7.0,MIMIC IV
POME,0.9102564102564102,12.768383674995787,1.177970547049735,0.01,8.0,MIMIC IV
POME,0.8953488372093024,14.80833298943259,12.118186903430855,0.01,7.0,MIMIC IV
POME,0.9473684210526316,14.528611022958977,2.545470218334708,0.01,3.0,MIMIC IV
POME,0.8717948717948718,16.670580601928936,1.9724525430781548,0.01,6.0,MIMIC IV
POME,0.874573960463531,15.384072111560242,10.549399742566852,0.5,4.0,MIMIC IV
POME,0.8666666666666667,11.898350128884674,3.570891241310312,0.01,5.0,MIMIC IV
POME,0.90625,20.348124402396245,1.879596603834588,0.01,4.0,MIMIC IV
POME,0.8780375974323704,15.778635574062628,13.964861242694052,0.5,8.0,MIMIC IV
POME,0.7941176470588235,18.52997857124215,4.087687658069356,0.01,1.0,MIMIC IV
MissForest,0.8685258964143426,12.288639281577808,14.921376482008668,0.25,7.0,MIMIC IV
MissForest,0.8854166666666666,18.586385930039334,1.99313028812396,0.01,4.0,MIMIC IV
MissForest,0.8707987778262767,14.225631029411236,12.845395749680636,0.25,6.0,MIMIC IV
MissForest,0.8827433628318584,12.524751695268296,25.107058411440956,0.05,8.0,MIMIC IV
MissForest,0.8518099547511312,13.2728358144179,5.036909227622597,0.1,0.0,MIMIC IV
MissForest,0.8663773412517131,14.83045354436474,12.115122612246523,0.5,7.0,MIMIC IV
MissForest,0.8596491228070176,12.873732895925086,11.159193537033309,0.1,7.0,MIMIC IV
MissForest,0.8643326039387309,11.416350442148094,11.945699654308214,0.05,9.0,MIMIC IV
MissForest,0.8703703703703703,14.354378240625763,18.808092043261148,0.1,1.0,MIMIC IV
MissForest,0.9385964912280702,10.878223638700607,1.1627953650093017,0.01,3.0,MIMIC IV
MissForest,0.8752306273062731,13.882298471978029,7.339874428032655,0.5,9.0,MIMIC IV
MissForest,0.803921568627451,14.386810407542413,1.8341204094229708,0.01,1.0,MIMIC IV
MissForest,0.8603104212860311,13.471309230203312,15.01186383677912,0.1,2.0,MIMIC IV
MissForest,0.8666666666666667,14.94300914538236,18.52360583030276,0.1,6.0,MIMIC IV
MissForest,0.8670747704416266,13.341200791889747,11.46673028793356,0.25,4.0,MIMIC IV
MissForest,0.8694196428571429,12.284936853664185,4.482019609995643,0.1,3.0,MIMIC IV
MissForest,0.8614958448753463,14.066885746657436,8.342820857112377,0.25,2.0,MIMIC IV
MissForest,0.8488372093023255,13.595125080796825,4.262164067843556,0.01,2.0,MIMIC IV
MissForest,0.8623024830699775,14.05426336871396,7.387442322777479,0.1,4.0,MIMIC IV
MissForest,0.8677212287941312,14.36198720526595,13.376902789457532,0.5,8.0,MIMIC IV
MissForest,0.8659142212189617,14.307407894222449,7.89165635080915,0.25,3.0,MIMIC IV
MissForest,0.8685295464956482,13.224505900786497,9.791575389835549,0.25,5.0,MIMIC IV
MissForest,0.8763297872340425,13.397693707254222,14.348506201595884,0.25,8.0,MIMIC IV
MissForest,0.8648405927256398,13.6746614636282,10.110641908973449,0.5,6.0,MIMIC IV
MissForest,0.8799076212471132,11.661911201410575,14.941476372968063,0.05,7.0,MIMIC IV
MissForest,0.85,15.12924412596018,1.768644588377975,0.01,9.0,MIMIC IV
MissForest,0.8846153846153846,10.061186102372002,2.020581362421243,0.01,8.0,MIMIC IV
MissForest,0.8715909090909091,14.7238126687616,12.919172761690865,0.5,3.0,MIMIC IV
MissForest,0.8876404494382022,12.170823456167714,14.625598900963007,0.1,9.0,MIMIC IV
MissForest,0.8604651162790697,12.167784094126953,13.19355860847136,0.05,0.0,MIMIC IV
MissForest,0.8677573278800272,14.19453724352286,10.635492600068224,0.5,4.0,MIMIC IV
MissForest,0.8656818181818182,14.141625662682747,10.918889738449812,0.5,2.0,MIMIC IV
MissForest,0.8811659192825112,12.023473724909934,16.980145442573097,0.05,1.0,MIMIC IV
MissForest,0.8656235618959963,14.316763038189618,12.951505300772869,0.25,0.0,MIMIC IV
MissForest,0.8604651162790697,12.8265554510688,22.467085586861803,0.01,7.0,MIMIC IV
MissForest,0.8619153674832962,11.2838521496336,20.557405688470425,0.05,2.0,MIMIC IV
MissForest,0.7865168539325843,13.45895540290192,1.2877891513575612,0.01,0.0,MIMIC IV
MissForest,0.8595078299776286,15.34899065151112,10.324393298038348,0.5,1.0,MIMIC IV
MissForest,0.8810126582278481,12.378754028791503,12.76856473028652,0.05,3.0,MIMIC IV
MissForest,0.8710397144132084,14.495697471772576,8.51081519876033,0.5,5.0,MIMIC IV
MissForest,0.8680571299025165,15.127938668859947,11.830270894829704,0.5,0.0,MIMIC IV
MissForest,0.8946188340807175,12.673479147353651,18.338438481778,0.05,4.0,MIMIC IV
MissForest,0.8589743589743589,14.949996597594428,2.3036585406391223,0.01,6.0,MIMIC IV
MissForest,0.8630751964085297,12.08529346495772,11.203902235065078,0.1,8.0,MIMIC IV
MissForest,0.8744186046511628,13.612831471500986,9.349520364973737,0.05,5.0,MIMIC IV
MissForest,0.868409193330329,13.862716337781428,13.943224581975551,0.25,9.0,MIMIC IV
MissForest,0.8637770897832817,12.854875387910662,12.532937647723385,0.25,1.0,MIMIC IV
MissForest,0.8738938053097345,11.858707774660123,5.664541540829117,0.05,6.0,MIMIC IV
MissForest,0.8666666666666667,10.1497922480369,13.109902746938696,0.01,5.0,MIMIC IV
MissForest,0.8449197860962567,12.599169511560468,8.797085157391374,0.1,5.0,MIMIC IV
KNN,0.8601108033240997,17.244917275171783,9.943132233695245,0.25,2.0,MIMIC IV
KNN,0.8660055350553506,17.06606030108579,10.148601720458595,0.5,9.0,MIMIC IV
KNN,0.8602388323750553,17.415016487391835,18.52115909453556,0.25,1.0,MIMIC IV
KNN,0.8627584639854579,17.76093029059795,15.50912512243224,0.5,4.0,MIMIC IV
KNN,0.8654627539503386,17.65992437162051,13.53300835321739,0.25,3.0,MIMIC IV
KNN,0.8622649759510276,16.708161937560426,20.382386910505428,0.25,4.0,MIMIC IV
KNN,0.8601558917927556,17.862187171958613,15.576162751162528,0.5,8.0,MIMIC IV
KNN,0.8685295464956482,16.734937031141406,17.479281542690675,0.25,5.0,MIMIC IV
KNN,0.870362287210825,17.889742247429314,16.688776075325634,0.25,6.0,MIMIC IV
KNN,0.8647784376427593,18.608024341476177,14.40296360384327,0.5,7.0,MIMIC IV
KNN,0.8596724214254094,15.529730474224213,18.599674507435516,0.25,7.0,MIMIC IV
KNN,0.8674645390070922,17.173700381256342,17.2398113960174,0.25,8.0,MIMIC IV
KNN,0.8693105002253267,17.189247503014393,23.99118875475796,0.25,9.0,MIMIC IV
KNN,0.8630444544229906,18.922256405432805,13.499945042134602,0.5,6.0,MIMIC IV
KNN,0.8656235618959963,17.717269027174538,13.083095121062064,0.25,0.0,MIMIC IV
KNN,0.8548098434004474,18.055070123723915,20.04144036737551,0.5,1.0,MIMIC IV
KNN,0.8668005354752343,18.35585468288298,14.805592434701804,0.5,5.0,MIMIC IV
KNN,0.8643181818181818,18.02595800347057,20.699212112926357,0.5,2.0,MIMIC IV
KNN,0.8677272727272727,18.6836993411374,15.094757189054524,0.5,3.0,MIMIC IV
KNN,0.8664701881659488,18.91921752871055,13.786787700852978,0.5,0.0,MIMIC IV
KNN,0.7752808988764045,16.24859688259653,17.499962754957487,0.01,0.0,MIMIC IV
KNN,0.8744186046511628,16.676375943972662,21.41097866259953,0.05,5.0,MIMIC IV
KNN,0.8668076109936576,16.20249640146081,22.84638846948823,0.05,0.0,MIMIC IV
KNN,0.8643326039387309,14.674228408736322,8.378397278980266,0.05,9.0,MIMIC IV
KNN,0.8849557522123894,14.962718970951965,31.116957686214747,0.05,8.0,MIMIC IV
KNN,0.8799076212471132,16.171989882452163,16.124874902033483,0.05,7.0,MIMIC IV
KNN,0.8716814159292036,15.15815521552018,5.912513243109143,0.05,6.0,MIMIC IV
KNN,0.8923766816143498,15.92315463421514,29.97839689687841,0.05,4.0,MIMIC IV
KNN,0.8810126582278481,16.089984254862117,32.017398146270054,0.05,3.0,MIMIC IV
KNN,0.8552338530066815,13.722705723971536,27.89836266222239,0.05,2.0,MIMIC IV
KNN,0.8654708520179372,15.955037516935931,26.97791787580469,0.05,1.0,MIMIC IV
KNN,0.85,17.71989088034621,12.109855660537113,0.01,9.0,MIMIC IV
KNN,0.8668981481481481,17.61154996684323,19.03960821388292,0.1,1.0,MIMIC IV
KNN,0.8846153846153846,13.359258611420715,18.242272512803364,0.01,8.0,MIMIC IV
KNN,0.8372093023255814,12.749948272254956,11.32333951697176,0.01,7.0,MIMIC IV
KNN,0.8589743589743589,17.121360384735002,20.665351807016787,0.01,6.0,MIMIC IV
KNN,0.8666666666666667,12.801296445384214,0.7401383766210753,0.01,5.0,MIMIC IV
KNN,0.8854166666666666,21.09881628167844,0.8484585512279539,0.01,4.0,MIMIC IV
KNN,0.9385964912280702,16.011628745447187,9.120259857588538,0.01,3.0,MIMIC IV
KNN,0.8488372093023255,15.308154902608146,0.8746597417966461,0.01,2.0,MIMIC IV
KNN,0.803921568627451,18.353268116563036,0.8897909500102937,0.01,1.0,MIMIC IV
KNN,0.8518099547511312,16.708103205238466,8.758272005580503,0.1,0.0,MIMIC IV
KNN,0.8481283422459893,16.018392305492604,17.39460885494767,0.1,5.0,MIMIC IV
KNN,0.8607456140350878,16.967998074374094,12.460308378759755,0.1,7.0,MIMIC IV
KNN,0.8865168539325843,16.10715249244524,19.458365925775677,0.1,9.0,MIMIC IV
KNN,0.8558758314855875,17.308047908282294,18.95109354646544,0.1,2.0,MIMIC IV
KNN,0.8633333333333333,18.186931736325644,22.23973257102623,0.1,6.0,MIMIC IV
KNN,0.8683035714285714,15.620039043557185,7.5352888199888035,0.1,3.0,MIMIC IV
KNN,0.8619528619528619,16.62988385180682,15.960944684807396,0.1,8.0,MIMIC IV
KNN,0.863431151241535,17.549652833784656,24.31936839935176,0.1,4.0,MIMIC IV
AutoComplete,0.8854166666666666,17.511830980322326,25.44737773782312,0.1,1.0,MIMIC IV
AutoComplete,0.8625,18.49195072681085,21.295172666014057,0.01,9.0,MIMIC IV
AutoComplete,0.8777550556691661,18.95744603176951,19.48278551847133,0.5,4.0,MIMIC IV
AutoComplete,0.9102564102564102,15.333260094984192,12.208578509246609,0.01,8.0,MIMIC IV
AutoComplete,0.8666666666666667,20.765944422188696,24.391272519020216,0.1,6.0,MIMIC IV
AutoComplete,0.8837209302325582,16.75236467697594,30.809441346271747,0.01,7.0,MIMIC IV
AutoComplete,0.8817492190986167,17.201362322832086,22.07872370835603,0.5,5.0,MIMIC IV
AutoComplete,0.8790397045244691,16.852247141928704,19.028925503161897,0.25,2.0,MIMIC IV
AutoComplete,0.8589743589743589,16.96739465444994,16.495148840809804,0.01,6.0,MIMIC IV
AutoComplete,0.8666666666666667,14.746122524322407,9.870792900613116,0.01,5.0,MIMIC IV
AutoComplete,0.8758419398293669,21.473700167894645,17.07415760746429,0.5,6.0,MIMIC IV
AutoComplete,0.8815909090909091,38.65739969901975,17.880926541856358,0.5,3.0,MIMIC IV
AutoComplete,0.8760964912280702,16.061491487212628,18.40147898874363,0.1,7.0,MIMIC IV
AutoComplete,0.8958333333333334,20.444714950701123,12.5274473785316,0.01,4.0,MIMIC IV
AutoComplete,0.8764275925079945,17.614379671052212,19.92264574289581,0.5,7.0,MIMIC IV
AutoComplete,0.9385964912280702,15.484463218765692,14.100141815395755,0.01,3.0,MIMIC IV
AutoComplete,0.8779301194161875,18.653038802341644,20.04546554954648,0.25,1.0,MIMIC IV
AutoComplete,0.8780375974323704,17.46400066770709,19.13266892817684,0.5,8.0,MIMIC IV
AutoComplete,0.9069767441860463,15.466275052205573,15.5668605139874,0.01,2.0,MIMIC IV
AutoComplete,0.8754208754208754,16.025811465888754,17.218580470738544,0.1,8.0,MIMIC IV
AutoComplete,0.803921568627451,16.926930205857886,2.234107925822848,0.01,1.0,MIMIC IV
AutoComplete,0.8890682656826568,16.72049179223198,21.82336558934226,0.5,9.0,MIMIC IV
AutoComplete,0.8748663101604278,15.990124214139268,18.77950508199762,0.1,5.0,MIMIC IV
AutoComplete,0.8830699774266366,17.364242069173784,17.326863621055026,0.25,3.0,MIMIC IV
AutoComplete,0.8837209302325582,15.643495150014676,24.361946394968776,0.05,0.0,MIMIC IV
AutoComplete,0.899103139013453,16.186248942829366,27.377359348519835,0.05,1.0,MIMIC IV
AutoComplete,0.8900043649061545,19.280690262581032,37.516778639779176,0.25,6.0,MIMIC IV
AutoComplete,0.8778280542986425,17.105981333059937,11.968914960675908,0.1,0.0,MIMIC IV
AutoComplete,0.885936784241869,18.166174808148828,63.80659516981664,0.25,5.0,MIMIC IV
AutoComplete,0.8862144420131292,15.009673442271756,19.645680410400274,0.05,9.0,MIMIC IV
AutoComplete,0.8826914563966357,17.154372687264946,82.11445767883565,0.25,7.0,MIMIC IV
AutoComplete,0.8824833702882483,17.55672042606671,26.55279320408239,0.1,2.0,MIMIC IV
AutoComplete,0.90929203539823,15.369038830694642,37.07312391873295,0.05,8.0,MIMIC IV
AutoComplete,0.8976063829787234,16.878529576313866,21.00706426966899,0.25,8.0,MIMIC IV
AutoComplete,0.9053117782909932,14.549794052981,19.9291592001201,0.05,7.0,MIMIC IV
AutoComplete,0.8895089285714286,15.624495861714443,15.449014516202023,0.1,3.0,MIMIC IV
AutoComplete,0.8915929203539823,15.09152409440857,16.595637956551865,0.05,6.0,MIMIC IV
AutoComplete,0.8909418657052727,16.678403248966227,23.690194108910138,0.25,9.0,MIMIC IV
AutoComplete,0.8867512024486226,16.832043128801217,21.628455022865232,0.25,4.0,MIMIC IV
AutoComplete,0.8860465116279069,17.516399850311497,16.98002050906537,0.05,5.0,MIMIC IV
AutoComplete,0.9101123595505618,16.046220613032098,22.878114499745426,0.1,9.0,MIMIC IV
AutoComplete,0.8784856041713897,23.045348539769417,19.992509289346582,0.5,0.0,MIMIC IV
AutoComplete,0.8946188340807175,19.90822738249272,21.826867441835187,0.05,4.0,MIMIC IV
AutoComplete,0.9012658227848102,15.619752844813387,26.74566391756386,0.05,3.0,MIMIC IV
AutoComplete,0.8700223713646532,17.792122237152316,22.56637428296194,0.5,1.0,MIMIC IV
AutoComplete,0.873589164785553,17.283146883576936,20.278166489390244,0.1,4.0,MIMIC IV
AutoComplete,0.8819599109131403,18.147838618027915,94.90365813022473,0.05,2.0,MIMIC IV
AutoComplete,0.8202247191011236,16.482825178025106,19.17912221184912,0.01,0.0,MIMIC IV
AutoComplete,0.8656818181818182,25.52751949379886,31.25496963100786,0.5,2.0,MIMIC IV
AutoComplete,0.883571099861942,17.152426802615242,21.56877000848447,0.25,0.0,MIMIC IV
