patient_id,dim_0,dim_1,dim_2,dim_3,dim_4,dim_5,dim_6,dim_7,dim_8,dim_9,dim_10,dim_11,dim_12,dim_13,dim_14,dim_15
531,6.882457,5.953836,4.501445,6.215702,3.466278,5.892052,5.1483903,3.9931307,4.640466,3.3837671,5.1430516,4.2628045,4.194311,3.3475401,4.786976,4.149188
466,6.6085625,6.4199324,5.5726767,6.5735097,3.4978063,6.668685,5.2893057,4.1631618,3.3719,3.3760087,5.7919126,4.7838664,4.721657,2.8581362,5.655142,4.141026
185,7.459847,5.314009,4.93446,6.357694,3.8622642,5.695789,5.122726,3.8903098,4.155001,3.7688975,5.041403,4.5331974,4.294027,3.4758973,5.3280463,4.008809
52,6.215896,3.974817,5.1772747,7.6194086,4.8261476,6.7403984,6.3038917,4.622212,4.388252,4.8915052,4.4424577,3.9150038,5.8355055,4.4562197,4.859443,4.7283883
157,7.524576,5.2702365,4.9592876,6.2582383,3.8997204,5.547562,5.1195216,3.8835938,4.3152037,3.72246,5.006528,4.422928,4.290293,3.571887,5.333919,4.085955
19,8.072383,5.605246,5.908318,6.6294904,3.3274,6.4092884,5.038438,3.8155496,3.2898893,3.329713,5.834832,4.7925444,4.293171,3.2722194,5.861594,4.3015146
407,6.2211237,3.7429245,5.1304183,7.619013,5.0374203,6.4585867,6.0443563,4.526829,4.430844,4.843965,4.445472,3.7002332,5.5003495,4.642971,4.888345,4.9832597
75,6.146438,5.3481407,3.9673724,7.099304,4.0573964,6.510583,6.615193,4.4699783,4.992801,4.8697214,4.17981,4.0833645,5.7508597,3.4568331,4.27696,4.084766
336,7.223476,5.3132277,4.5988,6.3062687,3.8224154,5.562369,5.195122,3.9250224,4.5680985,3.8403037,4.826636,4.2954965,4.1592555,3.6198843,5.039504,4.0882816
91,5.755781,6.019673,4.3611846,7.4494133,4.12896,6.5799046,6.140342,4.38697,4.5670342,4.2118044,4.8898435,3.9814599,5.5040636,3.5206323,4.4123797,4.225362
224,6.3212395,6.772264,5.6485915,6.4447246,3.331732,6.8001294,5.158408,4.0357037,3.408666,2.9698956,6.1301785,4.875482,4.574846,2.7234762,5.646939,4.2813168
757,7.2603197,6.241309,5.9334483,6.6370945,3.3937068,6.80578,5.1583166,4.0159917,3.3855293,3.103572,6.0230613,4.8835106,4.594916,2.9605699,5.9928055,4.431386
706,5.323969,4.1886587,4.9433155,7.6156883,5.170291,6.615923,6.0331745,4.618238,4.8117194,4.4724565,4.612454,3.7053297,5.627772,4.6113973,4.8250656,4.938876
234,7.790382,5.1488614,5.58278,6.8159785,4.0050497,5.9132414,5.1731954,4.0605984,3.2941968,4.150291,5.1462493,4.605887,4.6258965,3.575972,5.494244,3.9374907
13,6.8960896,6.053966,5.489316,6.6550403,3.6839974,6.532559,5.405614,4.11624,3.4574943,3.7034125,5.5223317,4.8857183,4.7486076,3.0131292,5.718524,4.043179
569,6.3155856,6.6565933,5.439152,6.495945,3.339424,6.6831393,5.248498,4.08169,3.491867,3.1759157,5.96202,4.796166,4.6702394,2.762085,5.47645,4.148309
146,6.087271,5.762256,4.367165,7.420335,4.0126004,6.406019,6.145277,4.2820344,4.523851,4.512074,4.676651,3.9056282,5.4022384,3.5891614,4.410415,4.26645
404,6.3526196,5.190029,3.9807408,7.186514,3.9881668,6.2886133,6.487036,4.3426323,4.993423,4.8837986,4.124739,3.8173144,5.51297,3.7325323,4.1188793,4.195869
405,6.231376,5.476049,4.257814,7.5319495,4.1374807,6.6700583,6.5903826,4.460537,4.584383,4.783584,4.4390483,4.0280924,5.854468,3.6042783,4.3333097,4.122056
457,7.031715,6.40753,5.8841925,6.537044,3.3044703,6.826773,5.1449003,4.019429,3.4002535,3.0222538,6.0582232,4.8779764,4.531013,2.858584,5.947159,4.393651
353,7.1716633,5.732145,4.3527985,6.117874,3.6160583,5.395839,5.075243,3.8655946,4.797405,3.5639992,4.858232,4.248307,4.0095673,3.4435012,4.8003316,3.959075
99,7.528559,5.4305873,4.5866528,6.2494535,3.5423107,5.5574737,5.233843,3.8511734,4.5338,3.8039286,4.770081,4.300187,4.029877,3.583669,4.910624,3.878238
163,8.202728,5.440952,5.762796,6.125282,2.6279278,6.282253,4.9101653,3.576838,3.3073022,3.0641768,5.797118,4.8409348,3.4412847,3.273746,6.008535,4.068264
144,8.41379,5.075577,5.6187534,6.2480083,3.4680827,5.8488336,4.944878,3.6131017,3.723824,3.8119798,5.167083,4.9826827,3.8431878,3.3708756,6.0325074,4.003568
491,6.279978,3.8959131,4.8899703,7.8334436,4.9113255,6.517904,6.2478213,4.539094,4.6091332,4.9779296,4.242511,3.4047706,5.5505443,4.6383743,4.48316,4.983593
110,5.9963613,5.935773,4.1863647,7.094734,3.9394317,6.3997784,6.140538,4.308244,4.7895727,4.2487164,4.6824436,4.0632777,5.3162365,3.443696,4.4664574,4.1299863
574,6.5934706,6.530153,5.586013,6.5106516,3.4282513,6.7189293,5.239124,4.111973,3.574522,3.1925392,5.834303,4.7659917,4.6159577,2.8545291,5.718167,4.2675676
399,6.3901477,3.5306535,5.038896,7.6901093,5.0844965,6.6288853,6.3248534,4.6105704,4.419114,5.0877666,4.2576632,3.5931032,5.759942,4.662926,4.858675,4.957809
641,6.0516253,3.7870593,4.9850106,7.393089,4.770863,6.4124227,6.2421017,4.543213,4.706604,4.87949,4.210055,3.7017114,5.632442,4.635804,4.751449,4.895557
64,6.8074183,5.5404315,4.2451954,7.598455,3.8305254,6.4621115,6.55482,4.2853417,4.3491826,5.0331917,4.317385,4.0681205,5.6915326,3.5965526,4.2343054,3.942739
420,5.932339,3.6274407,4.969382,7.7617216,5.166976,6.4909997,6.1579804,4.574563,4.6826324,4.9199324,4.290585,3.4078305,5.586127,4.8292027,4.660102,5.146748
137,7.0808687,6.3560424,5.8157983,6.550378,3.2701607,6.7752914,5.1919074,4.046355,3.266975,3.1209438,6.02828,4.867449,4.536972,2.861325,5.899115,4.2526903
238,5.4745526,4.423069,5.081357,7.6780014,5.010608,6.766617,6.1218295,4.6122165,4.6046915,4.4738183,4.6890626,3.8190162,5.706186,4.4885798,4.8996267,4.8166194
74,6.2563815,5.419321,4.093475,7.4808125,4.0741806,6.552962,6.639811,4.430138,4.7004824,5.003415,4.2576556,3.9895487,5.833272,3.547364,4.2002163,4.081085
335,6.819886,6.132154,5.4091125,6.576333,3.5952895,6.4898725,5.354055,4.087309,3.555889,3.582374,5.550324,4.810946,4.6497307,3.0098026,5.637737,4.0635533
496,7.1482916,5.811202,4.364259,6.2030716,3.5714428,5.554722,5.2065287,3.897246,4.7258353,3.6231205,4.8251634,4.2889533,4.107285,3.4085746,4.758385,3.8619518
615,8.319901,5.3152328,5.959047,6.615682,3.4154649,6.258381,5.014161,3.7941232,3.1750104,3.5429516,5.6637325,4.8572273,4.2060146,3.362261,5.9333706,4.188753
758,5.818376,5.8712564,4.184743,7.389548,4.188796,6.68114,6.374553,4.483459,4.6934123,4.4288063,4.6879883,4.0984535,5.7074656,3.43718,4.372165,4.1046586
652,6.2837515,3.973367,5.1925406,7.626605,4.8056254,6.695227,6.251904,4.594133,4.3663645,4.8890276,4.454015,3.9136477,5.7663074,4.4686418,4.8375,4.748392
230,6.8705525,5.6744137,4.2850614,7.532803,3.8430233,6.499694,6.4610724,4.2545156,4.303461,4.801784,4.4687686,4.0240765,5.59331,3.5489438,4.2718925,4.0431204
718,6.6154284,6.6526065,5.7593293,6.6678376,3.4987803,6.857724,5.2089787,4.2122035,3.535101,3.11178,5.9276137,4.6372366,4.776478,2.8771539,5.7429185,4.427265
707,5.831093,6.063039,4.3266807,7.475179,4.1797667,6.7702203,6.3060317,4.5105343,4.4910517,4.299475,4.8636217,4.166285,5.7365093,3.3558142,4.385487,4.067009
374,6.7126355,6.022036,4.571388,6.461007,3.6477745,6.021481,5.3927374,4.0744634,4.467685,3.6423912,5.073996,4.3638997,4.5046153,3.278559,4.9099894,4.0098577
651,8.157527,5.3536673,5.6070466,6.1887956,2.8341448,6.1907134,5.0562572,3.6220388,3.4352658,3.3495774,5.5534225,4.82259,3.6137202,3.3026893,5.90792,3.998023
543,5.378173,4.142181,4.9311447,7.7331967,5.184762,6.6695347,6.0682907,4.6474533,4.8059278,4.5611806,4.5838423,3.6108608,5.6681557,4.668055,4.7247157,4.984425
216,8.019929,5.3847957,5.615419,6.240783,2.9562707,6.1772776,4.9905796,3.7033398,3.5465403,3.33289,5.525448,4.7116776,3.6785755,3.3644776,5.8410225,4.1013336
443,5.7374,3.8569179,5.1095166,7.550068,4.9759526,6.596977,6.1676674,4.6300464,4.705705,4.7227197,4.4018965,3.7237191,5.692142,4.684435,4.8339143,4.912579
639,6.2664804,6.6701117,5.3912544,6.4943852,3.366225,6.670548,5.2631874,4.0991735,3.5517442,3.1883085,5.924711,4.758426,4.6756787,2.775979,5.4501376,4.1624303
367,6.115115,3.9410102,5.1505947,7.612747,4.872596,6.804044,6.3824587,4.6703725,4.440857,4.899111,4.41181,3.8773775,5.930217,4.4651875,4.88733,4.703425
579,7.1533747,6.0606427,5.750324,6.6579638,3.61454,6.620182,5.283314,4.034869,3.3305957,3.5478888,5.704628,4.999964,4.6812496,2.9857166,5.930299,4.1643844
642,7.832192,5.0691757,5.838968,6.824826,4.0083256,6.0472407,5.0913725,4.0290475,3.1898932,4.127627,5.206485,4.6787043,4.6109996,3.5517628,5.6585765,4.0441
585,5.340238,4.2206244,4.874973,7.956518,5.285003,6.7628417,6.1402793,4.654882,4.793507,4.638281,4.5893197,3.4707367,5.736785,4.735896,4.5985713,5.0744953
366,7.474111,5.3346095,4.7649965,6.2511563,3.537336,5.728018,5.3663087,3.8331409,4.4036636,3.9175906,4.797271,4.4836864,4.0496583,3.512013,5.2880063,3.9595006
568,6.2646813,3.7661762,5.090021,7.822567,5.019146,6.697741,6.288467,4.629056,4.447106,5.008096,4.376786,3.646732,5.778752,4.66014,4.6576233,4.9473014
538,8.3076315,5.344167,5.794078,6.1920886,3.0602896,6.140808,4.976592,3.6040418,3.3600848,3.486074,5.5257335,5.0393734,3.7039168,3.2350535,6.1919317,4.0110693
712,5.4936795,4.600183,4.7249627,7.598809,4.999774,6.647242,6.0402455,4.60066,4.759179,4.4250636,4.685346,3.728956,5.609391,4.3084135,4.709032,4.756783
495,8.312765,5.1548996,5.5257487,6.1417465,3.450833,5.86294,5.0553646,3.612744,3.7633777,3.9103959,5.043325,5.108595,3.7958415,3.2818694,6.1554976,3.873365
564,6.5276065,5.3937354,4.1521115,7.633425,3.9386702,6.374401,6.523316,4.277676,4.505532,5.18013,4.2278886,3.8108604,5.664161,3.6111562,4.0867987,4.1545906
11,7.337146,5.7251163,5.65034,6.7274947,3.8717284,6.3796363,5.336754,4.0827065,3.2849205,3.9785538,5.3638835,4.9922605,4.7451096,3.1359403,5.8930726,3.9747276
357,6.5138516,5.5446777,4.357791,7.7141843,3.9648967,6.4472585,6.4155927,4.2772994,4.263477,5.089772,4.428006,3.9234283,5.6653614,3.5381472,4.241136,4.1227202
724,7.8215117,5.2240524,5.7535806,6.925057,4.0573587,6.119923,5.2805705,4.0873165,3.016649,4.235839,5.2932425,4.8069243,4.809912,3.436713,5.719944,3.9236293
461,7.3552976,5.5501933,5.754246,6.924629,4.0851393,6.2461157,5.2125483,4.164242,3.0492246,4.0705795,5.409394,4.794748,4.9170876,3.3213022,5.6304355,3.9947662
499,6.8124166,6.5282474,5.806513,6.459441,3.2492461,6.784041,5.131126,4.048677,3.3788826,3.029612,6.032152,4.8394437,4.4931674,2.8052158,5.8622,4.2809043
680,6.404785,4.9007654,4.4818034,7.535429,4.335728,6.53631,6.412861,4.4391575,4.502539,4.947995,4.3622394,3.9076648,5.705855,3.871717,4.4318023,4.325228
229,7.4455595,5.413174,4.7123103,6.3077893,3.5683217,5.73433,5.343662,3.8397963,4.3613644,3.8856866,4.827985,4.496691,4.125024,3.4592154,5.21108,3.8808925
563,5.544821,4.515609,4.792053,7.615109,4.967652,6.676867,6.0825167,4.613937,4.7384915,4.463376,4.643494,3.7117472,5.633037,4.3730507,4.714296,4.7835793
257,5.9270062,6.0114784,4.3168902,7.4674,4.1840577,6.874934,6.443181,4.564526,4.4513006,4.4345994,4.7926126,4.2853837,5.886418,3.2564802,4.422056,3.9885666
301,8.109026,5.3021936,5.383265,6.2733502,3.331015,6.007266,5.230117,3.7343917,3.6720946,3.8577821,5.1155047,4.938174,3.9334838,3.302595,5.913211,3.8728507
149,7.3158236,5.6108184,5.7263327,6.9176793,4.079453,6.2796903,5.2362356,4.16534,3.0499642,4.0691886,5.42068,4.8365846,4.934166,3.2711537,5.6519775,3.9782364
59,6.2941704,5.1465764,4.178512,7.191927,4.1582675,6.577468,6.616731,4.5015655,4.824149,4.8992667,4.2083883,4.1130548,5.8229356,3.5841994,4.390851,4.1187215
40,8.026217,5.2271004,5.841892,6.906967,4.0648994,6.0599837,5.1537385,4.0704465,3.078603,4.107119,5.3623633,4.811467,4.7268033,3.471728,5.828018,4.0248833
604,7.9196835,5.3086095,5.363411,6.4658155,3.46595,5.982412,5.228623,3.8116224,3.634781,3.8843937,5.1591573,4.7591166,4.1528096,3.378397,5.6328516,3.8860853
708,6.942067,5.796776,4.54835,6.439599,3.592653,5.926474,5.482986,3.9635077,4.4743295,3.8380427,4.878167,4.427077,4.382583,3.335014,5.011176,3.9096267
243,7.182736,5.783645,4.394226,6.248897,3.5067112,5.662568,5.311488,3.888487,4.6438384,3.7033896,4.794667,4.353681,4.1249857,3.3836684,4.819945,3.800243
558,6.474517,5.50529,4.225654,7.70743,3.9454048,6.408446,6.483023,4.2709894,4.3819265,5.1793694,4.3220725,3.8462472,5.678784,3.5405123,4.131478,4.1436987
106,6.6171613,5.2970047,4.2183986,7.4963317,3.9998853,6.5882406,6.6550345,4.4094324,4.56143,4.9130206,4.281734,4.0470757,5.800237,3.7009506,4.2935624,4.03772
713,7.1553283,5.4179916,4.5089884,6.524825,3.7259586,5.789093,5.5514507,3.977541,4.565623,4.092161,4.6735816,4.290886,4.441259,3.545289,4.8931713,3.9785895
573,6.3920417,4.5682993,4.785834,7.530024,4.591216,6.6937532,6.3354945,4.5249343,4.3450603,4.82765,4.527413,3.9797885,5.8073907,3.9876845,4.703992,4.43471
267,7.206769,6.2618413,5.8838506,6.620437,3.379215,6.795593,5.1815605,4.0178814,3.396019,3.1219006,6.002449,4.886137,4.589543,2.9409964,5.965192,4.3981886
182,7.1620674,5.3405185,4.6261997,6.3745265,3.9387736,5.631707,5.252422,3.9850593,4.555471,3.881575,4.8095884,4.293175,4.334783,3.6286392,5.004107,4.0721793
378,6.318748,6.638079,5.403732,6.489496,3.3615472,6.6614137,5.255662,4.083609,3.5390825,3.1918242,5.924531,4.7756386,4.66105,2.7837288,5.4624963,4.1601815
656,7.94265,5.132478,5.3969197,6.4584,3.5740166,5.8937345,5.1806226,3.8107877,3.6655097,3.9676726,5.0615506,4.716049,4.116626,3.4797308,5.62877,3.8987637
18,7.2715015,5.393252,4.488403,6.218902,3.8811564,5.434717,5.137434,3.9154978,4.7169466,3.7679298,4.7625594,4.261944,4.1826396,3.6117613,4.9010034,3.9884346
612,6.3106585,3.5515616,5.172988,7.6898565,5.0337677,6.6946573,6.331942,4.6456523,4.4106107,5.0434446,4.3074245,3.695551,5.8210797,4.6784997,4.875233,4.9108343
562,6.3889546,5.2972517,4.023661,7.121079,3.9779634,6.4730563,6.6281514,4.4276876,4.9261045,4.9089165,4.125571,4.089956,5.730047,3.5403533,4.288673,4.045608
170,7.1044188,6.389501,5.826402,6.3711443,3.1698592,6.7200727,5.1049805,3.9774497,3.3812888,3.0506973,5.956259,4.871402,4.3117604,2.831407,5.9627867,4.258713
711,8.1244,5.092848,5.5506635,6.6155624,3.5796108,6.0261264,5.2734075,3.8661368,3.2968824,4.0679293,5.1670012,4.7977076,4.2857227,3.4592392,5.721187,3.9036157
452,5.890413,3.7249749,4.9542685,7.8318586,5.1277995,6.612325,6.253008,4.6205554,4.7140126,4.9458666,4.2874036,3.413743,5.707321,4.819708,4.564244,5.1070457
535,8.0242815,5.527722,5.4479585,6.0913577,2.497694,6.2674923,5.087397,3.5673292,3.510499,3.0505972,5.7170796,4.7124147,3.403339,3.2528143,5.695814,3.8690405
354,7.1675615,5.442061,4.5796237,6.2186627,3.8039646,5.4159713,5.0002155,3.888664,4.5840836,3.6351342,4.98117,4.279425,4.0584006,3.5354505,5.0526876,4.140503
96,6.791574,5.4184303,4.3108487,7.176175,3.8981292,6.11045,6.0664215,4.1591673,4.5282884,4.6998043,4.439091,4.0348682,5.1341977,3.5874891,4.424194,4.0503488
37,7.990755,5.0594406,5.5575085,6.5716395,3.7604103,5.8806233,5.022834,3.8785467,3.5565128,3.9297874,5.178332,4.6538844,4.2230144,3.5512614,5.636362,4.067463
94,5.791243,6.085279,4.2079334,7.283895,4.0478344,6.5369186,6.1565285,4.383576,4.7888694,4.1490393,4.7984056,4.017545,5.4253273,3.499087,4.403282,4.1645823
709,7.433321,5.5422845,4.6946187,6.180651,3.562851,5.5252857,5.147567,3.8238542,4.5174513,3.7223885,4.9158483,4.4320993,4.0094523,3.4256785,5.2029877,4.0230346
411,6.594353,6.0598917,4.672753,6.381704,3.6869202,5.8753405,5.248759,4.0112796,4.43855,3.533807,5.188227,4.374574,4.403628,3.247814,5.072213,4.129535
175,7.25349,5.7792587,4.375918,6.0697017,3.5243676,5.3992696,5.0393314,3.8362532,4.784691,3.518276,4.8798265,4.250937,3.9304454,3.4315224,4.7847776,3.9502914
754,8.275653,5.3863187,5.722647,6.1676006,2.9473398,6.1716905,5.0199065,3.5945752,3.3398204,3.3986685,5.5792294,4.998571,3.6452198,3.2215118,6.122777,3.9637012
586,6.715872,6.312974,5.5180807,6.583363,3.4817977,6.5288243,5.2227173,4.0416837,3.2945259,3.3845131,5.886284,4.8436995,4.684521,2.8944492,5.507114,4.06834
171,8.394124,5.196995,5.6730523,6.2647543,3.5183473,5.967491,5.0569015,3.6439824,3.8085968,3.899365,5.0692134,5.125997,3.8637903,3.2628498,6.211608,4.117802
204,6.287952,3.9136167,4.9695487,7.877645,4.944485,6.610789,6.25139,4.5783777,4.552636,4.956153,4.3206663,3.4923508,5.616995,4.6473684,4.497493,4.971749
246,5.8533626,5.997451,4.353198,7.464353,4.1781015,6.6393642,6.171193,4.4486046,4.557282,4.25442,4.857159,4.054521,5.568223,3.490383,4.383053,4.1529746
634,6.121375,3.6093528,5.2659245,7.565729,4.8857536,6.5635114,6.202244,4.6138034,4.5558496,4.873185,4.3033485,3.751998,5.658126,4.741576,4.879501,4.9137697
465,8.1749325,5.076879,5.7527347,6.8172965,3.7061446,6.1174226,5.2190204,3.9339447,3.112158,4.050136,5.3167577,4.716387,4.470137,3.5248306,5.6736183,4.027028
518,6.46059,6.757361,5.786224,6.4858336,3.3476098,6.857155,5.1344867,4.0299416,3.3834739,2.9390695,6.1573515,4.8935213,4.573032,2.7433107,5.7749596,4.349527
624,6.024316,3.8678184,5.0903773,7.7670574,5.032144,6.7579126,6.2865953,4.66406,4.5243263,4.8917685,4.4041553,3.6629837,5.8023634,4.62625,4.8075943,4.8410788
187,7.646139,5.9637766,5.935793,6.596748,3.3371434,6.6337895,5.09202,3.9240944,3.3403656,3.1790679,5.95008,4.8536844,4.4228144,3.0897887,5.978549,4.3669043
359,6.018454,6.0208597,4.2266083,7.403481,4.1964183,6.810844,6.3754907,4.5478096,4.5025263,4.327122,4.805213,4.244321,5.770257,3.298117,4.343053,3.9733508
633,5.945354,6.000132,4.51305,7.4775505,4.190356,6.8316407,6.286968,4.5125303,4.2809076,4.364334,4.923704,4.278161,5.7735615,3.3058672,4.5723915,4.061689
24,8.20077,5.189068,5.895825,6.7491894,3.6502671,6.184111,5.0813065,3.9054549,3.1642396,3.813749,5.475999,4.7564926,4.378969,3.4693477,5.8054986,4.1468205
472,7.1143517,5.6417837,4.286216,6.220401,3.663649,5.373133,5.163785,3.8817937,4.821056,3.7022462,4.7864833,4.2025843,4.0749736,3.4768853,4.7733865,3.9822724
202,6.2968574,6.7603874,5.6351857,6.409422,3.3171687,6.7896953,5.143319,3.989877,3.4428577,2.919122,6.1462045,4.888517,4.5123982,2.7385242,5.6381335,4.2964807
178,6.282779,6.8104553,5.6538167,6.428642,3.3033745,6.8203382,5.168657,4.0398335,3.3583665,2.9410548,6.1812134,4.8958597,4.566573,2.688558,5.64126,4.261997
442,5.3320165,4.2915316,4.7548027,7.8407054,5.353054,6.721181,6.146897,4.624475,4.821836,4.5745983,4.624628,3.5433004,5.729983,4.5889177,4.6577177,5.0215874
113,6.3691726,5.42163,3.9401839,7.450381,3.9784057,6.4125686,6.6097956,4.3545537,4.772746,5.110011,4.153488,3.9004886,5.7086983,3.512275,4.04474,4.065214
41,6.486338,6.6630125,5.687888,6.4312253,3.3237014,6.7759027,5.1562166,4.0078382,3.3703716,3.0238545,6.085062,4.928193,4.5364094,2.7404473,5.7218175,4.2562823
111,7.5053267,5.5094466,4.5240107,6.2293086,3.4563096,5.61313,5.3084283,3.825786,4.5401907,3.808523,4.7395244,4.372103,4.0034113,3.5007982,4.9294524,3.7827232
584,5.8823237,5.8255615,4.2546644,7.149824,4.0760746,6.451487,6.119963,4.356293,4.8072176,4.2128067,4.7164526,4.0357285,5.3540792,3.547721,4.5033517,4.206095
730,7.014843,5.729926,4.4073806,6.0767994,3.6621718,5.37578,4.9715233,3.8816133,4.799969,3.46229,5.0087647,4.221566,3.982089,3.4387887,4.920871,4.152879
203,7.870179,5.678006,5.4738464,6.1016016,2.5258982,6.33304,5.072157,3.602501,3.5168142,2.967333,5.777205,4.7196207,3.4588265,3.2000215,5.7264304,3.9350684
311,7.5067205,5.4881,4.4941554,6.262845,3.4996045,5.6104937,5.3432393,3.817699,4.5545735,3.872385,4.6942463,4.3929324,4.052218,3.4778996,4.943696,3.7712831
516,6.9377213,5.831438,4.397581,6.197261,3.6340609,5.568382,5.1602645,3.9337356,4.749832,3.5640013,4.9361916,4.273398,4.127611,3.39343,4.858219,4.034771
716,6.4530864,5.4896946,4.2493243,7.7220507,3.9748168,6.423254,6.47552,4.280311,4.3667426,5.167149,4.339654,3.831187,5.688311,3.5606778,4.1403832,4.1736236
539,8.196387,5.5450525,5.6121283,6.133529,2.6811004,6.2931037,5.033206,3.6609097,3.3560102,3.0584571,5.748786,4.914748,3.3772125,3.1822388,6.0205073,3.9398499
125,8.069218,5.123116,5.701254,6.8024716,3.720061,6.0944695,5.2086105,3.964793,3.1466312,4.0267925,5.3133144,4.6730747,4.4679103,3.531391,5.6223,4.0151978
100,6.4621654,6.7662077,5.7552586,6.5332794,3.3812766,6.8307734,5.1323423,4.0813637,3.4111135,2.9792178,6.1154327,4.804345,4.6526084,2.763901,5.7036076,4.360751
21,7.2510886,5.689035,5.705504,6.9088507,4.0528717,6.338926,5.262203,4.166899,3.1053028,4.0162745,5.452323,4.8514795,4.940759,3.2381167,5.692002,4.017152
361,5.60896,3.9512954,5.073364,7.6445107,5.052396,6.6260934,6.1066003,4.63962,4.7308965,4.65816,4.477271,3.66941,5.661404,4.701755,4.793405,4.950727
132,8.082167,5.4109755,5.5599284,6.2575016,2.950465,6.2163324,5.140521,3.6236634,3.2970793,3.4319706,5.610969,4.9140244,3.8142424,3.208485,5.8191967,3.826137
210,8.125356,5.5325027,5.9012485,6.5645776,3.2835433,6.3512254,5.0240526,3.7944572,3.2461064,3.3607948,5.794866,4.811284,4.185526,3.292833,5.902307,4.231444
729,7.638767,5.218144,5.528641,6.7529454,3.9352398,5.9748096,5.22043,4.042109,3.3386016,4.132584,5.1312394,4.64361,4.599801,3.5042477,5.492988,3.8948376
135,7.4869623,5.407982,4.6738615,6.1775675,3.7524354,5.4122505,5.1364956,3.8166156,4.510512,3.710936,4.867761,4.39247,4.146937,3.497451,5.147451,3.935421
547,6.217547,5.508665,4.032888,7.5456605,4.062327,6.5329204,6.62277,4.4081798,4.6780944,5.036852,4.279363,3.9373384,5.8120856,3.4949129,4.110401,4.0831766
352,6.6512346,5.588058,4.3385267,7.6560793,3.9330056,6.4460564,6.4112463,4.2772384,4.286548,4.976675,4.4385724,4.007695,5.6275716,3.5689745,4.262548,4.027984
358,5.8123336,5.5811157,4.284129,7.3285446,4.2605243,6.521981,6.2096825,4.4324374,4.8143907,4.3445225,4.650336,3.9286501,5.505515,3.7115338,4.423616,4.296762
134,6.1756153,3.5860107,5.253426,7.6944575,5.0490007,6.8008575,6.4009557,4.696654,4.3841944,5.035071,4.355088,3.7729552,5.9604306,4.6534595,4.926002,4.8655195
17,7.0803823,5.3500123,4.645884,6.43544,3.9971924,5.691002,5.276476,4.015346,4.526954,3.8778102,4.837729,4.280455,4.424083,3.6281877,4.987756,4.0971155
714,5.8280916,5.9827466,4.1531563,7.413135,4.22882,6.9120936,6.516782,4.6383247,4.6406245,4.4367404,4.6815085,4.293985,5.9316463,3.235026,4.2931194,3.9477663
93,6.1059604,3.8072968,5.2491093,7.627183,4.863259,6.7052374,6.282468,4.65912,4.4991117,4.857733,4.3677607,3.8259654,5.770526,4.6041064,4.876068,4.789555
743,7.2717047,6.1267495,5.830834,6.6595116,3.4629776,6.722335,5.231638,4.0226135,3.4075782,3.2870286,5.858983,4.9024105,4.619679,3.0027056,5.959824,4.3300333
559,6.186528,3.78065,5.2629857,7.6646457,4.8982635,6.650232,6.1998034,4.624395,4.444394,4.863304,4.406464,3.8080535,5.6838284,4.6278796,4.8626657,4.836638
659,6.787307,6.262211,5.520348,6.5704546,3.503556,6.613642,5.338947,4.099089,3.4478416,3.4626904,5.6966677,4.85609,4.6594367,2.92053,5.7163763,4.0938454
331,6.280994,5.162814,4.1012616,7.230358,4.109652,6.5402985,6.6629157,4.4833927,4.8904567,4.922584,4.1493034,4.033679,5.818699,3.6411,4.2918134,4.129515
631,7.01498,6.0197296,5.627964,6.711245,3.726244,6.5993624,5.4083724,4.0926995,3.3379154,3.7421534,5.579937,5.016351,4.809844,2.978483,5.8397818,4.0504613
503,5.9955506,3.6805377,4.954054,7.562914,4.9934325,6.4715686,6.251214,4.5677605,4.665943,4.9653215,4.244166,3.5725286,5.693651,4.7260365,4.706204,5.029693
356,7.601773,5.405442,4.786288,6.3166075,3.4269497,5.813997,5.3961368,3.799891,4.243056,3.9305508,4.831098,4.575032,4.0614586,3.413067,5.2771893,3.8206105
481,6.5486465,6.3756523,5.326754,6.511657,3.4446957,6.505201,5.2681093,4.052746,3.5556018,3.3418002,5.774889,4.761937,4.627916,2.9105277,5.421364,4.08306
20,6.024807,3.4753883,5.0272655,7.6523685,5.1382494,6.451326,6.169543,4.5791473,4.639842,4.984536,4.268623,3.505507,5.6347895,4.8421416,4.710489,5.152589
546,8.427948,5.143382,5.61192,6.2668004,3.4610083,5.9605994,5.0540853,3.6547472,3.731985,3.849114,5.127597,5.0711207,3.8666608,3.2966614,6.112045,4.0383306
247,6.945013,5.94153,4.4275827,6.0678625,3.5112112,5.598773,4.999529,3.920845,4.768444,3.341649,5.100857,4.247056,4.0036006,3.3629382,4.8409553,4.1564054
403,5.7757115,5.944856,4.4840765,7.500087,4.183453,6.5495424,6.0192456,4.373615,4.5070415,4.2215357,4.925284,3.9399934,5.430836,3.6086302,4.4684973,4.3055863
413,6.858278,5.3874545,4.485083,7.604196,4.064399,6.5639462,6.362051,4.315699,4.085633,4.8770943,4.558127,4.057398,5.628084,3.5668344,4.365689,4.098811
44,5.8366456,5.963042,4.524508,7.56619,4.1415305,6.5400133,6.0241423,4.34412,4.410414,4.292429,4.9270134,3.918684,5.440049,3.5966353,4.459059,4.3135414
130,7.323812,5.41137,4.749667,6.3785567,3.743925,5.7181134,5.3375845,3.9343643,4.3845305,3.9202218,4.842639,4.4099174,4.2907877,3.5300794,5.1491623,3.988371
48,6.2574873,3.5196135,4.9019537,7.547937,5.089774,6.4286475,6.242186,4.542796,4.5434985,5.0710793,4.246777,3.568926,5.6878767,4.680607,4.747332,5.0642276
233,5.8802214,6.1452227,4.4091816,7.276722,3.9334514,6.529718,6.0538454,4.305976,4.525147,4.0898166,4.951948,4.0649533,5.347632,3.4146087,4.5191045,4.1868773
33,7.982088,5.0557904,5.5313325,6.621175,3.8021247,5.869817,5.095685,3.902356,3.5161216,4.0312047,5.1197534,4.6634865,4.3017426,3.5544758,5.6036453,3.9899495
384,7.85581,5.317887,5.10924,6.3880644,3.4374774,5.915239,5.338641,3.797922,3.8638527,3.9667225,4.9810104,4.7296247,4.1056647,3.3797646,5.529248,3.8225203
355,8.351387,5.2358494,5.689174,6.191313,3.2770262,6.0150967,5.019082,3.6111405,3.5333033,3.7120094,5.2944207,5.092529,3.7779639,3.2574332,6.189937,3.9496665
286,6.297043,4.7896643,4.4621243,7.4286895,4.378023,6.4452496,6.3279524,4.432032,4.6512194,4.8802333,4.3311334,3.834251,5.5946803,3.9726148,4.425723,4.421918
117,8.071254,5.4450636,5.5887904,6.1755724,2.658819,6.251388,5.01233,3.6414464,3.4752843,3.1470022,5.6677055,4.7349095,3.4939222,3.3126237,5.802595,4.0067415
475,6.0202236,3.7943225,5.1944313,7.629989,4.7910657,6.562606,6.235559,4.601253,4.6333623,4.8879833,4.286332,3.728119,5.6777673,4.7428246,4.6759753,4.9140463
500,6.3074265,5.913733,4.805973,7.1747503,4.061497,6.5100107,5.7684183,4.3176775,4.1931324,3.9855328,5.114642,4.272103,5.1892824,3.442968,4.8399167,4.1767416
643,6.912976,5.65199,4.728052,6.5012155,3.8407738,5.921591,5.389853,4.06039,4.406415,3.821204,4.97128,4.3558173,4.5262475,3.4600472,5.049294,4.0949445
694,8.240131,5.3664985,5.795633,6.3016853,3.2780592,6.1633034,5.056549,3.6908054,3.3704667,3.6579757,5.4210377,5.0720563,3.913554,3.2262719,6.209662,4.012803
89,6.8552103,5.3884745,4.265724,7.4697556,3.8545372,6.5565715,6.6334276,4.3516846,4.4644217,4.871938,4.2973347,4.1442623,5.734233,3.706931,4.3518834,3.9420533
640,8.208536,5.4761696,5.8561707,6.540415,3.2691488,6.2397184,5.0386047,3.7279406,3.084246,3.4861321,5.7711873,4.8778005,4.1808214,3.2649813,5.873651,4.094321
181,8.170976,5.324843,5.5996885,6.2861357,3.3593295,6.120239,5.2040234,3.759906,3.4364262,3.8538513,5.220073,5.081035,3.9661722,3.2436912,6.154949,3.880446
456,7.528944,5.4178457,4.4643016,6.180905,3.680789,5.431142,5.1689067,3.8116884,4.652147,3.7797065,4.699637,4.3507395,4.0534744,3.5268748,4.9083204,3.8017173
253,7.1401176,5.9962606,5.711786,6.6735272,3.703256,6.582085,5.334392,4.047114,3.3134413,3.692859,5.606179,5.05807,4.72928,2.9857383,5.9471846,4.080241
87,8.326877,5.439998,5.9475355,6.6209307,3.3584502,6.2555957,4.999072,3.7368329,3.0995703,3.4731274,5.8081985,4.8439336,4.262956,3.3156247,5.901596,4.192689
571,8.342321,5.3481464,5.964719,6.6382647,3.469891,6.2726293,5.0021467,3.791423,3.2725222,3.534118,5.673169,4.853962,4.250287,3.3568501,5.9600644,4.278317
425,7.770965,5.870296,5.9116826,6.550947,3.337408,6.5754194,5.0853057,3.8880906,3.3679175,3.2347655,5.8863025,4.878747,4.3629537,3.1205893,6.0107427,4.330154
283,6.382041,3.5850937,4.999195,7.6832213,5.0637794,6.618427,6.324963,4.6032987,4.444386,5.0739646,4.2618685,3.5852344,5.7545433,4.632908,4.809738,4.9454126
493,7.0725045,5.5464263,4.3912525,6.1486406,3.8196814,5.3114495,4.985889,3.87853,4.7979064,3.6019158,4.8968267,4.1896515,3.9810262,3.56,4.889493,4.160999
6,6.0934224,5.829413,4.0666847,7.43423,4.0909576,6.6845317,6.535919,4.49319,4.647086,4.7011433,4.499134,4.1410484,5.82055,3.3209949,4.1960073,3.9735274
277,7.218177,5.8779073,5.6674714,6.67342,3.787996,6.4622135,5.3194933,4.06703,3.3154755,3.828317,5.469577,5.019029,4.7086782,3.0627477,5.9382925,4.023981
232,7.254753,5.4090304,4.8427477,6.4351254,3.8337252,5.783952,5.2687545,3.9771662,4.2820683,3.8791144,4.94711,4.4223356,4.3489504,3.540009,5.1958776,4.063612
705,8.168396,5.529147,5.676265,6.1193943,2.864982,6.2196,5.014224,3.6152246,3.4067705,3.2411172,5.6514025,4.9931455,3.5522616,3.1522024,6.100721,3.9889622
316,6.3611684,3.9428618,4.8028407,7.6972675,4.9875665,6.475419,6.170851,4.508139,4.5480576,4.894284,4.331117,3.4748893,5.49551,4.5067034,4.624902,4.921842
430,5.224626,4.65356,4.8489957,7.689326,5.005594,6.80634,6.101339,4.660525,4.7817287,4.367722,4.74389,3.7699234,5.7404404,4.4126315,4.7339087,4.7834873
276,5.9056244,5.9802556,4.1725464,7.3306646,4.207113,6.7609324,6.378953,4.57227,4.6545234,4.299126,4.7477875,4.230347,5.757215,3.3178873,4.2913065,3.9705415
66,6.5368466,6.135348,4.719158,6.4835277,3.671293,6.1024113,5.3649325,4.083038,4.3248215,3.5670142,5.2193055,4.4191856,4.5596833,3.2061248,5.038951,4.0891376
360,6.294264,3.5114987,4.968198,7.6735754,5.0523434,6.544027,6.315318,4.5928273,4.5616293,5.0987067,4.211454,3.4933753,5.742642,4.7346797,4.6410193,5.0593457
118,5.635628,5.4274344,4.530076,7.4567013,4.5094714,6.626055,6.0894785,4.501367,4.6708508,4.270711,4.809356,3.9314902,5.5572257,3.8465176,4.5661726,4.433387
298,6.541466,5.019819,4.641475,7.4757643,4.3292165,6.723674,6.462574,4.5036087,4.2506704,4.896555,4.4993434,4.169954,5.887411,3.6448052,4.6237516,4.19138
200,6.207124,3.8063993,4.8476596,7.4937816,4.841762,6.391845,6.255671,4.5149813,4.652895,4.982431,4.2055826,3.6018972,5.6172786,4.5912457,4.629039,4.939638
164,6.9746346,6.42686,5.802745,6.5094094,3.286624,6.790195,5.1826844,4.0551243,3.3736846,3.090167,5.9879913,4.848587,4.516834,2.8388445,5.906693,4.297773
71,6.115287,5.8445363,4.2564716,7.452936,4.212072,6.7863507,6.447714,4.5278506,4.4658055,4.485056,4.7207522,4.195369,5.816027,3.3741057,4.3529453,4.00737
165,7.4670477,5.360927,5.0183015,6.326047,3.7008677,5.727812,5.1027946,3.892481,4.1687255,3.6959121,5.117125,4.435079,4.147907,3.53209,5.340411,4.1343207
341,7.283805,5.6762304,5.7125382,6.8938518,4.042012,6.327024,5.259577,4.1547275,3.0872834,4.0310707,5.4432263,4.877801,4.921527,3.223794,5.70752,3.9920526
605,5.88496,5.8391957,4.120801,7.397206,4.1629457,6.6444683,6.4341645,4.471956,4.733721,4.442013,4.634556,4.0370398,5.7145967,3.484841,4.283986,4.094289
505,8.269754,5.259748,5.6065474,6.205191,3.3846092,6.0498033,5.168575,3.7119849,3.443945,3.8947287,5.1803923,5.170038,3.8905303,3.2321825,6.2576346,3.8064475
391,5.2507944,4.406185,4.9157205,7.871043,5.211172,6.747147,6.082628,4.6268673,4.746492,4.5054784,4.675511,3.5835397,5.691567,4.642093,4.7095895,4.9992857
180,7.544924,5.182863,4.96234,6.3579617,3.972306,5.6151133,5.1369677,3.8883152,4.190226,3.7801998,5.0178833,4.481058,4.41156,3.5408578,5.32458,4.0265603
455,5.2798543,4.5079384,4.98417,7.7109966,5.085012,6.7691317,6.0889497,4.621139,4.7008953,4.4063535,4.7291636,3.7697716,5.700993,4.5073924,4.840633,4.8616524
272,8.27204,5.3316555,5.7066903,6.1239614,3.3877285,5.995367,5.039014,3.611672,3.48631,3.7958353,5.2575617,5.247728,3.8431292,3.1741886,6.3639073,3.8129265
594,5.3443007,4.5503626,4.7140594,7.8162956,5.138324,6.813701,6.167663,4.671535,4.825613,4.5156975,4.6633563,3.6227806,5.7715735,4.445438,4.5911803,4.855224
248,8.455769,5.32429,6.050164,6.633818,3.5296273,6.2800474,4.9733977,3.7721221,3.29667,3.5422778,5.6565175,4.9387155,4.245068,3.3442702,6.0769396,4.320762
522,5.727658,6.009104,4.1768703,7.50673,4.0515647,6.6279583,6.4290876,4.4006915,4.696363,4.381615,4.710579,3.9461155,5.7161307,3.4915295,4.2817364,4.1629877
676,6.4277506,6.2930307,4.9189043,6.5676866,3.5801544,6.3315682,5.3885493,4.1037936,4.1016097,3.4822066,5.4209743,4.477597,4.656618,3.1039884,5.1066027,4.136088
119,6.1328077,6.0440655,4.5478625,7.230939,3.8633833,6.4627233,5.9554076,4.245226,4.3829103,4.1553583,4.9506383,4.104802,5.2331758,3.4106226,4.624768,4.191663
304,6.4172006,5.326947,4.1383514,7.5357842,4.0965505,6.4195304,6.4830184,4.348354,4.6361594,5.0356035,4.2656593,3.9122531,5.645077,3.635799,4.1807632,4.1137185
560,6.9980755,5.844487,4.296413,6.074229,3.605202,5.393198,4.9968696,3.894273,4.8779297,3.4487638,4.9502273,4.192831,3.9820983,3.4173586,4.7561445,4.0685806
80,7.9995055,5.4770756,5.631406,6.251314,3.4758353,6.1372066,5.138504,3.7389212,3.683888,3.8060176,5.197316,5.147305,3.998085,3.1260784,6.2049966,4.028081
122,6.626698,6.425368,5.5177884,6.5152254,3.3319876,6.6764584,5.2982283,4.107356,3.3400683,3.2906861,5.8772593,4.835703,4.629878,2.8193307,5.6541305,4.0703993
299,6.0731764,3.6946104,5.314434,7.792937,5.0331893,6.828246,6.3381033,4.6869016,4.3606715,5.002611,4.42136,3.7944033,5.954873,4.7005644,4.854647,4.9249644
101,6.8636174,5.231596,4.599041,7.552138,4.1498704,6.6403146,6.3986754,4.3744383,4.066593,4.875882,4.560627,4.122288,5.7226954,3.5986795,4.509087,4.144358
609,6.356562,5.2230783,3.9827752,7.166628,3.9760025,6.3630137,6.569096,4.3833885,4.9818754,4.9038296,4.1064887,3.9006233,5.6174426,3.6587143,4.152704,4.1448565
675,7.6449327,5.325076,5.6444073,6.859555,4.0370436,6.0723195,5.213374,4.0772486,3.2026467,4.1466756,5.2650604,4.749156,4.7571764,3.4195569,5.608123,3.949303
658,7.3858633,5.3520174,4.777758,6.214205,3.853667,5.485724,5.137325,3.8802793,4.4863,3.7228887,4.9330707,4.3733234,4.209526,3.556211,5.2251487,4.080991
123,7.17507,5.803829,5.7185955,6.8643723,3.9443471,6.35086,5.213594,4.1317925,3.0414608,3.905147,5.588994,4.873094,4.895421,3.1314254,5.6383257,3.9971595
552,7.966527,5.484138,5.3243904,6.1187124,2.6344452,6.207383,5.2012763,3.5870905,3.5911336,3.25179,5.5500317,4.729871,3.5487494,3.2338886,5.6438656,3.7824867
402,7.1706867,5.56355,4.3477917,6.087217,3.7606878,5.276437,4.979188,3.8711488,4.8510194,3.5566196,4.861102,4.198201,3.9976685,3.5310879,4.8211136,4.047193
379,6.0478506,5.960389,4.567771,7.4105835,4.2050786,6.874925,6.290592,4.5335093,4.211393,4.3764033,4.9340935,4.390778,5.7874913,3.2462306,4.673567,4.0149546
241,7.2486973,6.1890454,5.8144197,6.6375446,3.3831387,6.7374144,5.213645,4.0194077,3.4053319,3.2042143,5.922693,4.8558455,4.582648,2.988303,5.918582,4.3398247
494,7.597774,5.4094844,4.829192,6.2956295,3.5229132,5.7499037,5.2810755,3.8110206,4.2210913,3.8530796,4.898555,4.5695333,4.077489,3.4202418,5.289368,3.8581665
761,7.8867283,5.119791,5.655902,6.957734,4.1210413,5.978826,5.2071676,4.068052,3.1617658,4.2659125,5.226653,4.716207,4.786271,3.514504,5.5761275,3.9685214
9,8.0463705,5.363038,5.2985787,6.1353707,2.797923,6.0930953,5.1874914,3.5859506,3.6345456,3.4316745,5.394679,4.7648787,3.585953,3.3006163,5.675346,3.7972994
32,6.529641,6.7431316,5.7959337,6.5122986,3.3319833,6.8516583,5.137291,4.064318,3.3357685,2.9936411,6.135371,4.8663387,4.6015706,2.7309597,5.772136,4.3113575
578,6.2296605,3.648315,5.0379906,7.572885,4.9173684,6.5696106,6.31727,4.6026745,4.5713744,4.9868846,4.2202225,3.634362,5.7257943,4.6523285,4.7876744,4.903527
348,5.3236756,4.632628,4.7896147,7.572746,4.990556,6.6588044,6.0146637,4.5932965,4.810848,4.333483,4.7277446,3.7726128,5.616407,4.385885,4.736744,4.791011
741,6.5572176,5.6288743,4.3465853,7.615434,3.961919,6.481341,6.40576,4.307405,4.33661,4.8809743,4.475544,4.0400524,5.645311,3.564673,4.299328,4.0242934
459,5.8380904,5.9349413,4.5811467,7.5365987,4.2005715,6.592753,5.998238,4.387433,4.3722186,4.2217855,4.9874697,3.9973142,5.4586616,3.5692966,4.507737,4.2860374
453,7.174744,5.6350284,4.4419613,6.339667,3.5718975,5.6904254,5.392993,3.9079165,4.629073,3.8449738,4.757999,4.3274302,4.2073436,3.4435213,4.884499,3.8927305
249,6.237897,5.433839,3.9089475,7.205151,3.9471307,6.4999657,6.6770253,4.4280024,4.951449,4.930441,4.1516905,4.0391955,5.759689,3.4764035,4.186793,4.0350776
529,8.003448,5.4302382,5.3740354,6.076094,2.7026396,6.146227,5.1423173,3.5176518,3.5111501,3.3003137,5.558843,4.8043823,3.572471,3.2300842,5.720356,3.844462
382,6.318888,5.2176533,4.311204,7.5530443,4.230347,6.6694884,6.612461,4.4842567,4.573172,4.903612,4.3574166,3.9914572,5.8816676,3.7041028,4.3556867,4.1846156
693,8.275504,5.3502073,5.950084,6.6495805,3.43407,6.2805,5.0328817,3.8274605,3.1830244,3.5644152,5.675082,4.8251214,4.240152,3.3689175,5.942686,4.2056985
143,7.8976183,5.3085127,5.788119,6.847436,4.0235934,6.1340036,5.2533636,4.052966,3.0412977,4.191507,5.329552,4.9403324,4.7558413,3.3425882,5.8875165,3.9139273
462,8.152242,5.00805,5.664025,6.59736,3.8058991,5.886864,5.0009856,3.8436577,3.5034008,3.9824638,5.1862955,4.7577343,4.2546496,3.5197043,5.7428846,4.0806055
410,6.127008,3.768784,4.876268,7.433141,4.7963023,6.400316,6.295797,4.5347323,4.709886,4.9829826,4.161499,3.6504967,5.6683445,4.616248,4.66116,4.919223
22,6.334617,6.6544213,5.487852,6.415397,3.323498,6.6705766,5.170497,3.982465,3.4398928,3.0781486,6.0665607,4.9272013,4.586478,2.7382455,5.5073476,4.173555
337,6.8607574,6.403068,5.6602664,6.520446,3.2230036,6.7270255,5.249505,4.0680366,3.1917236,3.1950831,6.018627,4.882711,4.5634565,2.7997139,5.7657905,4.0786114
629,7.2458944,5.7225485,5.696376,6.86683,3.9926238,6.3968544,5.2964993,4.148618,3.2002525,3.9637225,5.4359736,4.8655314,4.8870144,3.2282538,5.776595,4.0607905
561,5.287236,4.260451,4.847614,7.9230704,5.3253427,6.7248244,6.1430125,4.617859,4.7792807,4.615561,4.6106925,3.4950283,5.735169,4.7114415,4.6397047,5.0967326
338,7.0029087,6.2161427,5.6688704,6.591813,3.4883227,6.670786,5.2802672,4.0534916,3.4682572,3.3569064,5.7705474,4.890456,4.6197834,2.952509,5.854988,4.231052
611,5.373368,4.289756,4.9103355,7.8002024,5.1504064,6.715998,6.0372596,4.6580515,4.789913,4.515253,4.6284,3.5714843,5.634985,4.625409,4.688946,4.946719
681,8.3401165,5.3274417,5.986758,6.635952,3.4509537,6.2887034,5.0150685,3.8109195,3.2149355,3.5472362,5.6670175,4.860233,4.221757,3.3676827,5.9852815,4.239689
672,8.042089,5.1105256,5.7036014,6.8837614,3.9512074,5.979173,5.1944437,4.064352,3.1133053,4.129211,5.2746654,4.643595,4.615299,3.5956857,5.5941515,3.9764113
409,8.313687,5.2734,5.6664557,6.1756964,3.3748567,6.0203977,5.0833607,3.6412296,3.5337865,3.8221157,5.2144384,5.186394,3.8363688,3.2102294,6.2907877,3.8821054
685,8.002424,5.543129,5.4254246,6.0858345,2.539244,6.249605,5.105697,3.5618029,3.5294313,3.0887167,5.6894293,4.732639,3.4409802,3.230724,5.69257,3.8494813
603,6.5853086,6.099451,4.7202177,6.438827,3.6822734,6.0433125,5.3066173,4.0719957,4.344542,3.5359948,5.2216487,4.4045672,4.5074854,3.228906,5.0350833,4.103369
482,6.025347,3.6917467,4.918866,7.418646,4.8684216,6.4065394,6.2752013,4.5489097,4.7278166,4.9530005,4.175891,3.6231415,5.679935,4.685854,4.7129927,4.97459
81,7.5979156,5.4753456,5.780351,6.823848,4.0387588,6.225955,5.2775917,4.1102996,3.0356245,4.1677604,5.3344107,4.9712415,4.8235445,3.2588108,5.879732,3.900545
390,5.2625165,4.439561,4.9580755,7.7482495,5.1456265,6.736125,6.0768547,4.6167417,4.7287397,4.440727,4.701078,3.7066376,5.684994,4.565466,4.8047867,4.9212165
303,6.8119154,5.349246,4.4634423,7.6381755,4.0121484,6.53689,6.469845,4.3184924,4.163568,5.041464,4.4211283,4.0308576,5.733699,3.5933855,4.357035,4.098997
14,6.3948565,5.2477436,4.315862,7.565595,4.1854506,6.685157,6.658759,4.48358,4.51292,4.984626,4.321001,4.027365,5.9357033,3.6473129,4.3454547,4.1512065
740,6.3625736,5.433758,3.9560075,7.433497,3.9801428,6.4957156,6.714056,4.4117255,4.7787857,5.141766,4.1120367,3.9978855,5.8503323,3.4974859,4.0976386,4.0096793
151,6.11127,3.7442098,4.999554,7.5894003,4.8940444,6.4581385,6.197809,4.5562944,4.713113,4.834874,4.2058253,3.4917834,5.5061803,4.6854944,4.717823,4.961752
49,6.36611,5.314164,3.9635377,7.177474,3.882008,6.3029523,6.536884,4.3261366,4.9967413,4.8402224,4.1258574,3.8139646,5.5321126,3.7079177,4.1069884,4.1740646
317,8.014376,5.4397583,5.7425046,6.3927665,3.360532,6.2619357,5.155362,3.8239043,3.3677847,3.7121358,5.376258,5.008453,4.065073,3.2356772,6.1330795,4.023495
474,7.9682865,5.496173,5.381377,6.167127,2.6447785,6.2358007,5.154038,3.6179059,3.5833724,3.1810684,5.614554,4.673621,3.5475068,3.2685945,5.6241426,3.8558183
199,6.4215145,5.3137336,4.6297736,7.50262,4.197667,6.691051,6.402964,4.45798,4.186929,4.8952136,4.580802,4.2053804,5.8257103,3.4806979,4.6204796,4.1349916
635,8.0381975,5.546484,5.5193005,6.0607677,2.4647975,6.2825017,5.022718,3.5531688,3.4601812,2.9944346,5.7667737,4.7381086,3.3555577,3.2469769,5.7504053,3.9207935
497,6.169209,4.6604233,4.5713468,7.4401255,4.5092316,6.4467907,6.2472906,4.455356,4.6627984,4.794355,4.3815165,3.785907,5.5588217,4.1126757,4.497642,4.558515
419,5.274052,4.6311436,4.7258854,7.6292667,5.0953345,6.6631794,6.04986,4.5920897,4.835187,4.356843,4.719635,3.7148607,5.622503,4.3813663,4.722416,4.8335176
109,5.7945514,4.4090323,4.690972,7.610746,5.0123672,6.582739,6.0951514,4.570376,4.709951,4.572548,4.559488,3.6298156,5.5655327,4.3300166,4.6722813,4.7961364
393,7.7255397,5.222644,5.6195917,6.73026,3.9869714,6.0748696,5.2991853,4.02515,3.282672,4.2650223,5.105165,4.8799243,4.648861,3.3730311,5.763554,3.8573766
166,7.162668,6.300732,5.9117675,6.6252522,3.3911738,6.8153253,5.1564345,4.0177774,3.3933117,3.0832257,6.040758,4.887965,4.605689,2.9346666,5.963458,4.427034
76,8.449596,5.196557,5.740064,6.343748,3.5563357,6.0255775,5.051937,3.6635084,3.7540202,3.867396,5.143104,5.120996,3.9494302,3.2584379,6.1980686,4.189123
673,7.373648,6.1532865,5.9364,6.6298246,3.3777895,6.7601566,5.1483226,3.9916975,3.3640344,3.1373317,5.9941373,4.8849835,4.5489993,2.9972432,6.0022264,4.404462
598,6.2191086,3.7952,4.938508,7.6813507,5.081709,6.422642,6.0788565,4.506069,4.526287,4.868841,4.378382,3.5304801,5.4591193,4.6248746,4.749516,5.0281825
68,7.821243,5.098022,5.8360934,6.9135723,4.125154,6.0493517,5.163676,4.1091137,3.0672157,4.221507,5.221317,4.689193,4.768529,3.5571496,5.661237,3.9872668
591,6.1874604,3.6290236,5.3099303,7.7129135,4.991774,6.753213,6.310273,4.673615,4.3833513,4.9793863,4.3802404,3.8023615,5.8575163,4.679706,4.9066,4.8742924
1,7.8884263,5.2431135,5.757327,6.872654,4.021972,6.133717,5.302646,4.0551643,3.0158222,4.253319,5.290518,4.883003,4.778395,3.3807697,5.7948136,3.8814714
428,6.677862,6.6239824,5.7898383,6.521216,3.3540592,6.767471,5.1057105,4.075896,3.3307288,3.0578322,6.072622,4.795994,4.5954785,2.805291,5.723453,4.306751
618,8.209048,5.3392024,5.7655735,6.27261,2.9506516,6.2224503,4.980893,3.6605792,3.3566968,3.3414438,5.626821,4.8211946,3.7064636,3.3331218,5.97423,4.082595
688,7.306044,5.290963,4.720787,6.303031,3.829542,5.5550623,5.0435534,3.8942873,4.392301,3.7368834,4.978176,4.361757,4.1079664,3.5735998,5.146073,4.1091166
653,7.4121222,5.8110704,5.6689963,6.5181437,3.5985699,6.4106493,5.2555504,3.9847598,3.4084125,3.7317889,5.42678,5.0038524,4.43758,3.0887945,6.0158334,4.048832
245,6.9600635,5.9133415,4.3681645,6.228549,3.554982,5.637054,5.2311487,3.9321077,4.728587,3.5841272,4.9054356,4.28653,4.145155,3.356649,4.802254,3.9505887
637,6.6804695,5.4423666,4.2435684,7.545815,3.9191911,6.4889455,6.590021,4.340878,4.407288,5.13865,4.256312,4.084546,5.7879586,3.5230324,4.2566085,3.9786398
744,5.9757442,6.0376678,4.198109,7.293188,4.1506867,6.6013117,6.2098575,4.438342,4.6822166,4.161296,4.8236127,4.1011624,5.5077353,3.469999,4.4029284,4.0734086
285,6.2812934,5.462821,3.9496303,7.489037,4.045441,6.460286,6.6144037,4.3848944,4.7651944,5.1068764,4.1843123,3.9381862,5.7591286,3.4800656,4.072046,4.049633
278,6.051394,5.9821177,4.561928,7.4206643,4.207892,6.897188,6.308451,4.543695,4.2010555,4.37326,4.942767,4.402849,5.8111897,3.231922,4.667891,4.00004
369,7.654893,5.419126,4.782299,6.2589116,3.4152088,5.773447,5.3394604,3.7632585,4.2597203,3.865455,4.847804,4.602479,4.0042095,3.3909254,5.296528,3.7921655
449,5.783552,6.0341744,4.14148,7.4362164,4.031006,6.6134577,6.4036374,4.397445,4.727309,4.325137,4.716746,3.9738955,5.661078,3.4757802,4.284395,4.1315846
152,8.335606,5.2409673,5.6922183,6.3371983,3.4777067,6.04569,5.1057286,3.6860487,3.5853858,3.8748522,5.1954503,5.1050363,3.9728558,3.2442012,6.149213,4.041906
326,6.5163755,5.354793,4.0228424,7.305147,3.8674824,6.209881,6.3859725,4.22753,4.7566967,4.985896,4.206591,3.8191442,5.4010825,3.5920386,4.10114,4.1381626
159,6.163569,3.7140765,4.970505,7.644019,5.0769677,6.3679194,6.0318966,4.5015025,4.6096826,4.8149614,4.342474,3.48493,5.3813243,4.7102194,4.7423754,5.0892158
435,7.647385,5.4391117,4.931187,6.1907616,3.5172138,5.7420216,5.158602,3.7740982,4.2198324,3.6954792,5.0130515,4.6353955,3.989665,3.3740098,5.4326468,3.942251
376,5.8982925,5.85852,4.1490736,7.5158653,4.0781016,6.688165,6.5692325,4.4479313,4.6885767,4.549397,4.588217,4.0065575,5.84125,3.4907372,4.2780023,4.1049204
726,8.505024,5.2274976,5.8972907,6.52443,3.524132,6.154525,4.9927564,3.7268765,3.4645636,3.6563482,5.4676723,4.9699583,4.122117,3.345128,6.072977,4.25317
72,5.304088,4.3261495,4.805455,7.8821764,5.2851796,6.7633047,6.1412816,4.6505075,4.815762,4.573587,4.6301928,3.5394826,5.7444973,4.6243553,4.6273804,5.009955
31,6.2002797,5.353339,3.9894705,7.1325026,4.0341988,6.5250716,6.6405487,4.470126,4.958104,4.8713346,4.178109,4.0779614,5.779827,3.475074,4.2624865,4.07656
702,6.9861526,5.623785,4.503524,6.1957164,3.7823656,5.3786535,5.054717,3.8997414,4.6999497,3.598412,4.987647,4.2576985,4.1059184,3.4571004,5.037661,4.162819
606,7.704116,5.1061625,5.7997265,6.8778462,4.091834,6.0435514,5.1476,4.10226,3.1182318,4.1848826,5.200555,4.6376114,4.739356,3.5650594,5.578641,3.9873424
10,8.0465355,5.4214053,5.378829,6.0948596,2.6198707,6.1861033,5.1433954,3.5691965,3.572855,3.2442605,5.548854,4.746273,3.4854436,3.2694473,5.706781,3.83937
669,8.162036,5.444245,5.6978216,6.1556087,2.6760085,6.2594557,4.9665146,3.6289623,3.3841026,3.1284423,5.7142234,4.834438,3.4742594,3.2754858,5.957557,4.033132
418,7.1538696,5.569069,4.3932476,6.144876,3.7459607,5.36814,5.080916,3.8850484,4.805312,3.6436028,4.831292,4.237455,4.05203,3.5208178,4.878133,4.032279
548,7.8941455,5.04137,5.760489,6.9436016,4.0238695,6.096913,5.294465,4.0691433,3.0212524,4.28219,5.2182345,4.7118764,4.7547355,3.5513535,5.645552,3.9532254
29,7.325428,5.540875,5.746983,6.938397,4.098178,6.244406,5.2063146,4.1764317,3.069956,4.0645967,5.3991585,4.741407,4.9243727,3.3527095,5.5942087,4.0179715
160,6.942261,5.89034,4.3826013,6.238522,3.6184595,5.645821,5.2136507,3.9521189,4.712337,3.5758724,4.9144287,4.2898154,4.18723,3.372129,4.7941413,3.9502106
483,6.8844795,6.079961,5.471023,6.631675,3.6669173,6.507293,5.3722134,4.1110044,3.496179,3.6572993,5.527038,4.8487973,4.7132807,3.0222826,5.693715,4.0611367
291,8.278823,5.268242,5.7245197,6.2065997,3.4711297,5.9827466,5.0210953,3.6258194,3.6679378,3.8526385,5.1558213,5.163794,3.8725698,3.2204757,6.2836747,3.9975638
395,7.2788215,6.2464976,5.9482055,6.6153507,3.3682487,6.812837,5.153075,4.0131407,3.3582447,3.089738,6.03898,4.89618,4.5714583,2.9411807,6.012442,4.42106
610,6.1400785,3.9504247,5.0694947,7.6399126,4.9429317,6.779999,6.376315,4.6305404,4.4206185,4.969167,4.419525,3.8858564,5.9503317,4.475807,4.8272777,4.815637
375,8.447584,5.042443,5.6592736,6.2862334,3.5298018,5.8600903,4.947451,3.632727,3.7103064,3.85401,5.1486554,5.004413,3.880445,3.3757133,6.0604963,4.035638
698,6.029795,3.6515474,5.113758,7.618882,4.9598093,6.549051,6.211025,4.6049433,4.6937118,4.825093,4.23449,3.5294354,5.581261,4.7469945,4.796113,4.971112
128,6.702963,5.923558,4.4907703,6.305408,3.7237577,5.654327,5.21321,3.9772859,4.6348877,3.584097,5.043266,4.3083677,4.3047085,3.3233502,4.9460516,4.097313
434,7.994393,5.27488,5.73502,6.4781237,3.485807,6.139056,5.0981255,3.8655386,3.3802907,3.817164,5.2745705,4.858369,4.107991,3.3732343,5.969982,4.036554
226,6.573953,6.7179017,5.815448,6.585646,3.4059741,6.8722796,5.158563,4.129223,3.4346967,3.016261,6.0635343,4.766704,4.68011,2.7917821,5.794425,4.393518
554,5.3850603,4.3581843,4.6673617,7.7309303,5.303819,6.621858,6.049812,4.592965,4.845265,4.49042,4.6356325,3.5521448,5.600982,4.48443,4.6750336,4.95816
302,6.74929,5.0488977,4.6861515,7.4845304,4.2394133,6.666171,6.4054537,4.4285855,4.123959,4.897253,4.5275636,4.178928,5.788315,3.6366389,4.6387177,4.1697316
719,6.3192277,6.6959667,5.567506,6.446239,3.3615866,6.704297,5.16297,4.0021977,3.3503792,3.069298,6.1196632,4.9198203,4.6018114,2.720537,5.542702,4.1915073
657,6.3531857,5.2783933,3.9487376,7.2270217,3.9766042,6.302509,6.4854736,4.3331313,4.929388,4.9552326,4.149277,3.876039,5.5250535,3.605084,4.109789,4.1249566
79,7.980934,5.0190177,5.7332964,6.872492,4.0171533,5.9701066,5.130483,3.99173,3.1967444,4.212962,5.1961203,4.719405,4.628555,3.5371451,5.615384,4.0028796
368,7.055655,5.8535194,4.3573747,6.2257347,3.5602505,5.612647,5.2435966,3.9151678,4.7163124,3.623097,4.8465066,4.30153,4.132989,3.3802102,4.779083,3.8767686
162,5.8487153,5.977702,4.609126,7.4803452,4.1539907,6.674248,6.092255,4.4019246,4.2933254,4.2502384,4.9976687,4.111635,5.5532,3.459485,4.610908,4.2288895
108,7.9016232,5.7668304,5.9449096,6.578483,3.31303,6.502572,5.031076,3.8580656,3.3311913,3.2177577,5.8974485,4.8239894,4.2979903,3.1998796,5.9591646,4.3441033
506,6.07144,5.892652,4.302163,7.198482,3.9327521,6.372145,6.0831327,4.2757154,4.6368027,4.3200827,4.7197285,4.0006995,5.2965536,3.4890163,4.4621263,4.1926413
687,8.423319,5.029204,5.6103816,6.206192,3.5022335,5.8048897,4.943972,3.5955024,3.76526,3.880218,5.0870857,5.0285544,3.8086894,3.368903,6.092266,3.9715817
342,6.1907253,5.864865,4.5471306,7.488479,3.955862,6.4780436,6.0898137,4.2668347,4.282871,4.5011497,4.8074617,4.0033927,5.412326,3.4924412,4.49868,4.217759
377,6.541505,6.147917,4.7149415,6.4770207,3.671731,6.108309,5.36408,4.087767,4.321341,3.5828998,5.206757,4.430668,4.5638175,3.1923294,5.051611,4.08059
126,6.4431314,6.3465953,5.0841026,6.5035887,3.5113556,6.3866005,5.3145094,4.0812025,3.8302667,3.4075053,5.5983305,4.6237493,4.629697,2.9938705,5.239083,4.080384
398,5.251198,4.6130395,4.7582593,7.531905,5.0295753,6.6244726,6.011342,4.5875998,4.845107,4.3177915,4.7210445,3.7786,5.6036234,4.3855596,4.758858,4.799032
364,8.354698,5.195284,5.512485,6.237382,3.3384862,6.012198,5.0857034,3.678246,3.7035587,3.7338288,5.203654,5.009502,3.8368883,3.2967818,6.0118146,3.9773705
211,7.9446664,5.0872355,5.6926074,6.9207172,4.043647,5.9890323,5.173015,4.0031967,3.146711,4.252389,5.233395,4.7679334,4.713768,3.4744277,5.600514,3.966002
664,6.1370974,3.5693922,4.8839135,7.694032,5.1393175,6.5102477,6.2712307,4.573465,4.6801963,5.001199,4.1926107,3.3640618,5.6374173,4.754991,4.65042,5.111245
262,8.286573,5.1170406,5.427141,6.168702,3.4468093,5.850992,5.0695586,3.6609783,3.8055754,3.8713155,5.040107,4.9945173,3.8100522,3.34574,6.013196,3.9135966
362,7.353384,5.7100215,5.6784954,6.739208,3.9100094,6.344429,5.328366,4.1030393,3.1822672,4.029085,5.3781466,5.0122824,4.781216,3.1243517,5.8844047,3.9232433
485,6.672797,6.4308853,5.55645,6.48675,3.4421093,6.6761575,5.2560906,4.091058,3.6069329,3.2430365,5.762469,4.7979417,4.5663595,2.883885,5.7584457,4.241724
695,7.8135056,5.36687,5.773235,6.79558,4.0012016,6.1652155,5.282728,4.055257,3.0433116,4.202666,5.307891,4.996828,4.7470818,3.285788,5.933345,3.8717082
305,8.229778,5.431265,5.7319818,6.3207636,3.1317341,6.1897974,5.10764,3.6396153,3.2198124,3.5518086,5.5887985,5.0120444,3.9300125,3.1923566,6.0902486,3.8956575
440,6.1990895,3.8158073,4.9183135,7.8502164,4.9700546,6.543855,6.2595162,4.563428,4.637764,4.987282,4.2333374,3.3836055,5.58939,4.708483,4.496175,5.029107
220,7.019003,5.808689,4.4426527,6.105095,3.564327,5.4509807,5.0534325,3.8722982,4.7654257,3.4925396,5.0051723,4.2551084,3.9677217,3.3915813,4.9725504,4.135208
647,8.243024,5.3452244,5.7497783,6.2139406,2.8739111,6.2168694,4.988078,3.6170566,3.3408248,3.3211162,5.632996,4.8741026,3.6340678,3.3004167,6.0198092,4.037193
296,5.2674503,4.664656,4.852374,7.6142435,4.944879,6.7623854,6.0550385,4.6546826,4.782241,4.337443,4.7508135,3.8041658,5.70567,4.3857126,4.7398324,4.7454987
223,8.10042,5.5289297,5.563359,6.0990667,2.4720545,6.3181906,4.994426,3.6030374,3.4152222,2.9565587,5.8055606,4.7668786,3.2998416,3.2680137,5.8137536,3.9561527
350,6.1256347,3.8585384,5.1258545,7.8382463,4.9103346,6.662376,6.2612424,4.6200256,4.5669384,4.9310536,4.330963,3.6063051,5.6946716,4.714997,4.580315,4.946532
264,7.0777516,5.9050403,5.67633,6.79704,3.8271623,6.40008,5.2546005,4.111163,3.0185509,3.8219244,5.701057,4.898214,4.8864717,3.04298,5.580386,3.97807
386,6.57354,6.7024918,5.8182354,6.516444,3.3451104,6.8631415,5.133029,4.058367,3.407265,2.9503663,6.1180367,4.84906,4.5923142,2.7719805,5.820806,4.375733
388,7.155638,5.273297,4.60021,6.342882,3.8468173,5.572465,5.1690946,3.9392042,4.5489125,3.8405116,4.861264,4.27022,4.149688,3.638108,5.045665,4.157173
742,8.299706,5.442051,5.9522424,6.4208155,3.1303456,6.2934055,4.959192,3.6909826,3.1849227,3.3391664,5.78612,4.9239697,3.9427125,3.2705216,6.0745034,4.1732426
54,6.1877694,3.8862865,4.982204,7.8618646,4.981613,6.60907,6.2440686,4.588269,4.5887833,4.9493175,4.322901,3.4953628,5.6389604,4.680037,4.5119686,4.995165
297,7.9179964,5.1347275,5.55121,6.8511734,4.032599,5.8051376,5.111968,4.0648775,3.323617,4.1286144,5.15181,4.5474186,4.6023827,3.6344008,5.4281197,3.9530828
686,6.8199425,5.467818,4.751165,6.6145153,4.023296,5.9613414,5.4125147,4.1121387,4.4140797,3.8947113,4.9394646,4.2841845,4.627293,3.5796847,5.032482,4.186253
273,7.0485578,5.6964784,4.3126125,6.1558647,3.6889331,5.3297124,5.0781074,3.8797102,4.8379984,3.5977256,4.863532,4.210413,4.0316005,3.4540021,4.8269553,4.032729
490,6.667027,5.2931795,4.240411,7.584389,4.009501,6.6111784,6.678466,4.3999076,4.4864106,4.979946,4.2755218,3.985505,5.837312,3.7059343,4.2531343,4.0940948
207,6.500053,5.4535284,4.4261713,7.8424582,4.017577,6.446341,6.408084,4.2620387,4.176811,5.1892734,4.422801,3.8006601,5.6834874,3.5934489,4.208873,4.2499137
486,7.0511675,5.568091,4.315284,6.1694074,3.8147457,5.2473516,5.0327244,3.8836558,4.8425403,3.6256802,4.8607006,4.186672,4.0532913,3.507588,4.852226,4.07777
619,6.501511,5.4890194,4.3650537,7.7709627,3.9829693,6.3872433,6.363068,4.240049,4.2731757,5.090788,4.4248667,3.7847538,5.594321,3.6452162,4.1805024,4.233662
621,5.8043036,6.002479,4.432845,7.558108,4.2138457,6.6622725,6.1438155,4.4493256,4.4636636,4.2712297,4.912196,4.0242214,5.5941606,3.509211,4.388501,4.1959577
112,5.8456817,6.0435133,4.1729283,7.4742637,4.192558,6.9043593,6.5167036,4.597077,4.5833683,4.4406595,4.7348194,4.268295,5.9378066,3.2271469,4.310586,3.9587233
570,6.4029527,4.5177236,4.8021555,7.5619917,4.6022615,6.737051,6.411692,4.561496,4.359129,4.8911576,4.4683337,3.9678962,5.8691597,4.0168533,4.701894,4.4514017
608,7.285807,5.6268315,5.703249,6.8855495,4.021801,6.279636,5.2409625,4.1585507,3.0940082,4.0157595,5.4423985,4.8159795,4.8967733,3.272228,5.641281,3.992803
138,6.270344,3.7334929,4.938262,7.7278996,4.934871,6.498685,6.25448,4.557964,4.63664,4.9871798,4.2068744,3.4511163,5.586102,4.6950793,4.545164,5.0095806
82,8.293763,5.374724,5.8690686,6.161263,2.7761266,6.2392683,4.876204,3.587645,3.3010428,3.1747885,5.748396,4.8870177,3.524043,3.2922912,6.1157856,4.127246
572,6.347296,3.597251,4.932658,7.6756687,5.0960684,6.579555,6.321264,4.58619,4.495235,5.0786915,4.253335,3.54114,5.74649,4.631271,4.7482824,4.988178
728,6.456938,5.1889224,3.9571102,7.0761814,3.9252152,6.1879063,6.3827014,4.2927804,5.028951,4.806146,4.1372404,3.8244805,5.361608,3.721379,4.124605,4.1779604
327,6.32743,4.317105,4.932556,7.581749,4.675438,6.752417,6.399886,4.593029,4.381897,4.9100165,4.44048,3.9453812,5.882779,4.1766915,4.750808,4.5471683
575,8.050306,5.4395356,5.38442,6.2417836,2.8784437,6.1753225,5.224938,3.5971437,3.4539447,3.4343512,5.5228734,4.8018146,3.757976,3.2423887,5.669887,3.7464721
735,6.564006,5.2169824,4.3347006,7.073329,4.0911717,6.355781,6.264955,4.354478,4.6724825,4.6440735,4.3975487,4.162214,5.420526,3.6223156,4.5495687,4.0902886
655,8.375685,5.0845847,5.827369,6.536242,3.6400604,6.0105705,4.957772,3.7507925,3.4827387,3.8048418,5.339582,4.890561,4.1390963,3.424049,5.95066,4.186732
212,6.5997343,5.4062047,4.0344605,7.3070216,3.899836,6.5283184,6.743651,4.4077597,4.7839246,5.032205,4.083978,4.1285563,5.8399973,3.5430152,4.2397113,3.9412146
622,7.5781407,5.3931117,4.89205,6.4971476,3.4792652,6.0167236,5.5772233,3.8557909,4.106715,4.117938,4.807817,4.6439714,4.2835016,3.372959,5.3447866,3.8252754
392,8.283621,5.243044,5.6794524,6.1377745,3.4605722,5.902163,4.975575,3.5724914,3.732128,3.846516,5.1293936,5.1637354,3.8128939,3.232334,6.2738123,3.93269
38,5.4750814,4.2367797,4.820031,7.856147,5.208206,6.6977043,6.077083,4.6496243,4.8046956,4.6090207,4.5747185,3.489417,5.6398945,4.6305017,4.6066065,4.983009
107,5.971121,3.8624947,4.8353114,7.9447,5.12823,6.5796547,6.258335,4.568153,4.6571164,5.013804,4.297301,3.3298414,5.664925,4.7485337,4.47176,5.105258
57,8.4682255,5.1098394,5.5289373,6.262554,3.4218252,5.946078,5.062565,3.667845,3.7395487,3.8127675,5.138949,5.0154243,3.8504486,3.3354442,6.027462,4.0063567
169,7.206737,5.4740753,4.443664,6.1394725,3.8294017,5.3199806,5.0248394,3.8847969,4.7684793,3.62907,4.859787,4.2316904,4.0729394,3.5605805,4.914534,4.0603547
401,8.420649,5.08777,5.5383334,6.183808,3.4594295,5.8702455,5.0488644,3.636175,3.7036586,3.9028914,5.075937,5.0889974,3.814362,3.3198488,6.127017,3.883954
666,7.2982736,5.2689934,4.663013,6.3184094,3.7788498,5.6052437,5.235675,3.90687,4.4915924,3.8831618,4.826627,4.3438354,4.1488037,3.6130638,5.1213408,4.0703635
720,6.3941827,5.3148036,3.9552975,7.3616934,3.9374077,6.3314114,6.5711007,4.322419,4.8351345,5.0891643,4.1084156,3.821016,5.625412,3.5929809,4.041015,4.142645
330,8.38447,5.1696653,5.6249113,6.2192564,3.4767015,5.9700813,5.083786,3.6511817,3.7780843,3.9135942,5.040738,5.139284,3.8248067,3.25144,6.2186093,4.053637
260,8.289158,5.466283,5.926215,6.5917497,3.3135653,6.2579775,5.004583,3.728435,3.0877824,3.4522083,5.8201017,4.850183,4.2318263,3.2961752,5.893886,4.164895
592,5.6171284,4.0089364,4.8927913,7.9361696,5.2174144,6.7202125,6.1961126,4.651806,4.749983,4.797246,4.453148,3.4203126,5.7293615,4.760526,4.5589786,5.070091
446,7.182502,5.8009067,5.5984488,6.7290792,3.8329265,6.3759403,5.3262887,4.104586,3.2281523,3.8931363,5.4846673,4.9153323,4.7777963,3.115036,5.730692,3.9675276
287,6.8681626,5.551492,4.238594,7.588201,3.801748,6.396394,6.4814715,4.2239733,4.3657575,4.951736,4.345087,3.9281502,5.566783,3.6660604,4.182305,4.0635343
550,5.985506,3.5445602,4.948374,7.699554,5.132096,6.5031757,6.256813,4.5842,4.6761155,5.020307,4.219937,3.4277773,5.694385,4.8422756,4.649406,5.1428285
190,8.265226,5.220338,5.4438963,6.172763,3.2247713,5.9866266,5.0986075,3.6370978,3.7387342,3.703723,5.187878,4.967075,3.7480757,3.2959971,5.9540677,3.9160185
628,6.2970934,3.6336014,5.250108,7.6574926,4.8995485,6.6165466,6.234835,4.612036,4.440515,4.9487195,4.331349,3.759861,5.700791,4.6939216,4.83515,4.8891935
749,5.4954348,4.3634424,4.7555394,7.795629,5.177938,6.6570873,6.020981,4.623741,4.787129,4.535241,4.6203065,3.5186515,5.5741234,4.5129685,4.6308346,4.919904
576,5.7639213,6.086827,4.3183737,7.383249,4.115796,6.5545416,6.0723186,4.391147,4.689975,4.1360884,4.880147,3.9851127,5.4142413,3.5451863,4.425519,4.220702
140,6.411984,6.7178283,5.7011743,6.408597,3.3061163,6.796494,5.126647,3.969263,3.4282765,2.949875,6.1275234,4.9411163,4.4933357,2.7320185,5.7331057,4.3051596
242,6.477918,6.7796354,5.790207,6.640468,3.4471426,6.906703,5.1872816,4.194027,3.4622183,3.0287104,6.0375166,4.7060204,4.768667,2.7815094,5.762911,4.4285197
760,6.8490353,5.5548415,4.2314415,7.609142,3.7893262,6.4819784,6.611288,4.2898197,4.3331337,5.0661077,4.2919087,4.1113505,5.73414,3.5881553,4.2366557,3.8913352
638,6.70965,5.938142,4.641706,6.5366755,3.7341022,6.092428,5.436364,4.11441,4.4323792,3.6799126,5.073844,4.362245,4.5984364,3.326485,4.905825,4.057607
510,7.193106,5.80496,5.7096524,6.8326097,3.8817422,6.3418345,5.2267413,4.1068254,2.9605699,3.8916302,5.66039,4.9040666,4.8838053,3.0915005,5.60084,3.9524534
759,8.095618,5.3250346,5.3926744,6.2194695,2.9232805,6.1490493,5.2102203,3.6139498,3.4712052,3.511173,5.4472284,4.8509154,3.747837,3.25771,5.716109,3.7671647
679,6.329718,3.8472672,5.112269,7.7004986,4.9232216,6.6514544,6.2425985,4.6153245,4.439131,4.884915,4.3662357,3.6967561,5.651551,4.5287304,4.819805,4.7923646
400,5.9139204,3.7720823,5.1806417,7.572805,4.95239,6.648498,6.2215543,4.6462383,4.610326,4.7950573,4.373546,3.7497854,5.7340918,4.6691437,4.88631,4.868882
468,6.9886327,5.9216123,4.3525863,6.0642414,3.5404541,5.4937954,4.990327,3.904563,4.8301067,3.3853571,5.0212007,4.215351,3.9818184,3.3846862,4.771132,4.092721
661,6.5156937,5.349349,4.3093224,7.4401774,4.12045,6.3652678,6.286272,4.31582,4.5778193,4.8384104,4.380547,4.007858,5.475298,3.6968935,4.3661385,4.0965195
189,7.8411503,5.2594085,5.644169,6.6380577,3.8939238,6.0985174,5.2884917,3.9622166,3.3024547,4.219944,5.1273685,5.0072327,4.532184,3.2921329,5.9223776,3.8511713
691,8.127313,5.354394,5.717776,6.342869,3.3602307,6.174839,5.119312,3.7741292,3.448341,3.7496662,5.2987742,5.02866,3.9774592,3.2530198,6.1472387,4.0163717
427,6.2519684,3.527642,5.1656036,7.676585,5.0772176,6.784884,6.4277663,4.6919494,4.425713,5.0609765,4.2936883,3.6824346,5.9398704,4.655328,4.899482,4.880964
387,6.216319,3.5758479,5.2373586,7.6995244,5.057779,6.8274264,6.4243636,4.704897,4.3755865,5.0489798,4.346284,3.7593684,5.9818063,4.6416492,4.9269457,4.853543
314,8.071967,5.1982126,5.472549,6.7163515,3.5392194,6.1429825,5.4113326,3.8766856,3.2793493,4.126634,5.195909,4.797692,4.449439,3.3980973,5.604425,3.8789825
329,5.239873,4.376459,4.883126,7.8589487,5.217299,6.753778,6.0490937,4.656418,4.80829,4.4802856,4.6740804,3.556287,5.668956,4.6372876,4.675373,4.983261
467,6.208297,3.55943,4.9362636,7.726447,5.0783086,6.501567,6.253237,4.578014,4.6473727,5.0290747,4.200377,3.4012847,5.630867,4.772201,4.590435,5.100152
201,6.4139767,4.1349087,4.747339,7.5564213,4.834533,6.356763,6.079581,4.429963,4.5445566,4.7935553,4.3726645,3.5451746,5.3638163,4.399276,4.634559,4.8349214
523,7.3997073,5.493866,5.761179,6.892012,4.0925775,6.209148,5.216295,4.1615925,3.06446,4.10541,5.3500166,4.7993054,4.8845735,3.3465846,5.6608605,3.9677436
252,5.9327536,3.5925243,4.89059,7.7724824,5.1799397,6.515771,6.2466817,4.586238,4.738954,5.0027614,4.215606,3.336517,5.656382,4.8496127,4.585674,5.1813073
540,5.9655914,5.684444,4.2078257,7.344229,4.327569,6.7464695,6.4142456,4.600608,4.6996193,4.4141736,4.640231,4.1691804,5.7841067,3.4760046,4.306301,4.046913
309,8.016882,5.5489154,5.538073,6.065112,2.564613,6.2682943,5.0506587,3.527505,3.4085383,3.0859907,5.7478456,4.811037,3.4675076,3.2006276,5.807121,3.894578
556,7.01804,5.8884125,4.4462075,6.0731134,3.509763,5.581741,5.005715,3.9022095,4.749082,3.379952,5.073507,4.2603917,3.9826963,3.3765771,4.866188,4.1290593
148,5.1979547,4.433487,4.8133287,7.6289725,5.1505203,6.640955,5.980601,4.6245065,4.8751197,4.352924,4.70266,3.684684,5.598931,4.517294,4.7499967,4.892874
607,7.3900514,5.369059,5.7531734,6.8379903,4.0630765,6.1109676,5.1506867,4.144685,3.1071804,4.0690265,5.2937355,4.665244,4.7917786,3.4451973,5.531839,3.9616742
580,8.25151,5.3642774,5.69679,6.2405267,2.953753,6.192101,5.0545783,3.6193695,3.3075168,3.4119546,5.6007314,4.9184923,3.723491,3.2628727,6.0052342,3.9622307
345,6.423324,5.282165,4.182482,7.3751607,4.0743265,6.6431656,6.7540693,4.494522,4.711304,5.029648,4.1560507,4.1314683,5.968422,3.576474,4.3276267,4.0355635
58,7.554533,5.278392,4.7606997,6.242555,3.4775367,5.7374277,5.392116,3.7959554,4.371085,3.9645529,4.743254,4.512487,3.9896789,3.527807,5.2967505,3.89226
751,5.802922,5.42572,4.3573337,7.335915,4.361342,6.539427,6.1843133,4.4654922,4.7987337,4.366375,4.6442914,3.9214785,5.518197,3.7830305,4.469078,4.3580575
423,6.0419154,3.9630587,5.0470395,7.6923556,4.9986563,6.8508263,6.4195123,4.6778626,4.4808483,4.916701,4.4247108,3.7923121,5.98707,4.469734,4.829198,4.764024
525,7.083256,5.5920734,4.3298855,6.082614,3.7923882,5.290468,4.9309373,3.911626,4.8624983,3.512674,4.9243755,4.1809287,4.0389085,3.5196815,4.77936,4.066175
478,5.7851906,3.8797972,4.8185406,7.9220862,5.2114534,6.63576,6.2626576,4.601761,4.7097406,4.9607296,4.343219,3.3503292,5.7333894,4.762452,4.518071,5.113056
103,6.324656,5.2581434,4.3738947,7.4663696,4.1895304,6.6903787,6.6257,4.507896,4.488504,5.018537,4.33857,4.1488934,5.9662986,3.529918,4.4415708,4.0974517
290,6.504719,5.9028554,4.5634084,6.788056,3.9057825,6.2921734,5.688483,4.2590747,4.4588203,3.8618243,4.9953394,4.329442,4.9371552,3.3522477,4.7542205,4.045449
12,8.424313,5.343248,6.080352,6.6092,3.4902782,6.328125,4.9840794,3.7875917,3.274033,3.5208302,5.6588826,4.962391,4.205504,3.3329208,6.1226325,4.302402
197,7.6310873,5.5539103,5.714028,6.7620635,3.7075758,6.235067,5.1818366,3.9644628,2.988942,3.8552942,5.6275525,4.8773556,4.6532006,3.2067113,5.6286163,3.9545522
195,7.7461147,5.0211296,5.806499,6.916313,4.0678306,6.119432,5.2559276,4.095161,3.0559597,4.2683873,5.1822433,4.657759,4.7747855,3.5781245,5.610305,3.9766498
77,6.311481,3.598005,5.3285847,7.670243,4.924563,6.701992,6.283541,4.647193,4.36427,4.9833198,4.360234,3.8344898,5.7941055,4.674674,4.9122963,4.8541794
458,7.2860727,5.633764,5.678953,6.9521704,4.078022,6.323259,5.2758923,4.1822453,3.1507368,4.0206337,5.4446216,4.788692,4.9608717,3.304417,5.672995,4.069521
97,8.337351,5.157062,5.5695825,6.194423,3.443365,5.958093,5.133034,3.689663,3.5177689,3.9455109,5.114344,5.1480823,3.8724039,3.2787907,6.2135377,3.787481
332,7.656431,5.288603,5.6727614,6.9857225,4.214399,6.092499,5.2546225,4.14174,3.1814778,4.2488375,5.269571,4.747235,4.9326105,3.4518142,5.645447,4.002521
646,6.3759627,4.6117487,4.7150116,7.5810957,4.5480256,6.7299395,6.4744735,4.5599046,4.410215,4.9298906,4.4182525,3.9521062,5.8896823,3.9896703,4.629126,4.42087
417,5.9240513,3.616433,4.9035096,7.791941,5.1646566,6.565781,6.2820024,4.6086354,4.755162,5.0054994,4.207721,3.3452659,5.6965365,4.851287,4.5754304,5.160992
671,5.6177955,4.399666,4.6738405,7.647477,5.137074,6.5732713,6.0346813,4.573522,4.780344,4.509851,4.602831,3.5875084,5.536107,4.3923235,4.67551,4.8652353
347,6.7986574,5.528141,4.3659043,7.656366,3.917578,6.492114,6.4632654,4.2626295,4.217703,4.987167,4.4313903,3.9442682,5.6584888,3.5780625,4.261437,4.123692
477,6.5149117,6.638722,5.6750364,6.453746,3.3215413,6.764257,5.140353,3.9779487,3.3931067,3.0191371,6.1103606,4.949524,4.5620766,2.754949,5.693359,4.2724323
397,6.2189054,5.4043045,3.7503684,7.179542,3.9192226,6.447998,6.7622776,4.437922,5.0660434,5.091846,3.9939911,4.006672,5.8125567,3.4471982,4.0561833,4.005536
471,8.219591,5.064169,5.8008842,6.8274736,3.7641404,6.0665555,5.1594896,3.9654088,3.1190846,4.0058427,5.3462586,4.6755643,4.462303,3.5698197,5.655306,4.0631104
92,7.490039,5.290658,4.7923274,6.2186112,3.877146,5.454607,5.1023483,3.8586216,4.437985,3.7330995,4.9177117,4.396833,4.207008,3.565303,5.2255144,4.0253186
599,8.03899,5.5928183,5.7806373,6.498996,3.1210794,6.345744,5.0305247,3.7633278,3.3258452,3.2517571,5.821047,4.7484865,4.0706773,3.2830663,5.779369,4.1920333
479,8.291212,5.3882937,5.803356,6.1356173,2.8577461,6.1866803,4.923457,3.5817196,3.3492918,3.2670977,5.661727,4.9592366,3.5485609,3.2428536,6.1367106,4.0704193
255,8.363687,5.1872296,5.5993886,6.101241,3.4103687,5.8946486,5.0393744,3.598943,3.61535,3.8737516,5.1286054,5.1945987,3.775263,3.2454743,6.281948,3.801585
502,8.187897,5.3437753,5.4545918,6.1078267,2.8424134,6.0984383,5.0920553,3.5590208,3.566378,3.4184628,5.44143,4.884191,3.566459,3.2635663,5.857268,3.8475473
173,8.010684,5.2804985,5.5768538,6.349633,3.2968554,6.086012,5.0439634,3.7568765,3.592407,3.6140945,5.3506904,4.756258,3.9064374,3.3911107,5.8073535,4.07088
198,5.4904428,4.148005,4.867578,7.917038,5.2249346,6.7088647,6.112467,4.6508336,4.7841344,4.678571,4.537034,3.4471025,5.6736765,4.712049,4.5784116,5.048761
228,6.783359,6.2401905,5.529188,6.6800427,3.742842,6.5216017,5.1905346,4.201152,3.7310264,3.3657901,5.649956,4.5188584,4.756932,3.1298513,5.5045657,4.367457
320,7.610708,5.4401817,4.9268203,6.2354617,3.5504122,5.7621894,5.166723,3.7932267,4.166262,3.7121727,5.0274115,4.634574,4.048779,3.370315,5.405489,3.9146776
526,6.513423,5.1966515,4.668703,7.4962926,4.2243695,6.6898804,6.4266887,4.46133,4.1600575,4.9479766,4.5347853,4.202783,5.849147,3.5216982,4.64109,4.1558356
601,7.7866464,5.150124,5.390793,6.6364827,3.7979345,5.867924,5.205441,3.9444735,3.5448318,4.091763,5.0413938,4.620955,4.390476,3.5330315,5.461569,3.8768353
365,7.3973575,5.3531666,4.8411365,6.26788,3.6967454,5.583652,5.013983,3.8580582,4.304238,3.6600847,5.0695066,4.386142,4.028197,3.5294347,5.2351155,4.1197624
460,7.0713506,6.3318706,5.8271227,6.560946,3.3538823,6.8049574,5.197571,4.03001,3.457097,3.0924847,5.985165,4.8827586,4.5561056,2.8924701,5.950191,4.388101
236,6.2769747,5.3807487,4.479749,7.7406497,4.142769,6.401682,6.2321706,4.2831492,4.329496,4.9278517,4.529307,3.7385635,5.536497,3.7573879,4.2764287,4.3693147
541,8.3672695,5.377978,6.01197,6.5459194,3.377062,6.3029118,4.99315,3.7567718,3.2303433,3.4929276,5.6857085,4.9490676,4.130821,3.3061497,6.1056995,4.2243056
670,6.2989874,6.5893774,5.5480576,6.4165635,3.455025,6.672877,5.14327,4.0002985,3.601381,2.9981728,5.9628763,4.798553,4.4947934,2.872585,5.5962405,4.304738
168,8.065312,5.430085,5.3550572,6.1748805,2.7961342,6.14676,5.195447,3.562871,3.5161066,3.3877416,5.5050254,4.7946196,3.646682,3.254338,5.674628,3.7549987
222,6.1797314,5.132138,4.440319,7.3891406,4.337569,6.508025,6.282525,4.449712,4.6144476,4.6899486,4.482439,3.9569852,5.601812,3.8073134,4.4570837,4.317122
613,7.4179797,5.6850767,5.409253,6.4515944,3.7378464,6.151587,5.223967,3.9258714,3.670032,3.8191934,5.279387,4.9482245,4.4186087,3.1709378,5.8351507,3.9664717
513,5.7899003,5.934057,4.4547377,7.512804,4.2119975,6.5704336,6.047073,4.400258,4.515274,4.227601,4.911171,3.9531188,5.464067,3.6026301,4.42872,4.2757335
678,5.8288116,3.5921082,4.9452524,7.8054724,5.2136374,6.529671,6.2019486,4.598853,4.7481685,4.944567,4.251772,3.3319483,5.636143,4.889596,4.618939,5.1912894
235,6.2202597,3.901876,4.9244394,7.6356096,4.819234,6.4763412,6.2307205,4.550842,4.678359,4.8633213,4.2192473,3.5166404,5.5186405,4.5777907,4.618679,4.885456
85,6.3493814,5.3059645,4.0507855,7.325946,4.041756,6.5712676,6.7382045,4.47223,4.8290834,5.016721,4.1244087,4.05877,5.8944173,3.5620456,4.225529,4.047127
660,7.6139984,5.453739,4.5160184,6.2109246,3.507773,5.5569534,5.27018,3.768238,4.5358725,3.8266006,4.6961026,4.4209995,3.9908435,3.465181,4.968249,3.7341938
508,7.7638683,5.3355093,5.5529304,6.717575,3.8196902,6.028025,5.2043095,3.9783874,3.32599,4.0429034,5.2335086,4.762295,4.530008,3.4008045,5.613134,3.909118
721,8.155953,5.441785,5.642354,6.3387375,3.113042,6.204716,5.156828,3.6437967,3.2358103,3.536655,5.59839,4.9568753,3.9581244,3.2021885,5.929734,3.8327408
279,6.5345035,6.055749,4.6304746,6.514241,3.716374,6.043583,5.421358,4.072452,4.4183345,3.6842914,5.1004663,4.3785405,4.5776734,3.2588165,5.0105963,4.082578
644,6.757273,5.3877563,4.485865,7.5558414,4.1634464,6.680547,6.4142914,4.4035397,4.1336446,4.767572,4.609186,4.112496,5.725952,3.5547009,4.419833,4.108028
209,5.9550385,3.879532,5.238373,7.636106,4.9421105,6.7417955,6.2441025,4.67161,4.5226216,4.7756963,4.436233,3.80352,5.774153,4.5988417,4.931273,4.78258
737,5.2926307,4.402465,4.8784337,7.7860875,5.1056647,6.7554107,6.014257,4.684938,4.836254,4.443748,4.6771555,3.5961025,5.645132,4.5801105,4.656382,4.898287
196,7.9876785,5.4728265,5.327982,6.1150556,2.5871031,6.219397,5.1933446,3.5802338,3.6020873,3.2118485,5.570782,4.699432,3.5066442,3.249296,5.6215267,3.78234
214,6.360089,3.7708383,4.883949,7.6708593,5.027672,6.5388737,6.262074,4.5555797,4.495735,5.000866,4.297239,3.557807,5.6523414,4.5428524,4.7080317,4.9290032
114,5.3117437,4.610884,4.844357,7.6250606,5.0054917,6.7316546,6.0571704,4.619736,4.7669973,4.3482976,4.7399344,3.7795818,5.6687994,4.3947563,4.7694397,4.7962484
70,6.291991,5.42925,3.803116,7.239315,3.9203815,6.407811,6.689238,4.3907695,4.9961376,5.0930076,4.0423465,3.9762774,5.741049,3.4494433,4.0534143,4.0168123
269,7.7919254,5.3226786,5.2080097,6.491609,3.5319874,5.9428663,5.315003,3.8467932,3.7198403,3.9915438,5.0509377,4.710947,4.2337832,3.3895762,5.50175,3.8280914
105,7.1296697,5.687866,4.4111047,6.121638,3.5902033,5.3962803,5.111202,3.857195,4.7954087,3.610449,4.8783646,4.266117,3.9768941,3.4383786,4.946363,4.0547314
177,6.9432845,5.449734,4.4407125,7.588793,3.9885304,6.563203,6.4330297,4.3009973,4.1292048,4.866333,4.5147223,4.0549655,5.646602,3.5876925,4.3590097,4.0887256
727,6.061399,5.3623967,4.2568994,7.398618,4.334203,6.714957,6.528561,4.567578,4.724202,4.6528225,4.4630356,4.080258,5.855062,3.6329234,4.367749,4.1533995
520,6.495345,6.722704,5.719807,6.6096435,3.4616725,6.8477716,5.1984024,4.1854877,3.5214765,3.0762856,5.971637,4.6794076,4.738506,2.8228753,5.7116137,4.389904
131,7.8046675,5.1862307,5.772414,6.931354,4.1406326,6.04101,5.1721225,4.119117,3.1294258,4.187752,5.2503443,4.6950493,4.7923627,3.5355575,5.6634727,4.010446
294,8.444333,5.065782,5.5536723,6.2063284,3.4916205,5.8778634,5.063336,3.6382027,3.7749462,3.9462109,5.0103264,5.0947113,3.8101988,3.314474,6.136885,3.9753633
750,8.076778,5.498063,5.559868,6.15074,2.5645256,6.2794566,5.0180507,3.6208754,3.47865,3.0552373,5.7282963,4.724024,3.4307191,3.2937548,5.7723155,3.9801607
469,6.568558,5.5696115,4.406288,7.6380363,4.0051303,6.43852,6.3251915,4.2882776,4.2800193,4.9253025,4.497033,4.014397,5.5928006,3.5642536,4.3233767,4.0603533
489,6.8922377,5.2517962,4.493168,7.616727,4.0491443,6.5477214,6.4522696,4.326378,4.1229787,5.0223827,4.440156,4.038651,5.70918,3.6266344,4.379369,4.1156483
632,6.0574183,6.034605,4.1515946,7.430377,3.9338508,6.5680947,6.397604,4.3476424,4.6527534,4.412426,4.658888,4.016232,5.608591,3.4590788,4.288382,4.0684733
725,6.711899,5.444913,4.397876,7.411671,3.9881678,6.2680736,6.1638436,4.2214456,4.395039,4.8145976,4.467831,4.042944,5.333693,3.6096327,4.413914,4.0517535
256,6.0640497,5.5903435,4.0505786,7.4695187,4.1076446,6.5779724,6.5872145,4.4493217,4.7493463,4.8408017,4.3678727,3.9730093,5.8073316,3.503304,4.169036,4.0941157
416,6.267223,6.8019786,5.652714,6.4198933,3.3022678,6.8299894,5.1673384,4.0336165,3.4107606,2.9262345,6.1510267,4.865733,4.5451417,2.7081778,5.6555524,4.2881494
308,8.082097,5.3887496,5.4448633,6.139364,2.7002964,6.1770697,5.099371,3.6100605,3.5544164,3.2834687,5.5304646,4.754693,3.5175152,3.305437,5.756378,3.9116406
176,7.2700653,5.382934,4.538608,6.2789154,3.8813689,5.5361466,5.189531,3.9376836,4.6446805,3.814594,4.7635875,4.2839932,4.2339478,3.6177604,4.9098043,3.9781148
145,8.135682,5.4908566,5.7052407,6.095287,2.5990152,6.291274,4.9369917,3.5709383,3.3417277,3.0599093,5.778417,4.825566,3.4061627,3.248369,5.96737,4.046368
45,7.8310223,5.346553,4.927063,6.191839,3.2634306,5.8395615,5.3178773,3.6904154,4.133965,3.836874,4.906397,4.7157984,3.8438425,3.362233,5.498068,3.7750084
699,6.8475494,6.0028334,4.4044867,6.209059,3.6023743,5.7027774,5.1439314,3.9797673,4.7115793,3.4567182,5.0227485,4.271439,4.200958,3.337559,4.7720404,4.0240097
186,6.779994,6.5114183,5.7764373,6.5676074,3.3310125,6.789586,5.196722,4.081854,3.2134936,3.1494803,6.0574255,4.898192,4.6198115,2.7931502,5.8420043,4.1845026
476,6.486364,5.3517976,4.0093875,7.4272385,3.8836012,6.27331,6.497463,4.256746,4.7216578,5.108495,4.1535897,3.773492,5.5410805,3.6009564,4.033805,4.1612086
30,5.907108,3.803092,4.852095,7.887471,5.196867,6.5413065,6.2083774,4.560458,4.6626797,4.96977,4.3229723,3.3476453,5.634089,4.7713847,4.5609746,5.1421304
553,6.819098,6.025201,4.4504976,6.27465,3.5855563,5.7999516,5.2277975,3.9973245,4.6423573,3.5066473,5.0293956,4.3066373,4.265965,3.3105261,4.8141303,4.0064406
528,7.1754427,5.9054117,5.619082,6.6294003,3.7477818,6.442736,5.334284,4.0798297,3.3486245,3.8236597,5.4362826,4.990152,4.6685176,3.05269,5.9129543,3.9976668
582,5.854053,4.301865,4.7513595,7.4795094,4.8303847,6.4182024,6.1269183,4.4989333,4.758446,4.641672,4.4263754,3.6811306,5.4940476,4.3988543,4.6733007,4.835181
689,6.069677,3.4272044,4.9642124,7.580224,5.148612,6.40893,6.200911,4.558693,4.624578,5.0416064,4.23709,3.5177612,5.6678348,4.8120055,4.742731,5.1586075
225,6.874256,5.1944985,4.5042295,7.6441708,4.1013227,6.4910555,6.36621,4.296104,4.106305,5.0002112,4.4728713,3.9371214,5.6108427,3.6828215,4.3498697,4.210029
268,6.9492583,5.3588037,4.54028,7.5638094,4.0735717,6.595519,6.374228,4.3270845,4.0590334,4.825117,4.57896,4.0974154,5.6417336,3.5892885,4.4455585,4.113377
98,6.8951607,6.008208,4.467464,6.1624146,3.5080118,5.7643595,5.101872,3.9639041,4.6859713,3.3810322,5.1075835,4.2850194,4.128773,3.324286,4.825854,4.098898
557,6.9699225,5.677272,4.4106436,6.1595626,3.7160325,5.3352833,5.077709,3.8833463,4.800047,3.598369,4.9340167,4.241564,4.041767,3.436003,4.9942093,4.1363225
288,7.684392,5.5718193,4.7427373,6.2728252,3.5142572,5.4971266,5.0384336,3.848569,4.3787136,3.6596103,4.9317875,4.270359,4.011637,3.555751,4.86455,3.9183407
300,8.306189,5.3578763,5.819681,6.2107344,2.9470801,6.197959,4.959055,3.6040854,3.303272,3.3601034,5.6380877,4.964996,3.6603165,3.2601666,6.130198,4.0437236
156,7.627283,5.347798,4.621483,6.191468,3.7235818,5.421061,5.0903425,3.7966316,4.4973917,3.7443762,4.798694,4.4137435,4.078202,3.512723,5.05774,3.8337877
8,5.748177,6.1303406,4.153279,7.366727,4.0244374,6.58889,6.293824,4.387989,4.740989,4.1908464,4.7959895,3.9993217,5.5580783,3.4526265,4.320766,4.129438
184,5.773263,3.6886818,4.8921676,7.8565984,5.248932,6.5664573,6.2102222,4.601542,4.746582,4.940305,4.2960086,3.3240724,5.6677585,4.859326,4.5888405,5.1834407
696,6.9066133,6.50683,5.8260655,6.466631,3.2660632,6.7798314,5.125381,4.0395513,3.3420131,3.037802,6.037971,4.8455825,4.4829383,2.812106,5.8710194,4.3004036
682,5.850545,6.0537863,4.174902,7.333202,4.08668,6.592397,6.241797,4.429865,4.767606,4.207671,4.7638183,4.0443883,5.5184145,3.4913163,4.3459353,4.110258
239,6.6774063,5.028545,4.667454,7.53533,4.3001,6.70174,6.4335704,4.460222,4.1570387,4.8991466,4.5252256,4.1422796,5.842388,3.6749618,4.6018395,4.1914454
39,6.0763917,5.659458,4.2261496,7.3028016,4.2633,6.5931296,6.277539,4.532722,4.690841,4.4163933,4.6350946,4.12251,5.612034,3.5090125,4.27056,4.047725
723,6.018557,3.660644,5.2270064,7.629149,4.9644203,6.5391016,6.138144,4.6074557,4.578555,4.8502603,4.36189,3.7149606,5.6226444,4.769238,4.8050585,4.9762645
701,6.091099,5.6420794,4.2305703,7.229775,4.3087115,6.648548,6.288385,4.583916,4.6963396,4.3628516,4.650206,4.2080255,5.6459603,3.461394,4.3035417,4.007505
412,6.338943,6.770583,5.6149936,6.5578103,3.4161954,6.821773,5.2259784,4.167538,3.527394,3.0849526,5.9827595,4.708679,4.7192216,2.7747002,5.6299644,4.3209996
514,5.193031,4.4450445,4.8392,7.9247036,5.2587395,6.8011575,6.1229334,4.6531367,4.812243,4.5182123,4.676355,3.5464299,5.7473173,4.638231,4.629842,5.0112762
587,8.051616,5.5508246,5.5312395,6.074676,2.4485357,6.3030405,5.014661,3.5689929,3.4441023,2.9726045,5.789094,4.7432013,3.334477,3.2549362,5.768676,3.935381
313,6.686715,6.347672,5.508333,6.461043,3.4892726,6.5841427,5.238666,4.03535,3.6459513,3.315515,5.6871324,4.8373146,4.512982,2.927715,5.7310905,4.2040844
205,7.43373,5.3928823,4.8887105,6.323429,3.3834624,5.8715086,5.262942,3.8267145,4.2186623,3.7301857,5.0581093,4.400919,4.0114446,3.4894104,5.236597,4.0714803
408,8.156381,5.4355054,5.6661186,6.1092296,2.669656,6.2417974,4.985114,3.5796876,3.392457,3.1545997,5.697045,4.844474,3.466463,3.2559285,5.960364,4.0055904
645,6.553913,4.731467,4.7566876,7.5245175,4.4603176,6.652977,6.3459954,4.480134,4.257102,4.8752785,4.5070715,4.034808,5.775335,3.8804955,4.6701055,4.3484545
732,6.412752,5.271553,4.1817737,7.538571,4.1101193,6.605569,6.6596093,4.4434576,4.632196,4.9558206,4.276375,3.9902427,5.8440876,3.6903913,4.260045,4.101284
147,7.2904315,5.4009724,4.8898177,6.42368,3.8028662,5.82798,5.3598647,3.9764695,4.294678,3.91102,4.912544,4.430783,4.395037,3.539963,5.2487574,4.0487137
95,5.7596316,5.542549,4.4827547,7.443374,4.3976746,6.6033835,6.1213326,4.4726872,4.6217604,4.330969,4.7832723,3.9678676,5.553162,3.7413604,4.5228696,4.351345
63,8.176484,5.374766,5.6466484,6.140136,3.455937,6.009385,5.0641556,3.6388032,3.6102982,3.8232527,5.1988525,5.2386193,3.8831155,3.1507783,6.3293486,3.8908088
444,7.524471,5.3057003,4.699189,6.2243114,3.4508362,5.702623,5.367834,3.8081598,4.450307,3.9078128,4.757429,4.428512,3.960071,3.553627,5.198769,3.9235117
381,6.4538336,6.5170264,5.410758,6.47934,3.3061838,6.6345363,5.2781997,4.075801,3.3851392,3.249043,5.92457,4.8261104,4.63144,2.7879088,5.5021014,4.047422
389,5.8965387,6.101841,4.226106,7.124924,3.9121075,6.448791,6.096854,4.3049817,4.7706466,4.104691,4.8031855,4.0647593,5.2968373,3.4276965,4.491011,4.145846
521,5.9121785,5.8828197,4.162397,7.420253,4.2640886,6.8725142,6.519287,4.6259823,4.620819,4.467308,4.6630464,4.255495,5.9202685,3.3025498,4.2843475,3.9649925
333,8.119662,5.352009,5.8317747,6.5021462,3.3419032,6.288571,5.0980883,3.8480327,3.308418,3.614074,5.495236,4.8632703,4.084217,3.3453264,6.026715,4.1339064
648,6.4298787,5.2565594,4.579423,7.630317,4.232765,6.698256,6.4887094,4.4591436,4.2062697,4.999392,4.499087,4.0980415,5.9023867,3.570607,4.510668,4.1767344
755,6.219238,5.433593,3.7305446,7.1920743,3.898953,6.4405766,6.773159,4.4280915,5.070359,5.114656,3.988277,3.9951286,5.815121,3.4352977,4.032226,3.9993918
154,8.187433,5.5046945,5.805787,6.465263,3.2160282,6.194576,5.0345216,3.6813104,3.0732198,3.4760532,5.7808805,4.9005494,4.131622,3.2339342,5.884979,4.0225315
432,6.330407,5.3747363,4.291433,7.557351,4.0992904,6.6223345,6.6461415,4.453991,4.4712453,5.1319003,4.2961693,4.094857,5.9478636,3.4957786,4.329771,4.0569906
28,6.4454203,5.4811316,4.2581463,7.617523,4.010553,6.584865,6.6313853,4.399564,4.419526,5.1033993,4.31923,4.0661116,5.884322,3.5160043,4.267054,4.0200973
692,5.42326,4.5962644,4.663532,7.521277,5.0136933,6.5558605,6.056207,4.5458345,4.840517,4.3915358,4.6485043,3.7295961,5.5559382,4.3247576,4.711738,4.8093657
323,6.446057,6.2266836,4.871519,6.700905,3.649848,6.38323,5.4971924,4.155529,4.1748915,3.59993,5.3134284,4.3971972,4.778421,3.180039,5.0236406,4.1566358
545,6.73763,6.01998,4.4788857,6.2990003,3.670919,5.787135,5.1901298,4.0301194,4.6277766,3.4834714,5.082464,4.283041,4.319556,3.3179107,4.8386827,4.077905
501,6.135459,6.004091,4.6883254,7.359571,4.1711984,6.8928695,6.225019,4.515541,4.082674,4.32036,5.0190444,4.492699,5.7410116,3.182286,4.8077893,3.9885898
662,7.9569983,5.0441427,5.7251987,6.901986,4.018372,5.9846997,5.158976,4.013032,3.1515088,4.222658,5.209575,4.706,4.6646404,3.5391698,5.5885553,3.9852006
142,6.4563026,5.110333,4.002322,7.265938,3.9866004,6.3877497,6.614361,4.3787975,4.909661,4.9687696,4.0851097,3.8658924,5.638318,3.7350152,4.1260986,4.1528163
602,5.885402,6.076735,4.1857295,7.3991556,4.206126,6.8279634,6.392741,4.578055,4.584162,4.2962747,4.7992983,4.2470427,5.8021693,3.274435,4.3025594,3.964484
617,7.0558352,6.0864897,5.7062516,6.649851,3.6457489,6.6204844,5.322784,4.044485,3.3185887,3.6036248,5.67826,5.044442,4.7195444,2.9469247,5.9001746,4.1080103
626,6.6231866,5.9834185,4.6220746,6.4985743,3.7039473,6.0214157,5.439542,4.0495563,4.4188895,3.730414,5.045806,4.403707,4.542484,3.2774053,5.0284634,4.041255
677,8.294423,5.4479175,5.913295,6.5577407,3.2723694,6.250444,5.002332,3.7099986,3.0758872,3.4340777,5.8146977,4.864824,4.198473,3.3006392,5.9090133,4.1219187
731,6.724884,6.3663654,5.6200576,6.5820084,3.4962056,6.513934,5.136909,3.998891,3.2046387,3.3346336,5.989154,4.8546305,4.681177,2.8717098,5.480723,4.1202583
104,5.769828,6.084218,4.1405067,7.4006124,4.083271,6.637311,6.345158,4.4284725,4.7167554,4.233817,4.7803326,4.0195594,5.6302915,3.4483418,4.2921185,4.1051345
124,6.411166,5.1397552,4.05739,7.291778,4.0511274,6.5302253,6.722933,4.4641776,4.8732495,4.9748673,4.0956106,3.991997,5.8270836,3.6894846,4.2121115,4.1014075
274,7.2090116,5.6472187,4.6049356,6.1517205,3.5009687,5.5051074,5.1195693,3.834652,4.6235123,3.6105812,4.9866214,4.336448,3.936406,3.4156735,5.141676,4.126464
275,6.617084,6.0122395,4.6470337,6.458215,3.717517,5.981392,5.357559,4.052204,4.4224644,3.6522834,5.102193,4.3885074,4.503714,3.2744365,5.037502,4.0801873
193,6.3910217,5.5675464,4.056137,7.275534,3.891358,6.5628624,6.5831723,4.3929644,4.7814107,4.682832,4.348981,4.090305,5.660176,3.5478845,4.3029637,3.997768
36,7.9150014,5.177163,5.591819,6.5705867,3.596781,6.0212708,5.064366,3.8985412,3.4569914,3.8171756,5.2866464,4.6260037,4.187838,3.5173688,5.6426926,4.073602
504,5.8510423,6.086341,4.176202,7.468946,4.0704074,6.784387,6.512033,4.4958696,4.634654,4.4060397,4.7191873,4.153677,5.8507156,3.323265,4.319045,4.020659
339,5.9076796,3.452169,4.955915,7.7197843,5.229591,6.434068,6.168562,4.5732045,4.72062,4.982154,4.2237773,3.3597481,5.6024146,4.9195266,4.6596355,5.2412663
739,6.6344986,5.3552146,4.096837,7.5389614,3.904543,6.4186854,6.605749,4.3066607,4.571668,5.1298943,4.1797924,3.885521,5.696962,3.6117427,4.1010914,4.0881143
88,6.228017,5.271461,4.0354357,7.0831175,4.074397,6.5389233,6.629503,4.4840064,4.928456,4.9047136,4.173989,4.132771,5.78701,3.444442,4.3357906,4.0788984
567,5.922762,6.146253,4.316762,7.1647124,3.8794856,6.4662604,6.056869,4.2852826,4.6544204,4.0820637,4.8756065,4.074917,5.2836747,3.405126,4.520482,4.1579986
179,7.246364,5.799462,4.451219,6.11602,3.4999526,5.4331636,5.038041,3.848375,4.723086,3.5207329,4.942879,4.240612,3.9397128,3.4300952,4.841855,4.019387
295,8.204849,5.4028244,5.7767186,6.3226953,3.1876168,6.2305884,5.103379,3.6998863,3.2409618,3.554071,5.545548,5.019022,3.924188,3.2307289,6.1647787,3.9307096
217,5.985923,3.607237,5.1249013,7.6634197,5.0514655,6.511537,6.1402745,4.5985847,4.633741,4.87955,4.3226213,3.575351,5.5991583,4.806694,4.7435546,5.060405
470,5.823001,5.956564,4.093067,7.3722267,4.0465417,6.587797,6.4156384,4.405461,4.8005486,4.359911,4.6488457,3.9809625,5.6451907,3.4931514,4.2862306,4.124081
551,6.2560244,5.4316688,3.7689588,7.2102427,3.907688,6.417912,6.729546,4.409718,5.034239,5.1072845,4.0095153,3.987129,5.780095,3.4496477,4.0453553,4.0078993
380,7.471748,5.364461,4.6080995,6.2318463,3.5245705,5.6043625,5.2884192,3.8286214,4.524883,3.8415437,4.7705564,4.3554897,3.9979963,3.5622041,5.056116,3.9229631
183,6.533353,6.52421,5.533186,6.5409393,3.4675293,6.702481,5.282253,4.165195,3.5438907,3.2755551,5.7803354,4.7295094,4.6794424,2.8552413,5.6642447,4.213389
307,6.7724266,5.8155313,4.7396584,6.504132,3.8043344,5.993773,5.3854265,4.0503545,4.3314815,3.7619727,5.0530186,4.4401464,4.5431657,3.3455858,5.1140933,4.0585885
310,6.587919,5.396595,4.3225937,7.75767,3.966684,6.3637047,6.400965,4.2214274,4.243923,5.2040133,4.3580875,3.7347896,5.5991483,3.6046333,4.1220584,4.2631235
161,8.306097,5.241263,5.6876054,6.183664,3.5011835,5.943412,5.029536,3.6108384,3.7706015,3.8948603,5.074292,5.1775913,3.8378975,3.220638,6.2930884,4.0280724
129,8.163431,5.1069536,5.7049923,6.7888713,3.6419544,6.1486497,5.2757254,3.9134243,3.1206923,4.0564027,5.3105264,4.7482743,4.4605393,3.486148,5.681535,3.991575
84,6.6374197,6.535561,5.758326,6.428713,3.3951764,6.748919,5.148133,3.9310703,3.4525867,3.0883152,5.9963145,5.0435677,4.477239,2.7860355,5.899374,4.2994986
86,6.3598723,4.6255927,4.6435547,7.5339212,4.485578,6.542989,6.3356414,4.47301,4.500307,4.90942,4.384154,3.854931,5.6799808,4.047372,4.529809,4.468828
349,6.425415,5.431595,4.5057063,7.7283974,4.0905457,6.5713773,6.4407167,4.358219,4.17202,5.10761,4.47858,3.986058,5.799859,3.5214007,4.3730855,4.1769695
219,5.7081366,6.0725675,4.2552557,7.4754133,4.0866313,6.638259,6.2879586,4.4130077,4.615022,4.2863894,4.8262897,4.0039845,5.635822,3.4491248,4.3468857,4.169353
244,8.192746,5.1352887,5.7613745,6.7587523,3.6186554,6.1400075,5.1903996,3.8981693,3.1346583,3.9602804,5.3695207,4.740633,4.3902264,3.4849844,5.713795,4.044861
51,5.7530813,6.1150064,4.206697,7.519545,4.223186,6.925207,6.5039287,4.609169,4.636194,4.408268,4.772578,4.2445292,5.963374,3.2500062,4.3233647,3.9987519
158,6.3405714,4.024437,4.83813,7.6888895,4.94595,6.579876,6.237746,4.553266,4.48575,4.9103374,4.377968,3.6094098,5.629595,4.4171934,4.6778336,4.8184237
717,6.531989,5.036378,4.5323186,7.484725,4.313867,6.692113,6.4862165,4.4919505,4.350338,4.8664527,4.459899,4.0951586,5.839851,3.7041385,4.526502,4.2004905
722,7.033486,5.919237,5.637303,6.7903905,3.8308558,6.409106,5.2857556,4.133131,3.0737522,3.8345673,5.651386,4.878677,4.8887405,3.046998,5.582554,3.973548
334,6.8744674,5.4944754,4.2196174,7.5612755,3.8115454,6.45775,6.57525,4.282321,4.3971453,5.001876,4.2906775,4.055619,5.6755457,3.6466742,4.2304893,3.9503908
90,5.2769113,4.3217897,4.7730823,7.6487093,5.261152,6.588382,5.993463,4.5984874,4.8611774,4.424916,4.6526814,3.6330986,5.577355,4.5415654,4.7638984,4.9510036
589,6.5697556,5.4805913,4.09168,7.349183,3.7684345,6.2076073,6.3336773,4.1666813,4.6102896,4.977399,4.297558,3.8366823,5.34582,3.5169358,4.145521,4.1232986
373,5.9454603,5.9463325,4.6084967,7.4825344,4.1972,6.7739778,6.189275,4.470041,4.229958,4.339995,4.965552,4.233339,5.6846247,3.371793,4.637703,4.134754
445,6.856516,6.4382977,5.7276635,6.5559053,3.2458913,6.7991576,5.256295,4.0764904,3.1883204,3.1521382,6.0621867,4.9121146,4.599123,2.7882833,5.848626,4.129031
208,7.8167043,5.04485,5.745885,6.9402976,4.047983,6.1137495,5.3138404,4.0684905,3.0446396,4.320837,5.1901813,4.7252183,4.779776,3.526897,5.6560507,3.9448414
47,6.31372,5.10004,3.9889162,7.098362,4.068087,6.308049,6.460279,4.3802624,5.0157027,4.947343,4.112378,3.9250152,5.5354,3.6474886,4.211049,4.172822
625,8.234931,5.373459,5.5288877,6.1290984,2.8796937,6.1108522,5.088765,3.526762,3.4316516,3.4385536,5.508392,4.962179,3.6367273,3.2145424,5.920797,3.8182406
593,6.515104,6.4644456,5.397774,6.489796,3.3942873,6.5788145,5.242803,4.0447574,3.5528915,3.2455125,5.8453355,4.7771635,4.5993834,2.8723545,5.4821258,4.140593
441,7.8002415,5.369917,5.7647233,6.7911334,3.9997845,6.17504,5.2947206,4.053843,3.0534391,4.2171392,5.293385,5.0148234,4.747359,3.27175,5.9419394,3.8674326
315,7.186462,6.3174725,5.8567977,6.500132,3.2731357,6.759756,5.1535525,4.01421,3.356753,3.0956244,5.9864354,4.869645,4.463485,2.8790104,5.9535904,4.323575
344,6.104826,5.844332,4.6012383,7.393603,4.167511,6.735085,6.209274,4.4611454,4.2304363,4.4339685,4.87805,4.2939634,5.6694074,3.3375862,4.679814,4.0905657
42,5.2868147,4.413275,4.699274,7.7372055,5.301384,6.643219,6.0244346,4.603249,4.863208,4.4336123,4.6762266,3.571183,5.5973725,4.4969807,4.695473,4.9545546
46,7.323137,5.328413,4.849332,6.356113,3.828156,5.70734,5.3208246,3.9463928,4.3932004,3.8916166,4.8879075,4.3861017,4.3262258,3.587905,5.248634,4.098857
73,5.350046,4.6452565,4.776464,7.5940304,4.9841323,6.6897383,6.0419965,4.615741,4.7844644,4.366353,4.724317,3.7737737,5.6509037,4.34815,4.727009,4.757178
566,6.57912,6.6210294,5.6754794,6.6268897,3.5052109,6.8129396,5.244728,4.2329054,3.5742283,3.177644,5.8335295,4.631588,4.7627907,2.8724482,5.7349253,4.363775
172,5.923861,5.9228177,4.4198494,7.3660617,4.088164,6.5304985,6.1002746,4.362264,4.502098,4.305655,4.8383064,4.0429,5.4514294,3.4829786,4.495672,4.2074265
340,6.8141794,5.875607,4.837763,6.4541793,3.822722,5.974677,5.2270637,4.0985804,4.3604894,3.5784256,5.169324,4.331585,4.4935284,3.384972,5.08114,4.2023964
155,7.6287513,5.2483735,4.7557096,6.1882195,3.7307117,5.444347,5.035701,3.7911804,4.395991,3.7314472,4.8955255,4.4382715,4.0121093,3.543709,5.2166014,3.9507885
537,6.201092,3.806557,5.2706537,7.734479,4.9235606,6.737993,6.265154,4.7046475,4.447376,4.8383017,4.368849,3.728646,5.70655,4.5731993,4.9074287,4.7294164
492,5.725204,5.5360465,4.4520693,7.4196186,4.4098697,6.5867014,6.1127872,4.468538,4.683794,4.3137474,4.766643,3.9690344,5.5288677,3.7602496,4.527978,4.345931
663,5.8501897,3.742826,5.2307734,7.564356,4.982253,6.609382,6.1659822,4.636985,4.6328135,4.758423,4.389829,3.7436519,5.6791687,4.7152824,4.9046507,4.9108224
517,7.990533,5.1205044,5.6715384,6.8971214,4.045731,5.880786,5.12031,4.081444,3.1955383,4.130837,5.220945,4.595644,4.63664,3.6298769,5.535327,3.9850738
343,6.4648204,5.4382176,4.211184,7.70033,3.920747,6.3749857,6.4990544,4.256293,4.4183874,5.2373967,4.2657614,3.7295837,5.686596,3.5791707,4.084485,4.234079
322,5.694193,3.8371394,4.8897853,7.9277463,5.240146,6.6750355,6.2457185,4.6359253,4.741693,4.9144273,4.3603806,3.3646104,5.749829,4.820507,4.54967,5.1323814
690,6.7416496,6.4962063,5.703467,6.6907907,3.5393305,6.7771654,5.212752,4.1903067,3.6039371,3.1797593,5.838103,4.5950646,4.7540145,2.976461,5.697394,4.4308524
50,7.3440895,5.3793416,4.9827113,6.3468323,3.867551,5.7031145,5.1910696,3.9605384,4.2882743,3.7600832,5.040644,4.387096,4.338709,3.5728977,5.304325,4.160919
734,5.99397,3.4429467,4.983824,7.6430364,5.174274,6.4256716,6.175768,4.5688767,4.663988,5.0010247,4.2431273,3.460266,5.6318316,4.861049,4.711954,5.1867976
736,6.603033,5.2033954,4.6053147,7.6109567,4.2506094,6.694495,6.4475303,4.4437337,4.1570597,4.91524,4.5372367,4.122054,5.8540125,3.6240776,4.529263,4.1514783
284,7.1103625,5.8678975,5.6750417,6.80399,3.8562396,6.3826284,5.2619863,4.1209507,3.0216844,3.8624487,5.655193,4.901734,4.8856497,3.0643308,5.605761,3.963477
62,6.357326,5.184735,4.0288363,7.248396,3.987181,6.2795887,6.484044,4.3254576,4.9652276,4.873557,4.1296144,3.7466693,5.513656,3.8227658,4.1092267,4.256907
60,7.8806276,5.2755613,5.325721,6.4947643,3.502502,5.9792466,5.2930045,3.8247666,3.5389178,3.9805212,5.1334066,4.7712975,4.2187552,3.3690853,5.5754094,3.7707596
281,8.003043,5.515963,5.432088,6.178108,2.6850946,6.2518387,5.1527534,3.5947554,3.5077815,3.1998043,5.6482496,4.7268076,3.5796351,3.2351587,5.6707783,3.828149
346,5.821103,6.1370482,4.169197,7.2640505,3.96567,6.535182,6.2150517,4.3601065,4.7805142,4.1627846,4.779495,4.0353208,5.4473724,3.4417937,4.382282,4.124011
438,6.8754716,5.652567,4.825916,6.584859,3.9187353,6.04054,5.437986,4.1142917,4.30967,3.849089,5.014274,4.3987703,4.6426134,3.459135,5.119968,4.11142
533,8.323541,5.268637,5.670125,6.225424,3.4781961,6.0047007,5.073639,3.6405785,3.7374022,3.8695157,5.114991,5.1761327,3.8707604,3.1960428,6.2523055,4.054089
227,7.4338307,5.324326,4.7515316,6.273284,3.5691423,5.7390456,5.393064,3.854482,4.425208,3.9464667,4.773424,4.4574275,4.0873604,3.5376782,5.259721,3.970463
668,6.1808896,3.5541348,4.950153,7.677955,5.0799813,6.4528933,6.1922526,4.5544915,4.6810203,4.9314146,4.191245,3.3599377,5.511831,4.773872,4.67115,5.1055765
383,7.3114953,5.5927505,5.676,6.9214487,4.016661,6.3038936,5.233099,4.1674004,3.2229931,3.9582734,5.4223943,4.6593127,4.863801,3.3770566,5.6007037,4.120763
321,6.314756,5.0867414,4.0513716,7.1840687,4.1002603,6.332618,6.4484315,4.387589,4.9581857,4.8732295,4.1680093,3.8725703,5.5342655,3.7427747,4.1931796,4.2112703
488,6.617803,5.4528847,3.9990761,7.253969,3.8488758,6.472158,6.686949,4.3716855,4.810992,4.9757357,4.104083,4.122639,5.7446575,3.5333428,4.2323327,3.9280143
237,6.960416,5.3360386,4.56462,7.5627623,4.076463,6.603063,6.37216,4.328238,4.038849,4.8359776,4.583785,4.105554,5.6496286,3.5856678,4.464127,4.1202254
293,6.0043683,3.80786,5.2476783,7.72325,5.006391,6.848852,6.3635216,4.6812634,4.410341,4.9441714,4.443725,3.854417,5.9844875,4.607223,4.881619,4.8580136
261,7.069032,5.6992974,4.3745914,6.0914903,3.6766367,5.3752875,4.9907627,3.879825,4.8211594,3.5014362,4.9371142,4.213012,3.9680333,3.4763849,4.851354,4.104749
555,6.5496564,5.024173,4.652883,7.5219264,4.323665,6.723263,6.469588,4.494372,4.218276,4.9352436,4.496474,4.151121,5.8993163,3.6504424,4.611961,4.198164
436,6.6339154,5.460309,3.99242,7.2623367,3.852869,6.4408436,6.651956,4.351127,4.8072634,4.9790154,4.109951,4.096202,5.700887,3.5329628,4.213917,3.9403992
683,6.356109,6.8157945,5.707553,6.481282,3.3585174,6.8368945,5.15528,4.0632067,3.3613782,2.99537,6.155461,4.900408,4.6090293,2.6841726,5.691885,4.2909985
454,7.323472,5.633531,4.4836297,6.300126,3.4713347,5.735815,5.4193177,3.850389,4.531711,3.8569593,4.7362194,4.4466286,4.1250596,3.3857076,4.9766836,3.7665048
26,6.9505496,5.8864527,4.3126035,6.071617,3.6130917,5.4379635,4.9714017,3.9189036,4.8653574,3.3992648,4.999155,4.188503,4.010644,3.4075477,4.737339,4.092391
43,7.6740613,5.386564,4.867509,6.2743783,3.3586085,5.8434215,5.3393083,3.7619503,4.164686,3.839027,4.919751,4.6137934,3.9834256,3.3957953,5.3685384,3.8319976
597,6.351037,3.8228495,4.8380046,7.7047462,5.1006403,6.493527,6.181649,4.523958,4.489294,4.943682,4.351788,3.5134788,5.5547214,4.5267553,4.7105794,4.967378
