,dim_0,dim_1,dim_2,dim_3,dim_4,dim_5,dim_6,dim_7,dim_8,dim_9,dim_10,dim_11,dim_12,dim_13,dim_14,dim_15
TCGA-05-4244-01,4.703964,6.7104726,5.5654516,4.6694884,4.958828,3.9759586,4.040779,5.468177,4.4348702,4.5465107,4.6308184,4.330883,5.846406,3.9369829,5.051874,4.666286
TCGA-05-4249-01,2.9075778,7.2161345,5.6452136,4.853112,5.4340186,3.0850632,3.7089431,5.8617907,4.429652,4.958107,4.6453485,4.0421886,6.2599444,3.980846,4.9045115,4.769265
TCGA-05-4250-01,2.7415853,7.286661,5.6355724,4.861406,5.5488863,2.9331384,3.7261183,5.9504075,4.443381,4.9712267,4.6036267,3.958364,6.1943035,3.976967,4.9572206,4.7531886
TCGA-05-4382-01,-0.38199145,7.8908777,5.881244,5.472138,5.8378487,3.2581606,3.761937,5.4756966,4.430159,5.404855,5.1432734,3.161226,5.898866,4.1375856,4.9036,4.8959575
TCGA-05-4384-01,7.5763693,6.0095053,5.3334584,4.586291,4.0375357,4.9495034,4.75894,4.9017677,4.1554666,4.3970165,4.846872,4.5693836,5.260427,4.406183,5.392808,4.664129
TCGA-05-4389-01,4.279763,6.8753457,5.603033,4.7455373,5.077997,3.7451084,3.9716444,5.6273165,4.454065,4.6555934,4.6167727,4.286382,5.9443417,3.9450927,4.95314,4.698784
TCGA-05-4390-01,0.53502727,7.717133,5.6378703,5.131107,6.0476127,2.1863475,3.440425,6.0103626,4.4246163,5.6858807,4.907151,3.3846173,6.5305076,4.162626,4.850843,4.9313474
TCGA-05-4395-01,3.666189,6.993637,5.520425,4.811457,5.1383305,3.4309673,3.9638677,5.6420364,4.4357023,4.784614,4.7124357,4.0685735,6.0487432,3.8147233,5.156703,4.773669
TCGA-05-4396-01,-0.50993353,7.842297,5.5471115,5.549549,5.986853,3.422173,3.5486095,5.327585,4.4196553,5.555877,5.158079,3.268104,6.028138,4.2115498,5.011819,4.897474
TCGA-05-4397-01,-0.24988928,7.8482566,5.552552,5.362177,6.203778,2.6701949,3.464053,5.718171,4.495058,5.796949,5.112047,3.2859004,6.388069,4.2179003,5.021526,4.824778
TCGA-05-4398-01,0.15965383,7.8131604,5.5654063,5.2087893,6.202336,2.293149,3.45328,5.970018,4.526874,5.806526,4.9700227,3.386948,6.5192776,4.1733837,4.963301,4.81617
TCGA-05-4402-01,7.5499587,5.939507,5.315826,4.6790733,4.0824404,5.023232,4.7925897,4.9010553,4.126859,4.4091816,4.824357,4.5521784,5.191489,4.4415483,5.3924127,4.5430503
TCGA-05-4403-01,7.359291,5.97267,5.329525,4.661953,4.1867595,4.9177938,4.741918,4.877402,4.157427,4.3917522,4.8261557,4.4526706,5.392003,4.3264656,5.3720484,4.663107
TCGA-05-4405-01,2.0353074,7.476049,5.616913,4.858334,5.699663,2.7039654,3.605119,5.898209,4.4407244,5.2687144,4.6828165,3.7581,6.379205,4.100267,4.8932996,4.8915143
TCGA-05-4410-01,-0.3667602,7.913297,5.819256,5.450141,5.9695997,3.002025,3.6978912,5.573142,4.4575453,5.587733,5.168089,3.1747212,6.0651345,4.1743264,4.94256,4.8640194
TCGA-05-4415-01,4.91103,6.6686816,5.526578,4.6834,4.8829837,4.074382,4.093698,5.3995337,4.424681,4.5757403,4.6658154,4.308996,5.8008924,3.921961,5.0893693,4.693753
TCGA-05-4417-01,3.2735445,7.1331077,5.664802,4.82844,5.307277,3.1798458,3.773855,5.754157,4.4725757,4.944431,4.706659,4.095478,6.198499,3.9766529,4.964605,4.7684064
TCGA-05-4418-01,3.5615368,7.0575085,5.6054034,4.840057,5.130123,3.4300976,3.8327303,5.791123,4.4674263,4.8163705,4.678261,4.2046866,6.134268,3.9683273,4.9774156,4.671713
TCGA-05-4420-01,3.3499577,7.0716453,5.6283855,4.7906675,5.25475,3.253488,3.8022091,5.8577824,4.487516,4.8584023,4.6953416,4.169788,6.153417,3.9092317,5.0430474,4.6820774
TCGA-05-4422-01,10.680193,5.117609,4.637487,4.3931665,3.3723211,5.4167204,5.4824347,4.432888,3.4149134,4.610067,4.729236,4.9566393,5.317737,5.115198,6.1639686,4.9174576
TCGA-05-4424-01,-0.12228421,7.763717,5.4592953,5.2939544,6.286315,2.580537,3.3862817,5.7673087,4.5164046,5.845946,5.076031,3.3169532,6.55073,4.2844534,5.028324,4.8660045
TCGA-05-4425-01,10.655501,5.217234,4.6999555,4.3335857,3.356225,5.5048485,5.5190434,4.3913503,3.4359808,4.5469537,4.671296,4.95496,5.1842484,5.0608134,6.22454,5.046619
TCGA-05-4426-01,10.580096,5.1124806,4.666828,4.4457455,3.4983354,5.5105696,5.419814,4.467304,3.5823536,4.4409943,4.855199,4.7531557,5.3196325,5.0866146,6.2069974,4.8798447
TCGA-05-4427-01,-0.35472277,7.934951,5.711974,5.4383373,6.0297284,2.894014,3.6021242,5.5894856,4.45016,5.653037,5.125425,3.233552,6.157475,4.1502757,4.95747,4.8536825
TCGA-05-4430-01,3.230888,7.1166816,5.660214,4.839877,5.298232,3.2649899,3.8158646,5.87165,4.498271,4.8139644,4.6813827,4.150767,6.151653,3.8722084,5.0552697,4.725357
TCGA-05-4432-01,0.4196407,7.7477775,5.557211,5.1110663,6.2379684,2.245491,3.3906422,5.940494,4.5180535,5.7158895,4.9025674,3.4903913,6.600464,4.3793626,4.9727316,4.8404136
TCGA-05-4433-01,10.843365,5.0666575,4.5471625,4.318829,3.3194344,5.620212,5.531226,4.349749,3.3968713,4.700952,4.7301617,4.9336886,5.34443,5.022118,6.3044877,4.9890633
TCGA-05-4434-01,10.448031,5.11912,4.7408113,4.457561,3.4825492,5.2876077,5.418634,4.414648,3.458752,4.6443768,4.7390885,4.9470615,5.384174,5.033804,6.1037555,4.9136877
TCGA-05-5423-01,6.326583,6.2540593,5.4466515,4.62522,4.4238176,4.644943,4.502172,5.121797,4.350035,4.3992114,4.8097258,4.3727946,5.4454536,4.1005707,5.2664757,4.7008505
TCGA-05-5425-01,0.5542121,7.794084,5.6276245,5.0862303,6.1159067,2.2662144,3.3869896,5.961019,4.430318,5.6489396,4.8170266,3.475933,6.5172205,4.189826,4.887032,4.8253593
TCGA-05-5428-01,2.052622,7.472879,5.6921964,4.897889,5.6922665,2.4827108,3.5923932,6.105282,4.4266777,5.204127,4.6329837,3.832423,6.415813,4.070247,4.8974648,4.8435664
TCGA-05-5429-01,10.695265,5.1744566,4.57955,4.4509435,3.4063423,5.426686,5.536122,4.3835464,3.4459584,4.6464224,4.725626,4.9476547,5.2888565,5.0269327,6.21106,4.953326
TCGA-05-5715-01,8.132589,5.8531313,5.3248544,4.6134653,3.9202373,5.0196867,4.8826127,4.7711143,4.1025815,4.3419394,4.927088,4.5510817,5.23927,4.5049667,5.5254564,4.6244435
TCGA-17-Z000-01,7.7935905,5.925773,5.290906,4.53881,4.0144887,4.9324985,4.812542,4.884057,4.1413274,4.3871126,4.8847156,4.606566,5.2088075,4.4730134,5.428503,4.674986
TCGA-17-Z001-01,4.5375547,6.7962523,5.5578833,4.770585,5.076885,3.9111407,3.9605668,5.451848,4.475631,4.5952554,4.647343,4.268512,5.9102683,3.9803672,5.005217,4.6492405
TCGA-17-Z002-01,11.124798,5.13234,4.420665,4.3306417,3.3502467,5.565191,5.550433,4.3948965,3.3892868,4.647969,4.7123876,4.991582,5.363391,5.0888834,6.423294,4.9910655
TCGA-17-Z003-01,3.7023017,6.9843755,5.602703,4.7761464,5.2362075,3.515288,3.8442588,5.6837316,4.4671383,4.8110175,4.7128477,4.1931863,6.1326356,3.8625941,5.0274105,4.7196674
TCGA-17-Z004-01,11.020164,5.070063,4.326757,4.438909,3.3432522,5.479938,5.5322824,4.4465456,3.3644264,4.568911,4.754764,4.9597306,5.2407737,5.1282573,6.3608127,4.9664364
TCGA-17-Z005-01,8.373932,5.732348,5.2603774,4.652811,3.8497381,5.069291,4.96476,4.6905875,4.0351844,4.3217773,4.9381127,4.6144514,5.226999,4.6559343,5.5652204,4.7123327
TCGA-17-Z007-01,9.693977,5.3239207,5.16351,4.6046543,3.5252893,5.282166,5.290119,4.4877133,3.6853342,4.4830112,4.9183755,4.5839972,5.19524,4.82774,5.7836733,4.7779007
TCGA-17-Z009-01,10.402591,5.0700083,4.823968,4.4820557,3.520793,5.368917,5.4151096,4.4634476,3.5367308,4.5154133,4.853793,4.777293,5.32542,5.0172615,6.064075,4.840394
TCGA-17-Z010-01,3.3904366,7.073439,5.634554,4.7739234,5.2597656,3.3263361,3.767613,5.8540487,4.5349164,4.7831116,4.673359,4.2398195,6.1673503,3.8773682,4.954141,4.6801934
TCGA-17-Z011-01,8.177741,5.8438177,5.292241,4.616016,3.8850267,5.0366874,4.8812766,4.758078,4.066536,4.370305,4.898517,4.560997,5.2327757,4.5401006,5.453038,4.6416645
TCGA-17-Z013-01,10.104437,5.157581,4.866924,4.519745,3.4579442,5.358422,5.3243213,4.5152545,3.5622282,4.5222554,4.912356,4.751589,5.2134137,4.985249,5.871795,4.83955
TCGA-17-Z014-01,2.3107946,7.3552127,5.648364,4.871754,5.6288614,2.6744447,3.6165884,6.0239024,4.428295,5.098404,4.5884724,3.892076,6.356751,4.0105667,4.9024763,4.8333583
TCGA-17-Z015-01,0.87704545,7.750371,5.654211,5.0310974,6.071112,2.054041,3.3685722,6.082807,4.4347124,5.6358533,4.7156863,3.534189,6.624572,4.2107363,4.820587,4.876786
TCGA-17-Z016-01,3.0813375,7.1631045,5.6324897,4.7872124,5.361148,3.0958006,3.7676427,5.9532332,4.437576,4.944098,4.6408944,4.0995784,6.2444377,3.9554858,5.0134664,4.738632
TCGA-17-Z017-01,4.5785165,6.7334127,5.5280924,4.7053976,5.000829,3.8640347,4.049595,5.527433,4.434754,4.638964,4.6768503,4.2582207,5.8264217,3.9020486,5.0438375,4.7188745
TCGA-17-Z018-01,3.5476513,7.0720143,5.6264224,4.7634377,5.214922,3.455584,3.8767052,5.6786914,4.512469,4.7887444,4.740858,4.166798,6.0052524,3.9043722,4.950129,4.6763763
TCGA-17-Z019-01,11.229145,5.279188,4.409555,4.3651767,3.3762453,5.6845083,5.667045,4.3191895,3.3555455,4.730539,4.7132926,4.9738,5.501845,4.9962726,6.432407,5.0839105
TCGA-17-Z020-01,7.279381,6.1010485,5.305853,4.578083,4.090042,4.860213,4.653496,4.9626637,4.2295494,4.3978457,4.748545,4.6011167,5.2133045,4.4031143,5.325128,4.6893735
TCGA-17-Z021-01,6.1517315,6.321075,5.4835057,4.6345406,4.495362,4.542993,4.465575,5.1192956,4.3092794,4.494216,4.7524004,4.4690504,5.4729886,4.113914,5.223322,4.695473
TCGA-17-Z022-01,-0.5984311,7.9194107,5.7036624,5.5219216,6.040892,3.108353,3.6387904,5.4874516,4.464324,5.6637616,5.2136846,3.149689,6.0802693,4.1903944,4.99132,4.8529363
TCGA-17-Z023-01,2.0125859,7.4382486,5.6515746,4.907158,5.6859922,2.5809124,3.5998976,6.036579,4.5369444,5.178144,4.609688,3.8756337,6.4803634,4.0960784,5.003817,4.8780994
TCGA-17-Z025-01,3.8474214,6.8884964,5.595445,4.8047547,5.073938,3.534118,4.000004,5.7162156,4.495553,4.6507087,4.706582,4.2453713,6.0109735,3.7947488,5.1213665,4.7422876
TCGA-17-Z026-01,-0.475746,7.968476,5.611047,5.4188175,6.1103983,2.8342924,3.5148742,5.6109695,4.4381895,5.7310596,5.105937,3.2319648,6.248443,4.161838,4.9472475,4.8877807
TCGA-17-Z027-01,9.300249,5.406061,5.207183,4.636288,3.643484,5.139379,5.1363297,4.587414,3.7928002,4.3477473,4.966781,4.612439,5.1533275,4.804678,5.7043285,4.723536
TCGA-17-Z028-01,1.0661266,7.7126546,5.7017775,4.8840857,6.037441,2.0397668,3.4275408,6.0775914,4.4574986,5.4883733,4.623704,3.5994852,6.5930915,4.241581,4.8488965,4.9879236
TCGA-17-Z030-01,0.3424871,7.7912292,5.6161094,5.1654754,6.196623,2.0899122,3.418681,6.0097723,4.484381,5.8389897,4.9587345,3.3772304,6.5800877,4.2003536,4.92704,4.840404
TCGA-17-Z031-01,-0.46834093,7.91415,5.8420057,5.5130606,5.830582,3.3246937,3.7464561,5.424014,4.4115753,5.397243,5.158768,3.1605291,5.863526,4.131758,4.90408,4.909684
TCGA-17-Z032-01,8.16053,5.872487,5.2998095,4.589938,3.8673732,5.097268,4.9018135,4.807955,4.079992,4.340428,4.937707,4.57512,5.1932344,4.5254903,5.5089774,4.63007
TCGA-17-Z033-01,6.3191547,6.278265,5.381778,4.621975,4.495644,4.5379615,4.4255795,5.134022,4.356262,4.4034386,4.723272,4.4272604,5.4745183,4.026487,5.2591724,4.7377224
TCGA-17-Z036-01,9.786286,5.288638,5.151382,4.586653,3.564431,5.198807,5.235045,4.5077276,3.631998,4.4493194,4.9445043,4.641483,5.1684866,4.85815,5.743182,4.7466917
TCGA-17-Z037-01,7.3357916,5.997017,5.3293705,4.5692,4.1650777,4.806701,4.7086306,4.9876456,4.20879,4.403421,4.792957,4.5825305,5.3184814,4.3768096,5.393208,4.727611
TCGA-17-Z041-01,9.997426,5.2876363,4.999245,4.631111,3.443087,5.2690544,5.3628626,4.4158893,3.6080844,4.4701915,4.8216105,4.7471347,5.243054,5.0054507,5.923099,4.8600607
TCGA-17-Z042-01,1.4615635,7.667147,5.7652483,4.8993793,5.8882804,2.2152188,3.4649851,6.0788016,4.436045,5.336881,4.604446,3.680093,6.506945,4.17797,4.833658,4.9051256
TCGA-17-Z043-01,4.998671,6.602302,5.574485,4.6496696,4.902696,4.074681,4.0970273,5.440073,4.3879795,4.5196805,4.65651,4.337178,5.762355,3.930347,5.085025,4.655333
TCGA-17-Z044-01,8.393196,5.783857,5.3069477,4.6023855,3.8736691,5.0200577,4.8766794,4.691766,3.972106,4.3869414,4.8414125,4.616027,5.276009,4.645496,5.447849,4.7124066
TCGA-17-Z045-01,0.035790637,7.8142276,5.6002073,5.270791,6.255707,2.2429464,3.4490874,5.918587,4.526436,5.8859835,5.062761,3.3142571,6.525454,4.23594,5.0046086,4.804947
TCGA-17-Z047-01,10.782489,5.045403,4.4995112,4.2631755,3.3285265,5.5088778,5.425559,4.5597334,3.378271,4.6442037,4.722546,4.998928,5.3703356,5.0962563,6.229853,4.9406395
TCGA-17-Z048-01,10.677751,5.05799,4.6536365,4.4823513,3.3701546,5.3729706,5.515794,4.3441167,3.4384298,4.655277,4.6984735,4.969837,5.3719378,5.146464,6.1497216,4.9001436
TCGA-17-Z049-01,0.5563394,7.683826,5.603558,5.0877094,6.1739187,2.0986986,3.395253,6.027009,4.517974,5.7247996,4.8659797,3.4721954,6.6274467,4.328081,4.8886437,4.9159613
TCGA-17-Z050-01,5.4181695,6.536103,5.592234,4.618394,4.796326,4.2041173,4.2056375,5.271675,4.325876,4.5736322,4.714077,4.3810124,5.664112,3.9954002,5.140321,4.7039337
TCGA-17-Z051-01,5.438695,6.5376997,5.5307508,4.656089,4.781185,4.2106085,4.234914,5.3597946,4.3555026,4.549946,4.6953397,4.3671865,5.6347985,3.936769,5.16793,4.6832323
TCGA-17-Z052-01,6.458967,6.247455,5.425075,4.607947,4.350937,4.698254,4.5573053,5.1823673,4.389596,4.360133,4.7308993,4.423531,5.434577,4.161125,5.2440925,4.605359
TCGA-17-Z053-01,3.0031228,7.1559553,5.645564,4.811068,5.341555,3.202972,3.7341552,5.8834286,4.4278965,4.908367,4.7127275,4.1094627,6.219504,3.8877888,5.0099115,4.764836
TCGA-17-Z054-01,11.20944,5.1107926,4.395185,4.347688,3.3596458,5.519317,5.5482087,4.4286027,3.3501809,4.607065,4.703079,4.994678,5.3485184,5.1086836,6.4547267,4.990116
TCGA-17-Z055-01,-0.2567843,7.870646,5.5562415,5.3290863,6.2363367,2.5446835,3.4606273,5.7839565,4.508632,5.8329687,5.0854087,3.278285,6.439655,4.214751,4.993238,4.852594
TCGA-17-Z056-01,0.62598306,7.757364,5.6372824,5.0384016,6.1880717,2.055765,3.3614535,6.02696,4.456129,5.692353,4.7843394,3.4791055,6.656042,4.327489,4.8408136,4.927749
TCGA-17-Z057-01,1.8638315,7.5068617,5.6638823,4.8985243,5.7433925,2.4865644,3.543163,6.035633,4.5390267,5.240117,4.6170177,3.8331559,6.4655147,4.166276,4.9260745,4.925077
TCGA-17-Z058-01,8.836649,5.55015,5.195342,4.648129,3.8122034,5.13158,5.004639,4.7082224,3.90171,4.3662977,4.983505,4.534594,5.273326,4.6838217,5.6197495,4.626084
TCGA-17-Z059-01,6.4286375,6.237456,5.4339085,4.5588856,4.4707665,4.5784554,4.460341,5.108783,4.28061,4.4810634,4.7400618,4.3954077,5.476333,4.1195674,5.283504,4.7094703
TCGA-17-Z060-01,4.026352,6.953667,5.5743065,4.826798,5.18588,3.6915045,3.8718464,5.5889955,4.4424415,4.6817546,4.658936,4.1284633,5.94152,3.8837879,5.111986,4.67993
TCGA-17-Z061-01,5.987384,6.398924,5.5220537,4.62407,4.600789,4.445638,4.3834143,5.1953053,4.3001723,4.5090613,4.7863636,4.3860106,5.529677,4.0939865,5.2419753,4.6892796
TCGA-17-Z062-01,1.1404923,7.801248,5.762938,4.8785863,5.998505,2.1139655,3.397821,6.018997,4.3923006,5.4968095,4.680747,3.5402422,6.567409,4.2202506,4.7743716,4.977736
TCGA-35-3615-01,8.229775,5.8758636,5.2457967,4.5321326,3.742527,5.062584,5.008334,4.7433286,4.0610332,4.3829603,4.9834285,4.6713715,5.1671185,4.61386,5.5025253,4.6206756
TCGA-35-4122-01,2.7000427,7.174301,5.6046233,4.835687,5.470159,3.0130458,3.7176301,5.9925284,4.505417,4.9110103,4.657121,4.0757136,6.320254,3.8856769,5.129177,4.842769
TCGA-35-4123-01,3.5868025,7.038393,5.652408,4.8036637,5.134509,3.4195547,3.86537,5.797708,4.512449,4.785742,4.703764,4.248443,6.1865315,3.8130398,4.9982414,4.773961
TCGA-35-5375-01,1.7328715,7.567165,5.727102,4.919672,5.7808833,2.3437507,3.55197,6.0763173,4.462164,5.2595387,4.614119,3.79865,6.5033145,4.1919675,4.9026833,4.830152
TCGA-38-4625-01,0.29190156,7.9062643,5.6083307,5.128436,6.213382,2.0742297,3.3838143,5.962567,4.395618,5.847971,4.8972335,3.3460958,6.5927057,4.18469,4.830682,4.90297
TCGA-38-4626-01,3.577647,7.0836926,5.650473,4.789562,5.1727653,3.50998,3.8917892,5.7147455,4.527713,4.7468343,4.7221217,4.2264094,6.0772586,3.828987,4.937215,4.737549
TCGA-38-4627-01,10.997071,5.089362,4.3816366,4.348836,3.334426,5.5459504,5.600492,4.375629,3.304947,4.6899652,4.6517415,5.0338616,5.3470316,5.1053557,6.4121118,5.0386357
TCGA-38-4628-01,7.783611,5.9371724,5.2218356,4.725844,4.060414,5.066664,4.870614,4.8147974,4.0318856,4.4068604,4.835766,4.5226865,5.304204,4.509472,5.36867,4.6297913
TCGA-38-4631-01,-0.22576307,7.865631,5.436744,5.3069377,6.338682,2.4767752,3.3484519,5.759334,4.463343,5.924756,5.0974884,3.2393308,6.590173,4.266084,4.978626,4.8992987
TCGA-38-4632-01,0.77090824,7.7635894,5.663154,4.9937286,6.07055,2.0814786,3.2830725,5.9750504,4.3933883,5.6886163,4.7636013,3.4104886,6.7251167,4.280254,4.7379827,5.0445485
TCGA-38-6178-01,9.89784,5.276825,5.097732,4.638463,3.491266,5.190186,5.3493743,4.392052,3.6374044,4.4800615,4.7975855,4.776547,5.219421,4.9385595,5.9134927,4.81579
TCGA-38-7271-01,8.874899,5.4983516,5.1779966,4.6144857,3.775974,5.126091,5.024993,4.664885,3.9425774,4.330344,4.9157925,4.615158,5.1733584,4.7443614,5.6361885,4.674929
TCGA-38-A44F-01,11.325933,5.163116,4.404312,4.329278,3.2885365,5.6336937,5.6647825,4.39282,3.3580368,4.609496,4.7640314,5.0450544,5.501863,5.171018,6.5566726,4.9409814
TCGA-44-2655-01,5.546386,6.4766417,5.5099983,4.6991587,4.7311916,4.305053,4.2456336,5.3194027,4.3888507,4.4811134,4.714825,4.362271,5.613958,3.8563051,5.213563,4.704889
TCGA-44-2656-01,-0.40872675,7.9520764,5.703219,5.4254155,6.09729,2.7553658,3.5873349,5.656944,4.4703174,5.733298,5.13233,3.210521,6.2230015,4.1464515,4.9659038,4.8405647
TCGA-44-2657-01,2.1032038,7.357861,5.599806,4.9247375,5.6603274,2.6374567,3.520907,5.9931145,4.502056,5.1182027,4.585819,3.9516997,6.4498153,4.235246,4.917551,4.8610783
TCGA-44-2659-01,1.5725303,7.571813,5.7101703,4.9546375,5.7890973,2.4389238,3.4793549,5.972437,4.435365,5.3149667,4.663634,3.7124004,6.430728,4.221442,4.8175416,4.8930173
TCGA-44-2662-01,5.0043244,6.708645,5.674226,4.581927,4.9905095,3.9571166,4.018931,5.4020505,4.3800197,4.66754,4.6756287,4.2763834,5.7881484,4.0705132,4.9373865,4.7019014
TCGA-44-2665-01,10.543165,5.035578,4.8432665,4.493593,3.5615315,5.230612,5.3530917,4.460823,3.468056,4.469697,4.7337313,4.802463,5.303906,5.005656,6.201496,4.866606
TCGA-44-2666-01,10.7136965,4.9831142,4.6444526,4.314381,3.2158632,5.2993765,5.3515196,4.5803323,3.2268379,4.6490088,4.7294526,4.9212623,5.2855663,5.06827,6.2765884,4.81447
TCGA-44-2668-01,2.4244268,7.204793,5.6945515,4.8902836,5.499758,2.7486997,3.663024,6.171329,4.4383507,5.1382637,4.646625,3.7808428,6.3075705,3.8904395,4.836971,5.0043526
TCGA-44-3396-01,5.1418653,6.592942,5.588428,4.589177,4.829233,4.1271915,4.1299,5.373399,4.400595,4.573569,4.652258,4.391506,5.8013997,4.023665,5.0229454,4.72739
TCGA-44-3398-01,5.4234147,6.5523386,5.5772996,4.5402045,4.8501096,4.1513777,4.2363987,5.4419765,4.4059095,4.6006827,4.644245,4.3636417,5.6106033,3.9315016,5.1391063,4.7674446
TCGA-44-3917-01,4.4793935,6.704183,5.662205,4.6461253,5.1454377,3.8137724,4.00583,5.477052,4.5030885,4.5722857,4.7375917,4.3202205,5.822134,3.957189,5.042628,4.6351843
TCGA-44-3918-01,-0.4474112,7.953264,5.725586,5.4722214,6.0682197,2.8493204,3.6131494,5.596323,4.4681168,5.715575,5.1742024,3.201251,6.1636114,4.1463675,4.9963465,4.81452
TCGA-44-3919-01,10.469517,5.0989513,4.640369,4.576674,3.5942917,5.397996,5.3564954,4.511431,3.5828044,4.453117,4.889269,4.675911,5.387626,5.034523,6.193696,4.8155785
TCGA-44-4112-01,1.1422595,7.749834,5.829417,4.877717,6.0306354,2.0008616,3.460483,6.132109,4.4120097,5.4157534,4.567448,3.5810566,6.4364305,4.185354,4.850205,4.839159
TCGA-44-5643-01,7.674231,6.009162,5.290661,4.59099,3.9933321,4.9538,4.788828,4.8833447,4.120945,4.4399047,4.884304,4.6258035,5.2178173,4.497428,5.379812,4.6080585
TCGA-44-5644-01,-0.6246562,8.021701,5.6828275,5.4822297,6.087405,2.8332105,3.5879552,5.5964603,4.452526,5.748046,5.144291,3.1803217,6.168401,4.106518,4.958389,4.838721
TCGA-44-5645-01,10.712095,5.016456,4.5807643,4.2876334,3.3961565,5.4293613,5.5581055,4.5298643,3.4105313,4.536211,4.6607885,4.993169,5.3397064,5.201847,6.3795495,4.9421206
TCGA-44-6144-01,4.54947,6.7794676,5.6209326,4.7193875,5.098645,3.8885102,3.9493315,5.4951754,4.4491262,4.584441,4.6500974,4.280032,5.86893,4.026821,4.960231,4.620497
TCGA-44-6145-01,3.0630088,7.2266035,5.6065283,4.8038807,5.357991,3.1057718,3.7527046,5.871482,4.480811,4.935375,4.6725264,4.1304016,6.246578,3.9364958,4.971765,4.7296495
TCGA-44-6146-01,10.734354,5.0960484,4.622374,4.5473404,3.4886754,5.3685255,5.493637,4.3979864,3.3269951,4.6417565,4.776512,4.799935,5.574085,5.0876904,6.3122854,5.0210147
TCGA-44-6148-01,11.375544,5.251794,4.340996,4.419069,3.3775122,5.5988827,5.733155,4.3517785,3.2747068,4.697368,4.739972,4.9594617,5.5309777,5.0403633,6.5729356,5.072645
TCGA-44-6774-01,3.2136393,7.1051936,5.627796,4.737733,5.3187604,3.1572728,3.7513947,5.877851,4.4141765,4.998104,4.73493,4.1810393,6.330756,3.8823562,4.969489,4.7928963
TCGA-44-6775-01,10.02578,5.1531963,5.1173825,4.5750036,3.5332518,5.2421665,5.2780194,4.4711647,3.5751214,4.4681373,4.949253,4.674969,5.2094855,4.9273624,5.769568,4.7665105
TCGA-44-6776-01,4.9997344,6.6115084,5.545701,4.6230235,4.9415107,4.110901,4.0761175,5.3840747,4.3522463,4.5015407,4.621088,4.3313174,5.782548,3.981779,5.036428,4.610048
TCGA-44-6777-01,2.0240104,7.3513694,5.5352826,4.9134216,5.7969303,2.5755792,3.6122084,6.152132,4.49418,5.1133633,4.5257115,3.8102312,6.438064,4.0563865,4.9392333,4.938808
TCGA-44-6778-01,1.9273771,7.4182506,5.6266384,4.935139,5.727458,2.5670192,3.5218778,5.98049,4.4971504,5.156862,4.581428,3.8996694,6.498255,4.1032825,4.896907,4.8822427
TCGA-44-6779-01,8.616893,5.6500754,5.2479277,4.638785,3.8168838,5.1051717,5.01487,4.7082224,3.9970746,4.32757,4.957212,4.5878053,5.202257,4.644812,5.6276054,4.6817527
TCGA-44-7659-01,6.321098,6.306764,5.426527,4.648992,4.377746,4.6647797,4.5616927,5.240008,4.401772,4.3635077,4.7554793,4.379133,5.4476595,4.1245017,5.181336,4.585241
TCGA-44-7660-01,2.4484885,7.2479854,5.5916495,4.8389845,5.498965,2.7177608,3.7254467,5.985932,4.3112917,4.9908605,4.653318,3.8355787,6.2794976,4.0297894,4.818158,4.867309
TCGA-44-7661-01,3.3122985,7.2248807,5.614048,4.792194,5.1596823,3.2634258,3.8721285,5.857543,4.383629,4.8720007,4.6597023,4.0814996,6.149132,3.9797535,4.9603596,4.711247
TCGA-44-7662-01,0.5191586,7.67476,5.731123,5.2157054,6.0395474,2.3266222,3.5363512,5.921439,4.497422,5.6490235,4.9403224,3.3953745,6.423964,4.208014,4.9225464,4.8909
TCGA-44-7667-01,1.0860574,7.8291874,5.74486,4.9349303,6.027322,2.1936085,3.3913436,5.973686,4.4702563,5.39896,4.590105,3.686665,6.5994945,4.3498864,4.781891,4.9567747
TCGA-44-7669-01,1.4055581,7.660082,5.734975,4.903479,5.9181733,2.1651108,3.4782088,6.098877,4.4549603,5.3931193,4.6277676,3.6647887,6.515212,4.1563716,4.839389,4.9315524
TCGA-44-7670-01,-0.7318171,8.021609,5.701062,5.5261545,6.0525465,2.8962095,3.6286898,5.542321,4.4514413,5.712039,5.1625066,3.1310763,6.0893207,4.103188,4.9384365,4.8440537
TCGA-44-7671-01,4.510751,6.7759504,5.6678386,4.6782174,5.0791483,3.8088944,3.9432883,5.499861,4.407693,4.6633086,4.6911902,4.3000712,5.9256773,4.0197678,4.9884496,4.6728816
TCGA-44-7672-01,6.087164,6.365031,5.47326,4.6067123,4.5605497,4.477981,4.369904,5.1662154,4.332111,4.4709682,4.737154,4.4180355,5.540228,4.045143,5.2261577,4.7234893
TCGA-44-8117-01,-0.2362885,7.933282,5.5676684,5.30722,6.2261453,2.4176393,3.4669914,5.848542,4.47102,5.859058,5.040296,3.2720993,6.4412127,4.145137,4.9440026,4.84255
TCGA-44-8119-01,0.05946161,7.773588,5.472276,5.229977,6.326951,2.2682872,3.3518379,5.9042125,4.516292,5.913029,5.03892,3.3317227,6.646567,4.2867165,5.003931,4.8409863
TCGA-44-8120-01,0.3695087,7.800605,5.739074,5.2268867,6.1450253,2.1322083,3.5068789,5.947146,4.4787035,5.8170567,5.0175743,3.3295166,6.46742,4.219668,4.952068,4.8072777
TCGA-44-A479-01,3.0679984,7.1071978,5.7040224,4.882685,5.34299,3.1839337,3.6864333,5.9604726,4.467695,4.7886853,4.5758233,4.14917,6.2100124,4.013661,5.0383086,4.7171
TCGA-44-A47A-01,4.2606487,6.79642,5.603482,4.753358,5.104218,3.7885132,3.9450781,5.5488625,4.469599,4.6595287,4.718509,4.222692,5.9128275,3.8985891,5.0654325,4.666025
TCGA-44-A47B-01,10.638934,5.12171,4.7326956,4.3231845,3.3579829,5.4635944,5.4375486,4.4936085,3.4530575,4.503312,4.7607317,4.8765974,5.3230343,5.0726366,6.2462754,4.959118
TCGA-44-A47F-01,9.409336,5.403502,5.3517275,4.566197,3.549728,5.1269126,5.1345673,4.587692,3.7473817,4.355141,4.8956203,4.6557283,5.076801,4.7379026,5.6023364,4.6622596
TCGA-44-A47G-01,9.372156,5.4298654,5.248553,4.5470853,3.5442474,5.2373056,5.198801,4.585189,3.8103127,4.3701777,4.8347926,4.6381373,5.1635,4.7958317,5.728907,4.8135004
TCGA-44-A4SS-01,1.1697419,7.8032446,5.7755213,4.9021773,6.007687,1.930579,3.354673,6.139879,4.3600173,5.4533343,4.489734,3.5901504,6.6334305,4.263156,4.6492724,4.9459844
TCGA-44-A4SU-01,6.743647,6.1733704,5.3822727,4.6041102,4.3128486,4.7190447,4.576635,5.07226,4.2950077,4.4106736,4.744246,4.4717326,5.402501,4.2093754,5.2905207,4.6714544
TCGA-49-4486-01,6.276364,6.260433,5.4281926,4.6012597,4.474825,4.6251063,4.5015354,5.218228,4.3540554,4.414829,4.7603626,4.316511,5.4378633,4.1051564,5.247486,4.64018
TCGA-49-4487-01,2.167241,7.2878933,5.613564,4.884042,5.633387,2.7940402,3.632546,5.948765,4.4158354,5.0930996,4.6623664,3.9158118,6.477448,3.9702191,4.9312277,4.9443464
TCGA-49-4488-01,2.9268465,7.275783,5.600384,4.7772303,5.3388023,3.170536,3.8106163,5.8283544,4.4077573,4.9589634,4.73189,3.9705508,6.186328,3.884434,4.894703,4.8410945
TCGA-49-4490-01,10.385759,5.1207185,4.8119326,4.4295735,3.484643,5.3327465,5.4713416,4.4729443,3.4060755,4.6388855,4.757665,4.910203,5.4383416,5.0390615,5.9935517,4.831443
TCGA-49-4494-01,5.3726196,6.5228944,5.5445046,4.67506,4.782704,4.211245,4.1593704,5.2734675,4.3603086,4.5651665,4.7189393,4.4134493,5.6975293,3.824558,5.2049704,4.7337923
TCGA-49-4501-01,10.407266,5.1428537,4.8335104,4.376544,3.3325458,5.3860235,5.382428,4.358664,3.4887521,4.5992265,4.710052,4.960993,5.240505,5.0587006,5.9361486,4.8969126
TCGA-49-4505-01,4.7955513,6.578997,5.5713487,4.7101665,5.028744,4.0676975,4.0057592,5.4273696,4.4050317,4.4774666,4.66287,4.2538114,5.746474,3.8909283,5.0999794,4.605646
TCGA-49-4506-01,7.6521406,5.9322367,5.270433,4.5339117,3.9403706,4.9413176,4.750347,4.9312143,4.137926,4.388567,4.7577543,4.682341,5.13143,4.492604,5.335198,4.682343
TCGA-49-4507-01,5.07746,6.4745874,5.595104,4.5316434,4.8613944,4.1041737,4.1644835,5.4719825,4.371945,4.458967,4.6617575,4.3870993,5.731838,4.0348325,5.0440507,4.720002
TCGA-49-4510-01,10.121539,4.9338584,4.8441353,4.5080347,3.6012228,5.321061,5.3776236,4.5916843,3.5360942,4.6372876,5.0094624,4.834018,5.3287735,5.0402017,5.805059,4.7000947
TCGA-49-4512-01,10.663603,5.0807276,4.715705,4.506262,3.3115876,5.366319,5.3280487,4.528069,3.3980336,4.5134377,4.9048433,4.762449,5.364599,5.0000534,6.2712965,4.913476
TCGA-49-4514-01,3.0644023,7.14871,5.7026505,4.9011855,5.403367,3.1549568,3.7981637,5.8926544,4.4244,4.8910313,4.653134,3.9524655,6.1016893,3.9257164,5.180143,4.718832
TCGA-49-6742-01,3.6438625,7.067841,5.639974,4.814883,5.1664047,3.571657,3.9172342,5.6214685,4.56652,4.736571,4.722398,4.2142606,6.0503855,3.8942628,4.974406,4.694597
TCGA-49-6743-01,-0.150743,7.750709,5.4053698,5.3033056,6.3462825,2.5308928,3.363261,5.808738,4.526575,5.91768,5.1092854,3.2939625,6.6042223,4.2574167,5.0551586,4.834977
TCGA-49-6744-01,3.8229082,6.9401517,5.5601907,4.8561707,5.2056184,3.5915532,3.8914082,5.656758,4.471634,4.6325946,4.667471,4.1877112,5.9555087,3.8353186,5.1222115,4.6511207
TCGA-49-6745-01,7.2030244,6.1380334,5.396673,4.577337,4.153328,4.8835406,4.684051,4.9179344,4.2050924,4.3887715,4.852313,4.4846244,5.270868,4.3155417,5.336904,4.700059
TCGA-49-6761-01,2.7568085,7.164723,5.612532,4.8688383,5.415084,3.1543338,3.714723,5.934915,4.5807743,4.8029,4.6030345,4.121361,6.3007846,3.9261858,5.177738,4.8271923
TCGA-49-6767-01,1.4032485,7.6324544,5.6551886,4.9102073,5.9162426,2.2335217,3.4672198,6.054501,4.466396,5.4370594,4.599361,3.6821613,6.555964,4.185411,4.767024,5.017534
TCGA-49-AAQV-01,9.82874,5.397484,5.024049,4.546074,3.4718409,5.210315,5.2772593,4.5436516,3.507942,4.5623817,4.8340263,4.7341046,5.1920505,4.85505,5.7556453,4.733563
TCGA-49-AAR0-01,7.321018,6.0609365,5.3701887,4.5353746,4.05937,4.9070897,4.7080674,4.9290047,4.2272077,4.3799458,4.847551,4.5489373,5.2615614,4.390036,5.371644,4.700284
TCGA-49-AAR2-01,1.876072,7.4003177,5.689036,4.892549,5.7080736,2.6013048,3.5274901,6.026751,4.4758015,5.2473717,4.596369,3.8791444,6.450209,4.1801147,4.995929,4.748557
TCGA-49-AAR3-01,7.219414,6.0006304,5.3930645,4.5042734,4.083957,4.780517,4.706149,5.0796537,4.3153954,4.3279395,4.7945933,4.630862,5.2379894,4.221172,5.4349,4.707125
TCGA-49-AAR4-01,0.44860145,7.7363324,5.4813094,5.1372175,6.2211533,2.1742897,3.3331814,5.972431,4.4226356,5.8699603,5.0001364,3.4127054,6.6595035,4.155217,4.9767847,4.7559905
TCGA-49-AAR9-01,0.2742256,7.8867526,5.7359686,5.2034917,6.1441035,2.131507,3.5067198,5.936513,4.4499288,5.8004165,4.9557934,3.3280652,6.4551625,4.1984653,4.883571,4.8723483
TCGA-49-AARE-01,-0.5598914,7.9748435,5.935037,5.5456104,5.925519,3.0646753,3.806067,5.5175133,4.47002,5.5773215,5.245653,3.0741107,5.9204493,4.1177673,4.962653,4.8120127
TCGA-49-AARN-01,0.014926148,7.7924123,5.6579423,5.363327,6.199108,2.3683052,3.535228,5.8844395,4.5465517,5.859701,5.170162,3.3122692,6.3915367,4.166387,5.1111965,4.648972
TCGA-49-AARO-01,0.64516634,7.6328096,5.594963,5.1062884,6.173759,2.0323088,3.3944113,6.03125,4.5398645,5.8335276,4.990944,3.4357457,6.6624074,4.259289,4.9764504,4.833465
TCGA-49-AARQ-01,-0.07006871,7.8687797,5.578377,5.2397704,6.261383,2.2681851,3.4507256,5.947286,4.524752,5.8766136,5.0040226,3.320774,6.5218835,4.1802206,4.9509625,4.854861
TCGA-49-AARR-01,11.293597,5.277938,4.4294863,4.34797,3.340554,5.710459,5.689779,4.3093,3.3963306,4.6568866,4.721792,5.035157,5.4831676,5.077182,6.446133,5.00946
TCGA-4B-A93V-01,7.321952,6.0212855,5.28752,4.663354,4.2007504,4.947928,4.7276115,4.901818,4.1010303,4.368929,4.7579446,4.480088,5.3467455,4.3144755,5.404674,4.7116513
TCGA-50-5044-01,7.533768,6.038396,5.358259,4.5321374,4.1191764,4.7975883,4.701213,4.9285316,4.236586,4.3848267,4.769691,4.5792494,5.2762074,4.3590083,5.37648,4.7775545
TCGA-50-5045-01,3.1452563,7.1615977,5.656951,4.7109575,5.297472,3.175188,3.7745059,5.964048,4.3614597,5.032185,4.7478256,4.171792,6.316272,3.8629746,4.8601546,4.816347
TCGA-50-5049-01,-0.27245954,7.8278823,5.4856257,5.3403716,6.2597184,2.6473916,3.4159143,5.7345953,4.50154,5.841455,5.108164,3.285089,6.468675,4.2400246,5.0255256,4.8528557
TCGA-50-5051-01,8.236963,5.773848,5.2199516,4.6736255,3.863228,5.027587,4.9009233,4.6701326,4.0425644,4.318975,4.8780885,4.599196,5.1609054,4.6676497,5.479502,4.733704
TCGA-50-5055-01,11.135813,5.096824,4.452004,4.3651247,3.39333,5.4815264,5.5497627,4.4562597,3.2882085,4.6636195,4.728504,4.960856,5.5273285,5.0911503,6.4215875,4.925283
TCGA-50-5066-01,2.9775836,7.0724244,5.631714,4.8503704,5.424269,3.0475607,3.6656673,5.929728,4.5443053,4.9424005,4.6256537,4.1371074,6.2338953,3.990134,5.2348933,4.712851
TCGA-50-5068-01,9.005328,5.460687,5.200413,4.607619,3.741777,5.147556,5.003708,4.67963,3.8932738,4.325376,4.9610505,4.6182213,5.1911793,4.7463818,5.6145024,4.6153545
TCGA-50-5072-01,6.002242,6.4196754,5.5395226,4.667774,4.613058,4.3992767,4.4296,5.206245,4.2319717,4.5999036,4.709083,4.51205,5.569302,4.039176,5.228757,4.6472473
TCGA-50-5930-01,-0.5001557,7.928785,5.891053,5.5234237,6.00776,2.9797356,3.7666998,5.565106,4.503555,5.674559,5.2692423,3.0914793,6.0342016,4.175767,5.0172825,4.781833
TCGA-50-5931-01,3.3005073,7.0565877,5.6694307,4.7564034,5.376626,3.2414188,3.7355058,5.7363515,4.4694943,4.9738007,4.7043743,4.1393847,6.25692,3.9656463,5.081498,4.7665505
TCGA-50-5932-01,9.817191,5.2117805,5.1853456,4.615755,3.5199575,5.2402925,5.224632,4.4427905,3.6842794,4.387255,4.971723,4.620168,5.142957,4.966354,5.6856384,4.7634854
TCGA-50-5933-01,0.77232826,7.633997,5.5903416,5.035259,6.119676,2.0914152,3.277641,6.0246983,4.4468727,5.7395477,4.816253,3.4243276,6.755807,4.251155,4.8640723,4.942634
TCGA-50-5935-01,8.659831,5.6502275,5.2716427,4.661687,3.7950275,5.096879,5.019565,4.6905065,3.9812567,4.328196,4.96848,4.560732,5.2030926,4.644169,5.588668,4.659393
TCGA-50-5936-01,8.173311,5.846134,5.2243958,4.7074213,3.9064116,5.0145645,4.903349,4.6426225,4.1260214,4.3839993,4.936419,4.573334,5.262508,4.626951,5.4729376,4.729844
TCGA-50-5939-01,9.653518,5.351073,5.2218,4.6763353,3.5685365,5.185027,5.3189993,4.4429965,3.7552044,4.4795804,4.9307127,4.6301847,5.0508356,4.8134966,5.637199,4.7434845
TCGA-50-5941-01,1.9615018,7.4480863,5.66409,4.9596906,5.6807194,2.5353234,3.66669,6.1034408,4.4649944,5.121669,4.650937,3.8390589,6.361413,4.0646524,4.893484,4.8408995
TCGA-50-5942-01,9.947202,5.2328167,5.0025606,4.5706186,3.4620163,5.357266,5.301013,4.482951,3.6278827,4.4570055,5.013894,4.65078,5.159945,4.965999,5.714269,4.813495
TCGA-50-5944-01,10.176873,5.1190434,4.988842,4.5002456,3.399642,5.409526,5.4183884,4.358746,3.5979738,4.4624205,4.885081,4.789522,5.2280197,5.043259,5.862898,4.8919635
TCGA-50-5946-01,-0.07045593,7.938226,5.581565,5.24281,6.2404947,2.2062285,3.4168408,5.8799744,4.4408865,5.9080276,5.007314,3.2579098,6.5501847,4.173982,4.877395,4.928907
TCGA-50-6590-01,-0.3803389,7.821236,5.458813,5.3809185,6.244871,2.8068528,3.410246,5.643904,4.488398,5.8130107,5.132163,3.2658703,6.4323983,4.2622457,5.0288143,4.881068
TCGA-50-6591-01,10.201371,5.2305846,5.0404534,4.538171,3.499837,5.3278403,5.322454,4.5281506,3.629638,4.4673715,4.997631,4.6084323,5.18717,4.8124723,5.8815846,4.756174
TCGA-50-6592-01,3.0751977,7.111797,5.540578,4.822825,5.4190736,3.2958326,3.6847599,5.785513,4.5374627,4.7935057,4.583957,4.1835513,6.2924013,4.0155396,5.087884,4.7420173
TCGA-50-6593-01,3.1647878,7.1918626,5.6249633,4.803495,5.310302,3.1071227,3.8158193,5.87732,4.505184,4.9183655,4.6759367,4.135033,6.2290387,3.934436,5.038626,4.731363
TCGA-50-6594-01,0.42379865,7.7027006,5.558062,5.073287,6.2466483,2.0804927,3.297702,6.006989,4.50173,5.7779355,4.8302636,3.42327,6.7549562,4.401774,4.8614116,5.0149474
TCGA-50-6595-01,8.347028,5.6707797,5.2495785,4.5853615,3.8996484,5.1121416,4.9272265,4.838814,4.003847,4.377905,4.864987,4.532572,5.1745334,4.491823,5.51933,4.6170506
TCGA-50-6597-01,10.410059,5.001821,4.8788233,4.4677787,3.4162338,5.333842,5.365843,4.424528,3.452254,4.552598,4.8779483,4.842472,5.3046603,5.0950565,5.9134407,4.8049703
TCGA-50-6673-01,9.036092,5.5218153,5.256389,4.5510707,3.6227438,5.181612,5.0708933,4.6312523,3.8617914,4.3740954,4.913811,4.628224,5.1513257,4.724729,5.5974727,4.7384105
TCGA-50-7109-01,3.5822058,6.9916396,5.682807,4.745632,5.284437,3.5311632,3.8911896,5.727517,4.4628344,4.6867585,4.657738,4.1250277,5.9556403,3.956403,4.9486313,4.7000475
TCGA-50-8457-01,10.16433,5.0584726,4.9766045,4.470886,3.3693197,5.435243,5.421795,4.388994,3.6329188,4.51982,4.911552,4.7455726,5.208076,5.0040007,5.827093,4.7762256
TCGA-50-8459-01,9.531993,5.2992578,5.1973557,4.633512,3.6682487,5.194825,5.1025577,4.5854816,3.7226875,4.3567524,5.0158143,4.551159,5.1851487,4.8512325,5.6647277,4.6479087
TCGA-50-8460-01,10.738808,5.117134,4.4365015,4.298498,3.3236623,5.5694184,5.4580846,4.503965,3.4044263,4.6551166,4.7258797,5.0046835,5.344066,4.9540243,6.2705317,4.99431
TCGA-53-7624-01,-0.3195002,7.989472,5.6224184,5.2875085,6.2143455,2.3692927,3.5003552,5.89751,4.489044,5.8542366,4.994928,3.261847,6.4072967,4.09641,4.8920236,4.8797846
TCGA-53-7626-01,-0.58470964,7.8729815,5.54417,5.5292273,6.0553803,3.25837,3.5384893,5.4117475,4.4356694,5.6428084,5.1824884,3.21708,6.1087513,4.2055254,5.0062017,4.8860283
TCGA-53-7813-01,6.2800417,6.3225255,5.4568977,4.624765,4.518463,4.5317116,4.473197,5.126773,4.2650185,4.517668,4.7279453,4.4583454,5.4909544,4.148896,5.213302,4.6594925
TCGA-53-A4EZ-01,0.9967658,7.7910995,5.773169,4.931145,6.0463967,2.0889635,3.3483088,6.029147,4.34269,5.5457726,4.6756144,3.512534,6.59996,4.2154484,4.794019,4.8720493
TCGA-55-1592-01,0.54610676,7.7857685,5.6439486,5.0604615,6.1880364,2.137153,3.4045534,5.949481,4.491914,5.6373916,4.766295,3.504545,6.64351,4.4516654,4.821338,4.9975104
TCGA-55-1594-01,5.525006,6.508171,5.567682,4.6055183,4.775089,4.244394,4.2115283,5.273871,4.348561,4.553139,4.6953216,4.401525,5.653499,3.950777,5.1392827,4.710308
TCGA-55-1595-01,3.2399,7.1445603,5.5746803,4.7336497,5.28526,3.0574622,3.7439628,5.8950267,4.369863,4.9064417,4.6580935,4.146279,6.3315454,3.843865,5.02563,4.7214026
TCGA-55-1596-01,5.167611,6.560587,5.4650364,4.6982856,4.759268,4.1755676,4.1231713,5.393183,4.391717,4.4297404,4.7243843,4.3250504,5.6990647,3.8401763,5.221981,4.668115
TCGA-55-5899-01,1.9588244,7.4979672,5.6820955,4.88289,5.746018,2.3999352,3.5282393,6.107548,4.4224076,5.1896267,4.564999,3.7977762,6.51598,4.1315365,4.877907,4.9022884
TCGA-55-6543-01,11.038544,5.1208987,4.370073,4.367491,3.425028,5.5021544,5.5955334,4.486191,3.3183954,4.603059,4.6472597,5.01281,5.413159,5.2070107,6.504336,5.060995
TCGA-55-6642-01,7.3694386,5.971699,5.327207,4.660847,4.1571727,4.875168,4.7559533,4.9403877,4.164509,4.4112806,4.8249536,4.5146112,5.364796,4.340031,5.3909135,4.6130676
TCGA-55-6712-01,7.2088027,6.014786,5.3417463,4.5196524,4.1981683,4.729514,4.676601,5.0373807,4.290298,4.387552,4.7755747,4.5637574,5.3681893,4.339647,5.392064,4.741771
TCGA-55-6968-01,1.0147895,7.776675,5.729032,4.996229,6.038484,2.0049732,3.528197,6.114541,4.4453363,5.625398,4.785744,3.5003624,6.487912,4.097711,4.8961043,4.9081144
TCGA-55-6969-01,1.1712123,7.6868935,5.7071776,5.0768046,5.966009,2.1780658,3.4986067,6.0724087,4.558382,5.395801,4.6312947,3.704396,6.515737,4.28957,4.805674,4.9117413
TCGA-55-6970-01,5.2828116,6.470805,5.596355,4.637869,4.868069,4.1885185,4.1808214,5.3900394,4.359552,4.406358,4.6759677,4.2970924,5.656785,3.9782321,5.1053224,4.557964
TCGA-55-6971-01,4.549338,6.7571044,5.5558977,4.7140307,5.0465384,3.8800385,4.0096326,5.546655,4.426196,4.596766,4.636972,4.2625713,5.8336177,3.9511805,4.9878554,4.6745973
TCGA-55-6972-01,3.3320158,7.0851674,5.6943326,4.7905574,5.294793,3.1356304,3.658266,5.735715,4.5100026,4.9634643,4.7178206,4.3100576,6.334356,4.0059123,5.034859,4.6903496
TCGA-55-6975-01,9.162995,5.487067,5.24236,4.6932707,3.6133099,5.129581,5.179931,4.5678835,3.9183846,4.2480245,5.005618,4.57187,5.110771,4.819418,5.733711,4.7716036
TCGA-55-6978-01,10.1062,5.1241374,4.950554,4.55245,3.4893043,5.134936,5.306957,4.4264684,3.5698762,4.5486865,4.762919,4.8882327,5.2338796,5.090922,5.927922,4.768964
TCGA-55-6979-01,0.2984135,7.736359,5.616857,5.2492213,6.216626,2.152064,3.4636488,6.0066366,4.5431833,5.864809,5.0632358,3.3904395,6.522391,4.1910543,5.062292,4.681882
TCGA-55-6980-01,10.782929,5.176068,4.445829,4.431546,3.278203,5.482476,5.550725,4.3534307,3.3685844,4.711967,4.700327,5.0389853,5.188037,5.019911,6.221085,5.110413
TCGA-55-6981-01,4.4813633,6.8005886,5.5441947,4.8051615,4.9899945,3.7949574,3.999325,5.500396,4.543358,4.6815515,4.7196503,4.250044,5.9015594,3.8749547,5.12065,4.7679696
TCGA-55-6982-01,4.0797033,6.8189135,5.680523,4.7863317,5.0595684,3.7602248,3.9591167,5.6275764,4.420036,4.725182,4.813497,4.1851645,5.985654,3.785135,5.159574,4.5960155
TCGA-55-6983-01,8.036503,5.9290743,5.306676,4.5581145,3.914852,4.993353,4.813405,4.8307204,4.077379,4.410123,4.871856,4.592974,5.2860317,4.4725056,5.476978,4.652934
TCGA-55-6984-01,10.746638,5.0608926,4.5276666,4.4746695,3.5495517,5.4686604,5.4016733,4.4843903,3.546822,4.4990854,4.813302,4.78414,5.4342556,5.12378,6.321945,4.8603454
TCGA-55-6985-01,1.2214278,7.7311935,5.649971,4.845469,6.050452,2.0181444,3.3928068,6.111074,4.4985423,5.55007,4.6461787,3.5514746,6.597268,4.1981864,4.886708,4.9764304
TCGA-55-6986-01,11.1678,5.1362457,4.3314147,4.320943,3.3201602,5.525692,5.4804754,4.4693294,3.42278,4.62598,4.717979,4.98652,5.2481804,5.032405,6.414151,4.982078
TCGA-55-6987-01,4.102111,6.9516883,5.547259,4.740909,5.0849433,3.6746526,3.9857566,5.6280856,4.46216,4.628415,4.6047773,4.251998,6.0104685,3.8705027,5.009638,4.7644997
TCGA-55-7227-01,6.025332,6.3687606,5.4783173,4.6793604,4.6524796,4.428963,4.445749,5.268553,4.3578024,4.413962,4.8057084,4.34598,5.434722,4.051054,5.253405,4.6973057
TCGA-55-7281-01,1.1846492,7.7709184,5.763231,4.8999557,5.9549947,2.2037075,3.376547,5.9587574,4.360135,5.3882875,4.5967402,3.6081998,6.537204,4.266862,4.7332354,4.9243517
TCGA-55-7283-01,4.2686296,6.8349757,5.603714,4.7611423,5.07532,3.7860138,3.9637506,5.5360866,4.4663606,4.6288557,4.7092996,4.227779,5.917859,3.8910959,5.0742426,4.6659393
TCGA-55-7284-01,10.981813,5.0501504,4.5834646,4.441614,3.2846372,5.371116,5.5337787,4.3929143,3.2466288,4.596123,4.7640333,4.994408,5.35166,5.1559362,6.296909,4.990796
TCGA-55-7570-01,2.2059345,7.393279,5.63292,4.856646,5.649237,2.6351695,3.646375,5.988002,4.5244694,5.1306276,4.6599145,3.8085122,6.345554,3.986663,4.893905,4.990309
TCGA-55-7573-01,10.30072,5.1100936,4.8658853,4.4857116,3.3633394,5.264761,5.3707976,4.588964,3.4086776,4.641751,4.909357,4.798188,5.353839,4.951166,6.013999,4.808029
TCGA-55-7574-01,3.5503948,7.053317,5.6518064,4.830271,5.2155056,3.4898047,3.852768,5.722745,4.4744596,4.789045,4.642263,4.177143,6.1498666,3.9390154,4.959587,4.7631383
TCGA-55-7576-01,1.9771621,7.518131,5.6680837,4.8865395,5.7533274,2.4067397,3.6285837,6.1925054,4.3848677,5.266328,4.608863,3.7583961,6.394077,3.9784133,4.902532,4.871483
TCGA-55-7724-01,3.975291,6.8144226,5.6368055,4.69838,5.2417774,3.5304852,3.8518078,5.677086,4.4102736,4.6678324,4.6529374,4.1193376,5.946461,3.9471216,5.107206,4.711692
TCGA-55-7725-01,7.5584373,5.9701757,5.3363857,4.497203,3.9808118,4.928713,4.729823,4.9248133,4.152552,4.4027367,4.826754,4.5950975,5.2777367,4.3637047,5.4338837,4.691161
TCGA-55-7726-01,7.991464,5.8512983,5.305457,4.530444,3.965105,5.017468,4.87976,4.8997793,4.099862,4.3677583,4.890087,4.613448,5.1263833,4.456044,5.50897,4.6823683
TCGA-55-7727-01,3.9154782,6.939188,5.6165323,4.752839,5.0966845,3.734288,4.011629,5.634052,4.4116096,4.5454564,4.605929,4.3041964,6.0933623,3.805705,5.0366907,4.722939
TCGA-55-7728-01,8.956648,5.563363,5.2210584,4.6858263,3.7505987,5.117521,5.1140766,4.633078,3.8915715,4.347541,4.973127,4.5732684,5.1875343,4.6860113,5.704911,4.7106037
TCGA-55-7815-01,7.176839,6.1364326,5.2977123,4.6209946,4.1174545,4.9386787,4.6818075,4.932355,4.1727443,4.418057,4.7634935,4.5407596,5.2376933,4.4372635,5.2804265,4.628245
TCGA-55-7816-01,11.309337,5.287815,4.3881745,4.3178315,3.3485832,5.6580615,5.709933,4.3392706,3.3387055,4.703182,4.6850295,5.035378,5.457775,5.057795,6.511776,5.067002
TCGA-55-7903-01,6.402435,6.2879715,5.339314,4.634302,4.4758596,4.5715384,4.4453945,5.2136955,4.3635106,4.420021,4.6286325,4.419167,5.537309,3.99197,5.1811485,4.6540384
TCGA-55-7907-01,-0.46943665,7.9025164,5.6389527,5.422816,6.053683,3.048002,3.5553815,5.5399737,4.4400163,5.6235733,5.1219263,3.2237206,6.1754303,4.2247076,4.932534,4.9405503
TCGA-55-7910-01,3.227734,7.1959434,5.554502,4.745965,5.262227,2.9430404,3.864598,5.9460883,4.5017657,4.92942,4.6590405,4.0812783,6.1477385,3.943409,5.2043977,4.6916933
TCGA-55-7911-01,4.143206,6.8767138,5.592749,4.750236,5.2117467,3.782003,3.8407326,5.4972425,4.4392033,4.6100264,4.638164,4.234699,5.994103,3.9445894,5.0526285,4.658694
TCGA-55-7913-01,2.3016331,7.325647,5.580922,4.881078,5.5418606,2.7638674,3.7887084,6.0784245,4.4582872,5.025966,4.657708,3.7936149,6.165714,4.1278305,4.998038,4.780175
TCGA-55-7914-01,5.6646795,6.4220834,5.511209,4.6310515,4.7028933,4.350626,4.267681,5.2388296,4.3467526,4.4907846,4.718578,4.3662653,5.6136527,3.978834,5.196539,4.693908
TCGA-55-7994-01,-0.52211785,7.886414,5.613153,5.5275683,5.9406815,3.3915231,3.5922754,5.360445,4.408708,5.5020323,5.148637,3.2368832,5.987127,4.1835465,4.960753,4.918235
TCGA-55-7995-01,0.04530509,7.707838,5.449669,5.2509265,6.327256,2.4568224,3.3392723,5.803523,4.528811,5.8664417,5.0700994,3.3377225,6.6417065,4.3708487,5.041171,4.8679957
TCGA-55-8085-01,3.8063405,6.9796634,5.575379,4.8180795,5.232886,3.591099,3.889488,5.605517,4.466652,4.7706947,4.739814,4.167512,6.032002,3.794864,5.0635695,4.7000504
TCGA-55-8087-01,10.881014,5.11152,4.5658393,4.4876776,3.3121371,5.4439917,5.5515924,4.3848147,3.3671148,4.60737,4.8156514,4.908926,5.371474,5.0747995,6.3075895,4.9998674
TCGA-55-8089-01,-0.37245953,7.9117517,5.9095435,5.4728503,5.956883,2.9923565,3.777287,5.592563,4.481132,5.6142216,5.2227817,3.1269038,6.02479,4.1696424,4.9695196,4.8153563
TCGA-55-8090-01,9.610899,5.320815,5.139417,4.5449066,3.5791154,5.229849,5.1735764,4.6104965,3.700243,4.3755083,4.908233,4.694461,5.1929846,4.8693624,5.6877894,4.656956
TCGA-55-8091-01,10.9175415,5.0589404,4.4683547,4.3155746,3.1712816,5.3648887,5.425928,4.5505323,3.1900067,4.6382117,4.7269473,5.0437565,5.236061,5.03552,6.2819977,4.9762244
TCGA-55-8092-01,0.46767873,7.7571588,5.5085588,5.018499,6.2471676,1.9722959,3.3278515,6.12892,4.483204,5.758973,4.804982,3.5009553,6.7403984,4.323261,4.8157806,4.944343
TCGA-55-8094-01,1.759173,7.5843005,5.801681,4.9252224,5.802672,2.309623,3.4013813,6.103867,4.3978434,5.2213655,4.5662208,3.6280458,6.513564,4.180257,4.7412434,4.958932
TCGA-55-8096-01,6.7972436,6.1515985,5.4324145,4.524402,4.217806,4.7292356,4.5762587,5.057056,4.220469,4.4710546,4.769951,4.5575404,5.3052096,4.271745,5.288233,4.7235527
TCGA-55-8097-01,8.261558,5.8552094,5.4097633,4.663951,3.8720036,5.08884,4.898146,4.694459,4.0725,4.253655,4.9516635,4.66963,5.182078,4.6087394,5.426852,4.566365
TCGA-55-8203-01,1.637669,7.4633965,5.5855856,4.923415,5.838135,2.530439,3.5051901,5.9487615,4.5087414,5.3068447,4.6525497,3.7847164,6.525271,4.19413,4.9411864,4.927014
TCGA-55-8204-01,4.7090034,6.7272654,5.5723195,4.7389207,5.041535,3.9272573,3.9978733,5.4655933,4.4576893,4.5804276,4.6687813,4.3034506,5.8254843,4.0688457,4.963662,4.6422834
TCGA-55-8205-01,0.7974554,7.720646,5.6013255,4.9912724,6.122574,2.0757139,3.3382862,6.0149045,4.454007,5.6626863,4.749521,3.5017917,6.7144494,4.3109055,4.81141,5.0250854
TCGA-55-8206-01,10.926656,5.1415896,4.5217133,4.303527,3.394134,5.424467,5.4498973,4.456922,3.3925824,4.654952,4.6630707,5.0071764,5.34991,5.074273,6.316359,4.9859095
TCGA-55-8207-01,2.8997152,7.2840695,5.625139,4.836524,5.3929124,3.2273448,3.7465577,5.6967335,4.4689207,5.0742326,4.74918,4.0841217,6.2436085,3.9472747,4.9488206,4.775021
TCGA-55-8208-01,2.5092669,7.257194,5.610563,4.8814483,5.566056,2.794622,3.6123066,6.02462,4.5101085,5.005039,4.551512,4.031224,6.408172,3.9919279,5.006399,4.8538766
TCGA-55-8299-01,4.5087776,6.737242,5.5810266,4.713969,5.007344,3.9664207,4.018013,5.474069,4.4854317,4.4999423,4.6308637,4.3209367,5.8896136,3.8887153,5.084562,4.6907396
TCGA-55-8301-01,3.1851518,7.1795073,5.6584272,4.741199,5.3481064,3.2844977,3.7593186,5.8766184,4.399358,4.8838887,4.7050877,4.2113023,6.2897496,3.7589116,4.858462,4.8084774
TCGA-55-8302-01,0.22340082,7.7697577,5.6740136,5.2904572,6.190997,2.2289891,3.520959,5.9757357,4.557256,5.8344307,5.082933,3.3656404,6.442901,4.179582,5.0646744,4.6893935
TCGA-55-8505-01,11.060881,5.089101,4.4028673,4.362352,3.2782423,5.4963155,5.5812044,4.481175,3.3203785,4.5804753,4.7534885,4.989921,5.3152843,5.0894036,6.432144,4.9583554
TCGA-55-8506-01,-0.43958113,7.912442,5.8590918,5.5031857,5.842544,3.269729,3.754943,5.452011,4.419997,5.4211063,5.1640964,3.1564424,5.8856444,4.13683,4.908126,4.901112
TCGA-55-8507-01,-0.14956519,7.8912163,5.721287,5.3720202,6.0410485,2.7865944,3.5816991,5.6655445,4.462504,5.6450872,5.0885906,3.2789094,6.2262397,4.192971,4.9606752,4.8589287
TCGA-55-8508-01,5.5771165,6.4887085,5.554111,4.605549,4.731833,4.269819,4.258387,5.2572827,4.320261,4.5846815,4.718909,4.3996496,5.6399837,4.005755,5.1638484,4.713909
TCGA-55-8510-01,3.2059326,7.257758,5.5746984,4.75433,5.2861953,3.2232094,3.8151414,5.8012753,4.463081,4.954095,4.68557,4.099961,6.1414847,3.8946362,4.946362,4.7211585
TCGA-55-8511-01,0.59630084,7.6766243,5.4943514,5.1168566,6.2098346,2.1721182,3.2835522,5.9251823,4.4401836,5.825559,4.8389144,3.4026697,6.7447443,4.262392,4.856117,4.9640326
TCGA-55-8512-01,10.769575,4.9868693,4.422093,4.420826,3.5035024,5.467734,5.38743,4.4238415,3.460593,4.619839,4.743779,4.9221163,5.3656964,5.0831146,6.2261353,4.888961
TCGA-55-8513-01,11.348169,5.2342076,4.3389573,4.379296,3.3764586,5.6458263,5.6502323,4.3603406,3.334524,4.706945,4.7221484,4.963071,5.5073214,5.0381637,6.5011535,5.0735283
TCGA-55-8514-01,3.5940163,7.1036973,5.696507,4.806709,5.177508,3.4190211,3.8052135,5.763081,4.5033374,4.752225,4.601755,4.297456,6.267365,4.033528,4.9272027,4.6533585
TCGA-55-8614-01,4.4346223,6.8253593,5.653174,4.885814,5.039072,3.8415527,3.9367683,5.5658436,4.3940644,4.6103845,4.6335797,4.2990055,5.8538857,4.0455966,5.011894,4.606726
TCGA-55-8615-01,8.372957,5.76607,5.295643,4.5860643,3.801857,5.084846,4.954195,4.740697,4.024446,4.3425856,4.907072,4.611605,5.162598,4.5898776,5.5225844,4.675407
TCGA-55-8616-01,1.2878406,7.660236,5.741431,4.98463,5.9280457,2.1807086,3.5142539,6.066895,4.5136747,5.3965416,4.67228,3.689376,6.5374103,4.2767463,4.8893156,4.888041
TCGA-55-8619-01,11.314461,5.165659,4.3979783,4.3769336,3.3467348,5.5241265,5.678939,4.395361,3.2719355,4.6520724,4.7063975,4.986402,5.454724,5.091233,6.535352,4.9835916
TCGA-55-8620-01,1.087026,7.765397,5.805998,4.96423,5.990929,2.1246161,3.5011754,6.0454497,4.442135,5.461412,4.706847,3.5847106,6.460868,4.2086277,4.840562,4.881801
TCGA-55-8621-01,9.618905,5.294847,5.239204,4.6068673,3.5429149,5.2505193,5.2025523,4.563522,3.6857004,4.3714285,4.968265,4.5795574,5.187213,4.875754,5.6237006,4.6564784
TCGA-55-A48X-01,2.0132132,7.449405,5.693561,4.908375,5.70011,2.5338364,3.5599391,6.048753,4.543278,5.1647496,4.5881853,3.9142315,6.5016003,4.068111,4.9790387,4.879485
TCGA-55-A48Y-01,2.6506062,7.2263293,5.613092,4.862228,5.473641,2.8651834,3.6185458,5.98563,4.5477524,5.0357013,4.570071,4.1190515,6.4443216,4.006161,4.99482,4.8175254
TCGA-55-A48Z-01,10.516795,4.9463873,4.726666,4.535195,3.4202738,5.342058,5.4408174,4.2677903,3.4823477,4.6317787,4.786559,4.87932,5.3298335,5.0244303,6.0569515,4.844123
TCGA-55-A490-01,-0.55889696,7.8910766,5.5918007,5.530548,5.9615574,3.3861804,3.5743718,5.3598356,4.4094887,5.523124,5.1519747,3.2345164,6.005529,4.189162,4.965447,4.9205227
TCGA-55-A491-01,2.2760339,7.2897882,5.642192,4.8737607,5.65788,2.9196916,3.6543005,5.8491626,4.5069213,5.075942,4.625216,3.903317,6.3583,4.0482554,5.0083055,4.7920437
TCGA-55-A492-01,3.2326615,7.112705,5.646963,4.8075867,5.419592,3.2780476,3.6975322,5.8470235,4.463706,4.772122,4.586374,4.1212354,6.1793604,4.07779,4.9836125,4.6855416
TCGA-55-A493-01,3.475547,7.092109,5.617514,4.866673,5.137194,3.5415008,4.002433,5.633298,4.4934254,4.779409,4.7340446,4.121496,6.058394,3.8580837,4.9785275,4.7694087
TCGA-55-A494-01,4.1444526,6.859584,5.624947,4.7291107,5.092565,3.7320228,3.9492834,5.614477,4.4485073,4.6313915,4.6610126,4.286921,6.022507,3.9144762,5.00174,4.6734505
TCGA-55-A4DF-01,-0.11480276,7.8059106,5.4537745,5.2545047,6.3189588,2.34836,3.3849819,5.931478,4.5357113,5.916892,5.036356,3.320691,6.5962677,4.2012434,5.005038,4.847996
TCGA-55-A4DG-01,0.14762473,7.788577,5.6086082,5.167076,6.232389,2.279496,3.4149091,5.8917103,4.5183377,5.768338,4.954012,3.3815525,6.584018,4.3803415,4.929808,4.9516826
TCGA-55-A57B-01,10.76715,5.011481,4.424935,4.4337544,3.4294,5.505027,5.412052,4.502251,3.3378983,4.5278544,4.7946453,4.8445196,5.3128147,4.9747095,6.2824674,4.99919
TCGA-62-8394-01,7.5705028,5.92478,5.284688,4.594514,4.085506,4.867782,4.789174,4.963844,4.0789776,4.4690013,4.817857,4.675809,5.3089194,4.373403,5.3802333,4.6587024
TCGA-62-8395-01,9.551119,5.253074,5.2090497,4.711507,3.6788416,5.072584,5.079652,4.5257306,3.7371483,4.312777,4.946118,4.5710287,5.209339,4.9481,5.717187,4.683597
TCGA-62-8397-01,11.162199,5.0591564,4.3437552,4.3633523,3.333442,5.405928,5.421568,4.5299,3.3111374,4.622024,4.742812,4.953457,5.20403,5.0481133,6.3792396,4.9624743
TCGA-62-8398-01,9.727938,5.3084517,5.259194,4.585839,3.445678,5.1428256,5.228831,4.568354,3.6237743,4.308827,4.899543,4.678015,5.151047,4.94836,5.6556053,4.755912
TCGA-62-8399-01,0.6853809,7.7842164,5.648497,5.056186,6.1315694,1.9568824,3.479623,6.0769935,4.492119,5.6719723,4.76837,3.5042746,6.5955453,4.310665,4.795416,5.035611
TCGA-62-8402-01,10.643441,4.976803,4.669753,4.4582725,3.4869807,5.458948,5.366841,4.489234,3.5773938,4.465386,4.896664,4.7660823,5.399282,5.1510897,6.189396,4.813685
TCGA-62-A46O-01,-0.31126925,7.9697576,5.5467896,5.3430486,6.181393,2.6192863,3.4272397,5.6846595,4.4028444,5.8095694,5.0767694,3.246423,6.3849664,4.1873646,4.9224167,4.9129457
TCGA-62-A46P-01,3.6482382,7.0253763,5.605865,4.8486834,5.3169,3.5057535,3.751308,5.7403274,4.5141263,4.7353787,4.6725335,4.270973,6.079312,3.8879998,4.95075,4.550478
TCGA-62-A46R-01,5.370337,6.618048,5.48693,4.700885,4.8306594,4.149849,4.247587,5.4401917,4.2780743,4.586347,4.6855345,4.393771,5.5851,3.8702576,5.1986537,4.6329966
TCGA-62-A46S-01,8.041456,5.8058686,5.242677,4.6206536,3.910845,5.119016,5.004583,4.7804394,4.1349974,4.358388,4.920942,4.5144186,5.1565924,4.5405693,5.5091605,4.630327
TCGA-62-A46U-01,10.627493,5.1347814,4.7386994,4.4550304,3.4847925,5.474362,5.470519,4.4052043,3.5009773,4.560444,4.805507,4.8099027,5.411241,5.017681,6.1941533,4.937347
TCGA-62-A46V-01,10.280032,5.17036,4.978587,4.531908,3.4266343,5.368793,5.3096824,4.4588633,3.575997,4.351825,4.958121,4.7257414,5.229882,5.0494347,5.9520693,4.89394
TCGA-62-A46Y-01,10.774131,5.082327,4.510534,4.495786,3.5892131,5.4320965,5.381593,4.4790606,3.5636973,4.460484,4.810428,4.785308,5.3931403,5.082993,6.325575,4.892518
TCGA-62-A470-01,8.075896,5.939425,5.296597,4.553363,3.9024782,5.037475,4.8322425,4.8342724,4.1060777,4.3494396,4.911413,4.626522,5.3195553,4.556482,5.506764,4.6479354
TCGA-62-A471-01,8.705153,5.5866537,5.2345595,4.590353,3.7355187,5.1255136,5.026252,4.678819,3.9326003,4.325803,4.91882,4.625711,5.1369743,4.7053194,5.607631,4.7455025
TCGA-62-A472-01,10.338997,5.096353,4.8125963,4.608116,3.5590155,5.4120536,5.4392753,4.4618087,3.614625,4.491124,5.0720816,4.6984663,5.279136,4.9908695,5.85378,4.8660746
TCGA-64-1676-01,0.32903832,7.848568,5.6141763,5.096587,6.1715345,1.9769644,3.4040174,6.024884,4.4523263,5.8646026,4.928387,3.3318121,6.6216435,4.197816,4.8368716,5.0004
TCGA-64-1677-01,4.577826,6.7246933,5.6240067,4.6681676,4.978738,3.8644311,4.0777326,5.6094594,4.354244,4.6729865,4.712396,4.2157993,5.8644137,3.8627532,5.0718055,4.5938263
TCGA-64-1678-01,-0.08097035,7.813908,5.599528,5.460152,5.858677,3.4355538,3.6043348,5.3484106,4.407401,5.4265866,5.089426,3.361491,5.994674,4.179114,4.9639597,4.9008403
TCGA-64-1679-01,0.7337844,7.7083273,5.606352,5.0274463,6.134895,2.050496,3.4006755,6.0458417,4.4632506,5.6709013,4.762807,3.5261815,6.646195,4.305477,4.8547587,4.954011
TCGA-64-1680-01,10.260553,5.1507587,4.8487496,4.4899297,3.4328265,5.447916,5.399923,4.4342995,3.5571024,4.5227094,4.9028907,4.7819157,5.304401,5.04634,5.941051,4.871121
TCGA-64-1681-01,9.377934,5.400756,5.16255,4.6512685,3.617404,5.1789703,5.1553507,4.5756946,3.7796793,4.375579,4.9559627,4.5542045,5.2128267,4.8434405,5.786891,4.787208
TCGA-64-5774-01,7.392237,5.9634886,5.2426486,4.5617943,4.2136364,4.830368,4.673307,4.962362,4.163161,4.429098,4.687462,4.533392,5.3296185,4.378111,5.3650503,4.7980666
TCGA-64-5775-01,1.0403491,7.8054137,5.9127555,4.8623257,6.0769,2.0808666,3.4231405,5.9502516,4.448343,5.617656,4.779449,3.4675179,6.562439,4.2540593,4.9271774,4.935
TCGA-64-5778-01,1.2547258,7.7409124,5.7134285,4.933035,6.0010486,2.0541966,3.4401155,6.111775,4.4046574,5.5825315,4.7056327,3.5432239,6.5751824,4.0871572,4.8809433,4.867063
TCGA-64-5779-01,2.315889,7.43922,5.6632066,4.8703656,5.604006,2.4690166,3.5878673,6.158063,4.4481144,5.109511,4.567067,3.9174488,6.486531,4.0651135,4.9263,4.8623347
TCGA-64-5781-01,-0.54264283,7.9293585,5.8505583,5.537195,6.033523,2.997186,3.726584,5.5377054,4.5036206,5.676783,5.2663302,3.1061954,6.0497913,4.1781044,5.0277042,4.784097
TCGA-64-5815-01,6.26843,6.2977004,5.466609,4.597333,4.45744,4.601516,4.4442005,5.118579,4.310477,4.456435,4.7888737,4.412162,5.457994,4.116348,5.266992,4.7142806
TCGA-67-3770-01,4.9097376,6.699529,5.537403,4.6551504,4.9869375,4.1047482,4.0424037,5.3838143,4.336964,4.5021615,4.6042123,4.324066,5.8103456,3.8880508,5.005488,4.527408
TCGA-67-3771-01,-0.48346314,7.9206185,5.5902553,5.4473267,6.0128045,3.1697106,3.5337343,5.468379,4.4114966,5.5760107,5.0998616,3.251335,6.119516,4.1979327,4.9248037,4.950356
TCGA-67-3772-01,10.071535,5.2302895,4.7777014,4.6848965,3.4147024,5.3905826,5.3912034,4.419688,3.6449213,4.5504932,4.9718723,4.685518,5.200876,4.9618025,5.859618,4.9294643
TCGA-67-3773-01,8.517697,5.6754923,5.2458944,4.6327105,3.8042693,5.0772204,4.9912252,4.688873,3.9968512,4.35084,4.892884,4.54803,5.14613,4.6223845,5.5191875,4.7204647
TCGA-67-3774-01,8.424962,5.768674,5.310366,4.6281996,3.8347418,5.094536,4.9396296,4.7051296,4.045925,4.3367424,4.87934,4.5269737,5.2332,4.586481,5.497671,4.7196975
TCGA-67-4679-01,3.1998763,7.115676,5.625525,4.788481,5.0767746,3.217661,3.7833397,5.9249597,4.5207615,5.037081,4.702814,4.183443,6.2901874,4.0038633,4.9847617,4.73766
TCGA-67-6215-01,8.231552,5.8688865,5.3296013,4.5824637,3.8548687,5.1069684,4.863969,4.8451676,4.0865016,4.312828,4.9883566,4.6115823,5.3205132,4.517192,5.649648,4.634728
TCGA-67-6216-01,10.59922,4.990225,4.614812,4.5528393,3.4018633,5.4295344,5.543123,4.291501,3.403359,4.528575,4.7538524,4.890187,5.3023415,5.176909,6.16426,4.956576
TCGA-67-6217-01,5.1829767,6.6048994,5.513546,4.6109405,4.812168,4.169306,4.1687145,5.395903,4.3884406,4.5489473,4.649609,4.353289,5.7349725,3.9522047,5.104834,4.741664
TCGA-69-7760-01,9.961294,5.2575665,4.96403,4.6305213,3.4598045,5.286476,5.240455,4.436178,3.479142,4.6752434,4.938979,4.712793,5.1639695,4.9025755,5.7265563,4.751562
TCGA-69-7761-01,11.148109,5.115946,4.2702436,4.3665853,3.4504147,5.6107283,5.4406347,4.337582,3.5185332,4.7142076,4.6931834,4.9759717,5.325175,5.0728784,6.3174696,5.0971446
TCGA-69-7763-01,9.947795,5.2279716,5.128274,4.5271463,3.4149942,5.1460505,5.20327,4.547645,3.658709,4.306,4.86272,4.7812033,5.124834,4.974207,5.8358183,4.842769
TCGA-69-7764-01,9.134526,5.5043397,5.2064605,4.594448,3.6860304,5.2036524,5.085517,4.6376133,3.8641512,4.376977,4.9548926,4.5947876,5.19042,4.7153387,5.617314,4.653789
TCGA-69-7765-01,0.31492755,7.747887,5.592948,5.241085,6.2335863,2.123535,3.4440346,6.025813,4.52921,5.8923354,5.0640798,3.3974445,6.5468583,4.161275,5.0697274,4.6557946
TCGA-69-7973-01,3.5420501,7.074276,5.7157097,4.7847223,5.1725225,3.4372165,3.8371387,5.802078,4.573091,4.7013617,4.6732087,4.2864985,6.057734,3.9279346,4.9450808,4.605329
TCGA-69-7974-01,0.6687582,7.754794,5.687854,5.1080594,6.115667,2.0116527,3.4980617,6.1096396,4.5291433,5.6816874,4.877275,3.5024834,6.4947133,4.2653956,4.918586,4.790562
TCGA-69-7978-01,0.43673292,7.7024345,5.6724963,5.2078876,6.182774,2.085733,3.4767406,6.044673,4.564134,5.809558,5.00191,3.422522,6.5236344,4.239362,5.025382,4.7329607
TCGA-69-7979-01,-0.50765604,7.8920445,5.659238,5.526869,5.903079,3.40542,3.6223702,5.3581405,4.4013023,5.461561,5.143957,3.2278166,5.9464817,4.1714573,4.943891,4.9256873
TCGA-69-7980-01,-0.1860189,7.8630366,5.6161084,5.2872434,6.169022,2.6188557,3.477954,5.7321863,4.4858637,5.7229247,5.0399365,3.2971325,6.4058905,4.3049855,4.932938,4.9448895
TCGA-69-8253-01,6.8733964,6.122516,5.404015,4.5924225,4.2562017,4.770993,4.6370387,5.0472555,4.2837715,4.3835664,4.8123703,4.4480176,5.3546014,4.21608,5.341359,4.6992326
TCGA-69-8254-01,9.573791,5.3532925,5.1562266,4.596729,3.4350345,5.3334117,5.2340183,4.5327444,3.7279768,4.392684,4.959337,4.648807,5.1486826,4.9016075,5.6067166,4.6774855
TCGA-69-8255-01,3.2325025,7.2568846,5.5179935,4.7959495,5.2671156,3.2902277,3.9175112,5.675678,4.5359297,4.9153595,4.6747704,4.048059,6.112747,3.8907168,5.1040864,4.774075
TCGA-69-8453-01,8.90731,5.5834484,4.923288,4.446693,3.7484078,5.1151023,5.020755,4.7631626,3.6994495,4.6306796,4.762677,4.740269,5.3892946,4.752787,5.776116,4.817814
TCGA-69-A59K-01,1.2143573,7.6979485,5.7857256,4.8823104,5.9882116,1.9567654,3.4464242,6.1752315,4.463262,5.452029,4.6021485,3.5763218,6.516451,4.227356,4.826896,4.9076333
TCGA-71-6725-01,10.365242,5.218674,4.9480624,4.5234065,3.4095373,5.248514,5.4169865,4.4602237,3.408889,4.6134615,4.837316,4.815549,5.2188244,4.889642,5.9315486,4.775318
TCGA-71-8520-01,9.364263,5.4112396,5.187791,4.6601377,3.5993288,5.1572337,5.1856847,4.549326,3.8388174,4.3169084,4.9749775,4.591562,5.142342,4.840552,5.7713313,4.782065
TCGA-73-4658-01,2.470383,7.214766,5.542503,4.874632,5.6100235,2.874709,3.539799,5.936135,4.468283,4.9897065,4.537622,4.074769,6.4688907,4.046651,4.845374,4.886134
TCGA-73-4659-01,4.7521505,6.693305,5.5108376,4.759889,4.840573,4.031599,4.0392237,5.5213966,4.4279194,4.492471,4.570668,4.350179,5.8362355,3.9509277,5.0912485,4.7075696
TCGA-73-4662-01,4.422362,6.7471356,5.4351454,4.789174,5.1334147,3.8673837,4.027405,5.6294703,4.3654737,4.6427636,4.581212,4.120952,5.808629,3.9316845,4.968395,4.714541
TCGA-73-4666-01,2.1434543,7.411003,5.62053,4.913026,5.7445693,2.5319452,3.6359167,6.215936,4.4385815,5.22133,4.5712395,3.8519373,6.3087525,4.1668725,4.926308,4.6993003
TCGA-73-4668-01,0.53898495,7.74358,5.6032095,5.074104,6.2047005,2.099005,3.4238732,5.9983125,4.5124054,5.690725,4.815574,3.491406,6.6220775,4.385606,4.863411,4.9731345
TCGA-73-4670-01,2.4072945,7.29971,5.577315,4.8584375,5.515579,2.6665516,3.7080157,6.1678553,4.5136065,5.105561,4.604513,3.9568667,6.403913,4.0524626,4.906259,4.8811827
TCGA-73-4675-01,9.833714,5.272155,5.0834656,4.688902,3.5126073,5.200336,5.3185654,4.494542,3.6323833,4.546055,4.9388556,4.666247,5.233323,4.898623,5.836312,4.755771
TCGA-73-4676-01,9.126948,5.409078,5.2020764,4.689496,3.7966194,5.0812087,5.062302,4.5536733,3.8253798,4.3845415,5.0798616,4.524872,5.206794,4.684129,5.6815586,4.6047797
TCGA-73-4677-01,3.755892,6.8685546,5.562186,4.7607036,5.3272066,3.4704633,3.822394,5.6369457,4.5301957,4.7592044,4.798892,4.149428,5.9664335,3.805832,5.209598,4.6515837
TCGA-73-7498-01,8.276837,5.848621,5.3470225,4.558953,3.817035,5.1184535,4.9213805,4.7451777,4.033289,4.302856,4.899347,4.629145,5.1915574,4.6038322,5.489906,4.6392875
TCGA-73-7499-01,9.794127,5.3667154,5.0286117,4.5614505,3.532408,5.4528413,5.283672,4.480152,3.6196978,4.516464,4.979626,4.5665236,5.242029,4.7636933,5.78629,4.7727046
TCGA-73-A9RS-01,-0.6653709,8.069687,5.654749,5.46795,6.121409,2.7464132,3.5552452,5.6439767,4.4460797,5.8079896,5.108305,3.197291,6.2094235,4.0678425,4.9509473,4.833384
TCGA-75-5122-01,7.3909564,6.1211057,5.4594574,4.5909767,4.120642,4.878071,4.759393,4.8817544,4.2524943,4.3300815,4.94405,4.4496117,5.315199,4.290996,5.403029,4.6989784
TCGA-75-5125-01,5.671644,6.466091,5.550225,4.615784,4.694223,4.3207717,4.262507,5.2352357,4.3292294,4.5442667,4.743188,4.402785,5.6254997,4.015835,5.1710267,4.7098804
TCGA-75-5126-01,0.19745499,7.765096,5.482907,5.2299194,6.285085,2.2280488,3.3763323,5.9674673,4.4851456,5.9278097,5.076221,3.382473,6.6064215,4.1485653,5.066431,4.6778526
TCGA-75-5146-01,5.4059873,6.5634723,5.5126505,4.678151,4.706597,4.195028,4.1544247,5.30764,4.3841367,4.5681376,4.72554,4.436789,5.768222,3.9030807,5.1545424,4.787987
TCGA-75-5147-01,10.653329,5.103571,4.671324,4.268186,3.3979473,5.3769007,5.5281687,4.572724,3.3831685,4.640319,4.678425,4.9799685,5.4769073,5.2347445,6.291151,4.6759343
TCGA-75-6203-01,11.310831,5.231676,4.415841,4.3499274,3.3398516,5.5942583,5.7004356,4.3489175,3.351359,4.62953,4.724002,5.0240707,5.3884735,5.0932302,6.5138535,5.0038934
TCGA-75-6205-01,10.358924,5.266884,5.11071,4.483974,3.3898273,5.224978,5.4593315,4.396554,3.5219316,4.49019,4.806343,4.740684,5.236794,4.86679,5.9604344,4.915522
TCGA-75-6206-01,9.099127,5.5659394,5.253415,4.6449513,3.6288922,5.192857,5.185472,4.585761,3.9074545,4.335963,4.9210677,4.591034,5.0937066,4.718041,5.6139545,4.7609773
TCGA-75-6207-01,10.040843,5.1707306,5.075737,4.689,3.451286,5.2931304,5.2994823,4.3522253,3.6702392,4.359687,5.010245,4.635182,5.1305747,5.027935,5.7279367,4.8366237
TCGA-75-6211-01,2.3238192,7.4482927,5.7154837,4.864988,5.5969768,2.5959744,3.6206536,6.0461736,4.3835673,5.1592,4.664464,3.8697362,6.409493,3.9684594,4.8964267,4.86887
TCGA-75-6212-01,11.137504,5.0722237,4.3758802,4.3115435,3.480416,5.5142193,5.498939,4.432383,3.3438492,4.652264,4.589877,4.9672976,5.3475556,5.1091547,6.506794,5.0443854
TCGA-75-6214-01,-0.213765,7.968089,5.568103,5.2834234,6.2721186,2.290883,3.4307642,5.856512,4.460364,5.912467,5.0212455,3.2390823,6.5158362,4.172612,4.8991656,4.9016547
TCGA-75-7025-01,10.93767,4.9380016,4.422029,4.4176555,3.6071124,5.546036,5.411565,4.309691,3.50337,4.6853433,4.6752243,4.887457,5.3700385,5.1735783,6.3578596,4.9085226
TCGA-75-7027-01,4.219202,6.8704944,5.591179,4.855845,4.985881,3.7141817,3.9872034,5.6279335,4.53566,4.749778,4.732885,4.251589,5.938204,3.8468995,5.053599,4.712794
TCGA-75-7030-01,11.399218,5.1429596,4.36451,4.2872186,3.3288212,5.580509,5.7014437,4.4118752,3.3081863,4.6231794,4.694466,5.0416913,5.536536,5.1704974,6.6332927,4.926395
TCGA-75-7031-01,5.1319175,6.642223,5.657469,4.626496,4.913963,4.0491076,4.0504875,5.391265,4.4015565,4.598784,4.7071486,4.3521824,5.815029,4.037745,5.0132656,4.6796455
TCGA-78-7143-01,-0.035631463,7.8406057,5.846568,5.364668,5.8951373,2.921914,3.6943178,5.639066,4.44566,5.4697814,5.064549,3.255385,6.0797873,4.1567264,4.899186,4.885596
TCGA-78-7145-01,5.0395308,6.6304193,5.6189528,4.7183123,4.9182453,4.0432158,4.100429,5.4208045,4.4021997,4.6146426,4.7161117,4.3101563,5.771732,3.8662617,5.127514,4.698379
TCGA-78-7146-01,2.2260866,7.4132204,5.6300483,4.927243,5.64893,2.686186,3.5822673,5.9613447,4.5578995,5.107336,4.594596,3.9782043,6.4071784,4.08591,4.9599466,4.8453064
TCGA-78-7147-01,3.0103598,7.2883162,5.5933757,4.794099,5.1967187,2.9458451,3.715263,5.9488187,4.455812,5.0188184,4.6218395,4.109417,6.3724127,4.042919,4.933937,4.7183886
TCGA-78-7148-01,4.0995107,6.921138,5.557214,4.7668443,5.1325107,3.7098198,3.9506,5.558694,4.4979777,4.7055163,4.7001805,4.230457,6.013303,3.867365,5.075271,4.7113514
TCGA-78-7149-01,6.4667726,6.2621408,5.404245,4.6363864,4.395318,4.648785,4.4986014,5.107908,4.3386297,4.407561,4.7426014,4.4323363,5.44077,4.1198845,5.2415957,4.6823025
TCGA-78-7150-01,2.0504658,7.4987507,5.701236,4.885217,5.671261,2.457497,3.618812,6.0954995,4.4394674,5.255311,4.670649,3.824351,6.4633775,4.0134954,4.923492,4.8527713
TCGA-78-7152-01,5.206521,6.539238,5.5515513,4.597201,4.7040477,4.1995225,4.2117124,5.418705,4.368532,4.5049157,4.6889668,4.3631344,5.7547956,4.1301026,5.0686555,4.6860657
TCGA-78-7153-01,7.715617,5.9368553,5.2955246,4.630203,4.0071144,4.97902,4.836182,4.8502975,4.138213,4.397267,4.8951416,4.5639844,5.22682,4.467344,5.4006963,4.6086917
TCGA-78-7154-01,4.3288093,6.8722944,5.6078863,4.746258,5.093016,3.8043416,3.9651399,5.5994606,4.419468,4.593318,4.6137877,4.247146,5.903842,3.9648893,4.9441333,4.6623826
TCGA-78-7155-01,-0.516547,7.9062834,5.787466,5.5306406,5.8612485,3.3438387,3.7035816,5.394931,4.4087486,5.428238,5.161897,3.176737,5.8894286,4.1530604,4.9249487,4.916986
TCGA-78-7156-01,2.7948222,7.259304,5.6256404,4.7758355,5.448549,2.842068,3.7011425,6.0179534,4.407201,5.0839877,4.662093,4.060264,6.3363147,4.001641,4.9142776,4.7547493
TCGA-78-7158-01,3.5371366,7.014492,5.6221523,4.712243,5.231271,3.357585,3.7832716,5.8253446,4.370242,4.9477944,4.7278056,4.1959147,6.218861,3.8947995,4.852038,4.7357755
TCGA-78-7159-01,2.8118176,7.291808,5.6307526,4.861737,5.300522,3.0068064,3.7831483,5.935365,4.503772,5.0536213,4.764029,4.0855837,6.2815204,3.9663222,4.9651814,4.7448645
TCGA-78-7160-01,10.259473,5.125311,4.7517624,4.5652223,3.4262643,5.3465242,5.455814,4.418733,3.4629579,4.6297545,4.8673077,4.8560586,5.3625345,5.0084543,6.00159,4.8521595
TCGA-78-7161-01,5.3434873,6.5384054,5.5545554,4.61878,4.822401,4.1940393,4.153185,5.3178153,4.3723707,4.5300193,4.671106,4.384907,5.7235007,3.899538,5.1228766,4.7128987
TCGA-78-7162-01,9.30098,5.457659,4.973314,4.500899,3.6294723,5.162285,5.135899,4.6582694,3.6404142,4.6179094,4.818542,4.7084093,5.30442,4.8009696,5.7952576,4.84637
TCGA-78-7163-01,10.283643,5.202916,4.7798176,4.420381,3.349363,5.4780645,5.3512225,4.5270524,3.5782094,4.417465,4.8171473,4.7580996,5.2329483,5.0217886,6.1210265,4.8806205
TCGA-78-7166-01,4.7721195,6.638068,5.545965,4.7009706,4.942306,3.7942927,4.133567,5.616232,4.4336543,4.6400228,4.689899,4.425415,5.7969494,3.9003866,5.088465,4.8048077
TCGA-78-7167-01,8.333986,5.7207093,5.331391,4.5457263,3.786624,5.0519867,4.870015,4.7049093,4.0827947,4.3675103,4.85761,4.5629563,5.1200776,4.5726633,5.3826203,4.732154
TCGA-78-7220-01,-0.43783802,8.008834,5.6110325,5.349393,6.198065,2.4789677,3.5087738,5.810863,4.46769,5.856291,5.04143,3.2278056,6.3630643,4.092428,4.9093304,4.8657985
TCGA-78-7535-01,6.188297,6.266113,5.516629,4.5717177,4.458886,4.584958,4.4572434,5.1084657,4.3801384,4.431852,4.7272124,4.415132,5.410967,4.1596465,5.2437673,4.694547
TCGA-78-7536-01,-0.006237841,7.9064393,5.57608,5.215444,6.2663736,2.250529,3.4043863,5.8615766,4.448996,5.868281,4.982747,3.2981381,6.566852,4.2538495,4.889026,4.926146
TCGA-78-7537-01,6.7133465,6.185884,5.3920474,4.5982847,4.318226,4.717568,4.5706415,5.0854506,4.3021383,4.4050784,4.760551,4.459351,5.401071,4.190898,5.291963,4.6795354
TCGA-78-7539-01,1.1227812,7.7271156,5.743723,4.8906474,6.031848,2.0408173,3.382157,6.0602317,4.372733,5.5041676,4.64294,3.5488396,6.5899982,4.2326245,4.7838683,4.925729
TCGA-78-7540-01,3.790864,6.957797,5.608101,4.849692,5.2700257,3.572865,3.8103204,5.7222753,4.4809995,4.7316265,4.6960287,4.2683873,6.040712,3.8470082,4.9849257,4.586285
TCGA-78-7542-01,2.1138792,7.415892,5.63658,4.9343762,5.632269,2.530759,3.6369555,6.0993514,4.433056,5.1566467,4.609061,3.8971362,6.4110184,4.1149454,4.8768787,4.823356
TCGA-78-7633-01,6.3904853,6.3167295,5.4543505,4.5872445,4.349672,4.6548567,4.5152764,5.10815,4.3958235,4.4310055,4.717417,4.4789486,5.4209075,4.174218,5.210474,4.6487184
TCGA-78-8640-01,0.017346459,7.789049,5.596505,5.3113236,6.248283,2.3058097,3.4909222,5.9443026,4.5679407,5.874293,5.108822,3.345557,6.4675236,4.184593,5.0850444,4.692031
TCGA-78-8648-01,11.464169,5.2565374,4.306116,4.3842425,3.3533046,5.624484,5.723267,4.3518186,3.3212817,4.6720877,4.7511635,4.986603,5.5084963,5.069644,6.6035137,5.0381203
TCGA-78-8655-01,8.3174305,5.674194,5.330267,4.5337124,3.8009832,5.076358,4.8537607,4.7750254,3.9413245,4.2877645,4.956102,4.7931137,5.2008667,4.681274,5.5947313,4.5631523
TCGA-78-8660-01,4.0358953,6.965538,5.5905037,4.662969,5.0937214,3.5607266,3.9007025,5.594447,4.508861,4.620905,4.6037135,4.2669272,6.0338025,3.8501,5.038795,4.8053403
TCGA-78-8662-01,-0.6220247,8.000682,5.6619153,5.460298,6.0933695,2.829676,3.5823286,5.6206174,4.45074,5.7455945,5.129758,3.1738174,6.175651,4.1158385,4.937249,4.8618193
TCGA-80-5607-01,7.934668,5.900042,5.207967,4.5304227,3.9213023,4.968267,4.815817,4.8539567,4.058078,4.4544253,4.8323765,4.61746,5.2516203,4.516948,5.4980435,4.7023883
TCGA-80-5608-01,2.2565815,7.503064,5.6965494,4.8336306,5.62173,2.5294883,3.6267347,5.9778857,4.482445,5.296034,4.6843624,3.9282634,6.529501,3.8878968,4.89391,4.9495196
TCGA-80-5611-01,4.760574,6.707288,5.642434,4.639037,5.0142603,3.972816,4.0136547,5.4548607,4.4059553,4.556265,4.630062,4.3248625,5.857422,3.9354174,5.0039887,4.6640854
TCGA-83-5908-01,3.9967747,6.8891954,5.547084,4.793397,5.166821,3.6057584,3.9740345,5.6514444,4.5368667,4.730806,4.742642,4.1607113,5.877361,3.8869867,5.060666,4.6885056
TCGA-86-6562-01,10.268091,5.19815,4.934694,4.373408,3.5814638,5.284531,5.3155046,4.5921974,3.4737165,4.500254,4.7042036,4.8564577,5.278216,4.9779034,5.9729548,4.7914634
TCGA-86-6851-01,-0.4354297,7.8729906,5.4651117,5.390578,6.2112966,2.847717,3.4097157,5.6113033,4.453556,5.790558,5.1162086,3.25795,6.389674,4.2413135,4.9919777,4.910323
TCGA-86-7701-01,1.8885736,7.5185065,5.7682853,4.918261,5.6188793,2.5778847,3.5826843,5.959981,4.6184044,5.227057,4.6533513,3.9775443,6.5224504,4.148279,5.0947824,4.842339
TCGA-86-7711-01,4.4021726,6.868115,5.5049,4.770861,5.066884,3.8892274,3.9693384,5.4798894,4.4639177,4.594145,4.633162,4.237973,5.9122996,3.8680472,5.022495,4.679185
TCGA-86-7713-01,6.0936832,6.4054456,5.485547,4.621894,4.5651655,4.4670777,4.3831367,5.1412086,4.2712717,4.518415,4.795947,4.423421,5.552478,4.1207995,5.2444296,4.71474
TCGA-86-7714-01,9.681974,5.351531,5.0983872,4.6347184,3.586051,5.1574445,5.198827,4.549548,3.645268,4.450136,4.8846726,4.643567,5.23844,4.8609962,5.85787,4.8401594
TCGA-86-7953-01,10.384687,5.174098,4.814538,4.5127206,3.5710692,5.251209,5.401693,4.5133147,3.5209777,4.58019,4.7584763,4.8342624,5.3083205,4.9013705,6.076789,4.845735
TCGA-86-7954-01,5.011545,6.6034603,5.5064864,4.6454544,4.8236885,4.04968,4.135182,5.4591255,4.4571204,4.5063977,4.6132655,4.376606,5.777568,3.8374832,5.0880876,4.7405663
TCGA-86-7955-01,3.1432047,7.061094,5.651759,4.83232,5.189237,3.1585786,3.6551664,5.9538126,4.4625216,4.86948,4.5658126,4.0920253,6.2712073,4.21261,4.968501,4.7415266
TCGA-86-8054-01,4.529725,6.709987,5.557252,4.6659646,5.0023146,3.8441732,4.037532,5.5567336,4.41172,4.6629677,4.6662874,4.2737126,5.872987,3.855393,5.0191026,4.780601
TCGA-86-8055-01,10.624939,5.121404,4.756968,4.320471,3.2364926,5.4252663,5.413936,4.539386,3.3661358,4.542583,4.776269,4.9058795,5.2996287,5.08443,6.189948,4.902186
TCGA-86-8056-01,3.3159761,7.117278,5.6244683,4.7893987,5.281407,3.2939696,3.775414,5.8560424,4.4704843,4.840608,4.656632,4.2082677,6.202901,3.888247,4.98908,4.691513
TCGA-86-8073-01,-0.5630478,7.9422703,5.9838753,5.5650477,5.8774743,3.168048,3.8461437,5.47815,4.475314,5.4993668,5.266841,3.0444086,5.8580127,4.1441355,4.966743,4.828809
TCGA-86-8074-01,9.830049,5.265933,4.989184,4.5965333,3.513886,5.171177,5.2382293,4.5539274,3.6437862,4.484719,4.868142,4.759953,5.195441,4.975234,5.8109794,4.7872086
TCGA-86-8075-01,10.161927,5.0793467,4.809419,4.5831356,3.4804618,5.269468,5.2803383,4.475564,3.497291,4.625538,4.9183273,4.8310423,5.190588,5.0200257,5.8470254,4.7691674
TCGA-86-8076-01,9.872981,5.233972,4.9851136,4.5392942,3.5112703,5.357377,5.2783194,4.4804707,3.6726565,4.4413548,4.8533177,4.713119,5.24422,4.975332,5.8738003,4.796294
TCGA-86-8278-01,8.717622,5.6300707,5.2218943,4.6782503,3.762829,5.076637,5.040287,4.6675324,3.9303916,4.3369617,4.964214,4.5415998,5.2158475,4.6908836,5.6120415,4.730351
TCGA-86-8279-01,0.80825573,7.833168,5.732935,4.9929338,6.0894265,2.0836725,3.3814397,6.0488296,4.396939,5.580448,4.6904263,3.5035334,6.5377703,4.1838427,4.826966,4.834676
TCGA-86-8280-01,10.323262,5.2606263,4.8258367,4.517226,3.3392732,5.3536115,5.48276,4.5180573,3.4768384,4.5336637,4.8308916,4.768295,5.407419,5.0711694,6.0554333,4.909513
TCGA-86-8281-01,3.801601,7.049957,5.5468907,4.796674,5.2005415,3.6450593,3.915066,5.545954,4.5328484,4.759292,4.737315,4.207038,6.015081,3.8100998,4.9780827,4.690873
TCGA-86-8358-01,-0.7266401,8.065627,5.7396665,5.5335264,6.053175,2.8462842,3.6370387,5.553757,4.465325,5.7268233,5.178162,3.1338387,6.113533,4.088496,4.9630785,4.814222
TCGA-86-8359-01,6.2381105,6.237203,5.3890395,4.658936,4.471523,4.628979,4.4953823,5.1279635,4.420198,4.370464,4.7402587,4.365546,5.4488997,4.015696,5.2420154,4.6885347
TCGA-86-8585-01,0.48067337,7.7234287,5.619156,5.1816955,6.2056217,2.1264482,3.4486308,6.077375,4.554305,5.770149,4.940361,3.4420145,6.5539513,4.1511116,5.0203576,4.8352513
TCGA-86-8668-01,10.750551,5.0004945,4.574573,4.4100704,3.4166365,5.3887815,5.4286056,4.447743,3.3696415,4.618251,4.733835,4.907339,5.3954654,5.128522,6.2456408,4.8922033
TCGA-86-8669-01,7.605206,5.9991913,5.233023,4.543457,4.110744,4.807002,4.736199,4.870382,4.1425686,4.441336,4.780548,4.603944,5.2806664,4.508161,5.368646,4.806977
TCGA-86-8671-01,10.88078,5.192305,4.5969863,4.206051,3.4003148,5.546637,5.5509524,4.492871,3.463932,4.588144,4.6260524,5.005235,5.3103347,5.0896177,6.2290006,4.8703756
TCGA-86-8672-01,3.0809126,7.1589737,5.5337486,4.677637,5.298179,3.208,3.8909261,6.029901,4.38515,4.917999,4.6957994,4.077866,6.198936,3.8278704,4.8984456,4.8221526
TCGA-86-8673-01,1.1226526,7.7836447,5.7956996,4.941207,5.953375,2.185039,3.430312,6.0324044,4.4014153,5.465773,4.6892276,3.5635004,6.5105844,4.1764083,4.788369,4.903197
TCGA-86-8674-01,3.109127,7.0731435,5.6565957,4.8379827,5.2316847,3.369133,3.776565,5.900291,4.4535456,4.8243794,4.7127028,4.1726723,6.1656995,3.8907356,4.931618,4.7352357
TCGA-86-A456-01,2.4042954,7.3873177,5.610778,4.86073,5.6387267,2.6547823,3.6132987,6.0092173,4.4041977,5.084791,4.5486155,3.955314,6.453062,3.9347668,4.886884,4.876387
TCGA-86-A4D0-01,-0.28156173,7.91154,6.042151,5.4958324,5.8705373,3.011032,3.9081511,5.5882473,4.4905434,5.5754967,5.269511,3.070232,5.916594,4.150622,4.9834914,4.7846346
TCGA-86-A4JF-01,-0.50011975,7.9447246,5.932478,5.515003,5.9398055,3.0599318,3.798942,5.550471,4.481216,5.5797586,5.2416773,3.0914927,5.9495826,4.1483197,4.9651065,4.812168
TCGA-86-A4P7-01,9.867389,5.3756633,5.097012,4.588555,3.4105551,5.0903473,5.2925444,4.5546317,3.5642974,4.3878455,4.83316,4.8036838,5.145692,4.8931413,5.8060894,4.9032845
TCGA-86-A4P8-01,11.487968,5.3604183,4.2776337,4.4430933,3.3854332,5.6336217,5.80793,4.334032,3.2728136,4.7170334,4.783607,4.9384046,5.6359553,4.99855,6.678481,5.102087
TCGA-91-6828-01,3.186921,7.219936,5.667928,4.9146233,5.3731904,3.38382,3.88492,5.8248367,4.5045805,4.771542,4.626346,4.149449,6.1636724,3.739708,4.8787017,4.841018
TCGA-91-6829-01,0.10142653,7.7693534,5.5915484,5.161377,6.26376,2.2595599,3.3890717,5.893426,4.5345345,5.7903223,4.9584856,3.374088,6.6238465,4.4361105,4.9339447,4.985567
TCGA-91-6830-01,3.6594524,6.9850297,5.6981506,4.7782106,5.169586,3.4914103,3.7767916,5.785453,4.5477815,4.69095,4.6192813,4.3082957,6.167843,3.9163928,4.9879127,4.696077
TCGA-91-6831-01,3.1853526,7.192072,5.7038727,4.8422346,5.1458163,3.2002318,3.78323,5.912372,4.538246,4.8822074,4.717871,4.2273345,6.2628236,3.9390612,4.8958454,4.757791
TCGA-91-6835-01,9.399336,5.319877,5.134851,4.5914636,3.7111912,5.226431,5.1003356,4.584624,3.767757,4.389098,4.9916162,4.6047,5.1987953,4.8144565,5.6628737,4.652535
TCGA-91-6836-01,0.8515548,7.852689,5.7445083,4.939649,6.0442133,2.0143201,3.3940468,6.074677,4.3289223,5.531068,4.6609697,3.4722521,6.5062485,4.13639,4.767219,4.881284
TCGA-91-6840-01,7.248711,6.0917525,5.319714,4.574858,4.0973883,4.897356,4.6952276,4.9966416,4.1728706,4.414561,4.7803593,4.5755796,5.249322,4.3638225,5.3661366,4.663403
TCGA-91-6847-01,9.814544,5.2744713,5.2011986,4.6295114,3.5507655,5.2124963,5.293546,4.478186,3.6547225,4.4940314,4.9750156,4.6192093,5.1308627,4.8378844,5.723495,4.7476454
TCGA-91-6848-01,0.25774187,7.7546353,5.7194037,5.281685,6.167761,2.223261,3.5229435,5.9341173,4.5393863,5.8239336,5.087809,3.3358884,6.4401255,4.2305317,5.0286307,4.747406
TCGA-91-6849-01,8.035904,5.8504224,5.38831,4.473545,3.9136908,4.9937563,4.7903557,4.8789997,4.1402445,4.3114786,4.9408817,4.64206,5.1027503,4.5136285,5.4722123,4.5960507
TCGA-91-7771-01,4.915954,6.6554484,5.565874,4.650094,4.906917,4.037564,4.134163,5.400579,4.428214,4.547067,4.573135,4.38389,5.817124,3.7771256,5.0448594,4.634527
TCGA-91-8496-01,10.801683,5.062058,4.617098,4.362506,3.3497527,5.4469166,5.4987464,4.391166,3.3724046,4.644961,4.6904716,4.9380007,5.305419,5.119628,6.2416954,4.945199
TCGA-91-8497-01,10.632763,5.127752,4.7255425,4.298045,3.4230115,5.348627,5.400489,4.4855413,3.381242,4.636475,4.635495,4.9961495,5.346766,5.049604,6.1609526,4.9243536
TCGA-91-8499-01,3.2904975,7.005455,5.6157136,4.7974563,5.256939,3.1924121,3.7967904,6.0029693,4.377198,4.8328204,4.65139,4.1291647,6.2479644,3.9788275,5.141861,4.7287207
TCGA-91-A4BC-01,1.6193513,7.573482,5.6869774,4.9876714,5.8174047,2.266409,3.59474,6.1670938,4.6002483,5.2281795,4.6235633,3.8150196,6.4682426,4.2240133,4.970107,4.9220386
TCGA-91-A4BD-01,11.197523,5.157751,4.296931,4.362732,3.308471,5.5813875,5.510713,4.4158278,3.4510715,4.6202054,4.766927,4.976267,5.203973,5.069583,6.3971124,4.9778934
TCGA-93-7347-01,8.336712,5.8300076,5.210646,4.5396447,3.844637,5.0699825,4.8700895,4.787022,3.971219,4.434708,4.871459,4.6427965,5.3206563,4.596865,5.5561485,4.673322
TCGA-93-7348-01,8.28532,5.8492208,5.332856,4.5724974,3.8603206,5.1661763,4.910183,4.797061,4.115425,4.3221207,4.9349046,4.5269012,5.2542257,4.475946,5.5502906,4.602489
TCGA-93-8067-01,0.9284152,7.7407246,5.6782584,4.9381633,6.0851603,2.0308464,3.375565,6.062723,4.4550076,5.559519,4.6646395,3.5666447,6.6346564,4.3080688,4.8043885,4.9702086
TCGA-93-A4JN-01,9.585996,5.3709793,5.171865,4.6276484,3.5554998,5.084183,5.2435513,4.5312138,3.6733806,4.4687114,4.8704376,4.700491,5.1861677,4.861977,5.768828,4.7873783
TCGA-93-A4JO-01,10.100777,5.029594,4.956641,4.479138,3.508236,5.2864056,5.2697434,4.495006,3.5300834,4.4698825,4.8683524,4.738498,5.408527,5.1115727,5.9606113,4.7599115
TCGA-93-A4JP-01,10.038634,5.104959,5.017689,4.552284,3.6136177,5.27563,5.3027525,4.356734,3.6452696,4.4251776,4.733663,4.693823,5.2867975,4.9402814,6.0128574,4.748807
TCGA-93-A4JQ-01,8.207306,5.931273,5.321749,4.598839,3.8386428,4.973046,4.8777237,4.696866,4.040018,4.3591876,4.930141,4.667305,5.246774,4.6414332,5.377705,4.584626
TCGA-95-7039-01,-0.6349293,7.9920197,5.876811,5.5410123,5.9396844,3.0721526,3.7548394,5.507106,4.4546175,5.5705924,5.2128477,3.096105,5.9382567,4.1051807,4.9422927,4.836965
TCGA-95-7043-01,-0.5443924,7.9080176,5.520151,5.4567323,6.096473,3.0635028,3.488856,5.510621,4.415196,5.6887116,5.1310096,3.2208078,6.197174,4.1932187,4.954635,4.9220824
TCGA-95-7562-01,1.7721385,7.6029654,5.7017365,4.941888,5.768606,2.337485,3.4920456,6.104706,4.575246,5.1903386,4.5497165,3.8779778,6.4807224,4.270523,4.8403125,4.981592
TCGA-95-7567-01,-0.27144745,7.912012,5.6122837,5.363271,6.1072407,2.7575986,3.4966428,5.67024,4.4400754,5.713077,5.080995,3.2740965,6.2889814,4.190922,4.945194,4.886588
TCGA-95-7944-01,4.225825,6.8945155,5.5632076,4.813793,5.052776,3.8785026,3.9277322,5.491286,4.4402976,4.5437407,4.606565,4.2845416,6.009049,4.067904,5.093488,4.5914245
TCGA-95-7947-01,0.7216657,7.770477,5.707666,4.9905686,6.1564627,1.9961982,3.4105077,6.0460286,4.471759,5.642104,4.753202,3.5014148,6.627823,4.350043,4.829055,4.979677
TCGA-95-7948-01,6.3990793,6.207092,5.426852,4.5642753,4.4660606,4.613634,4.4407687,5.0642314,4.326003,4.438226,4.7444673,4.394266,5.4961276,4.0560303,5.3001165,4.7362494
TCGA-95-8039-01,8.943736,5.6237016,5.2965198,4.619538,3.7212548,5.188153,5.119438,4.6250873,3.916565,4.3831673,5.0136204,4.5099125,5.1829567,4.6280875,5.603492,4.636991
TCGA-95-8494-01,8.639854,5.64003,5.229427,4.658296,3.808503,5.1153374,5.0155735,4.7143483,3.9718602,4.3256235,4.972561,4.558524,5.227482,4.6555843,5.619485,4.664878
TCGA-95-A4VK-01,3.818105,6.969668,5.6168585,4.7821884,5.1756244,3.600069,3.899248,5.619391,4.5085325,4.6581907,4.684108,4.219594,6.0351143,3.830078,5.0813007,4.715809
TCGA-95-A4VN-01,1.0220214,7.729969,5.8227215,4.9851403,5.905144,2.3372548,3.4957998,5.970567,4.389617,5.3781066,4.7006946,3.5433702,6.4268003,4.1796527,4.822175,4.900775
TCGA-95-A4VP-01,7.6046915,5.9638276,5.4161253,4.5013514,3.9748251,4.987374,4.756095,4.915671,4.2140827,4.3217387,4.8590045,4.559511,5.228218,4.3900657,5.477872,4.668065
TCGA-97-7546-01,3.4472687,7.133884,5.6372714,4.751372,5.2270813,3.3726392,3.7420514,5.8783865,4.5500255,4.7037916,4.6296053,4.3743396,6.2137628,3.8929849,4.851281,4.6419454
TCGA-97-7547-01,5.909665,6.3430696,5.4931993,4.5931354,4.588934,4.447671,4.3794446,5.1600165,4.2809463,4.572825,4.6379743,4.4886727,5.574875,4.078302,5.182427,4.647713
TCGA-97-7552-01,10.871097,5.0677752,4.4943976,4.3492513,3.385208,5.4799843,5.5064487,4.435146,3.3264804,4.6697125,4.69195,4.981897,5.4351406,5.0948505,6.29413,4.951014
TCGA-97-7553-01,10.534005,5.207035,4.755814,4.4956145,3.3196652,5.312797,5.4616485,4.573133,3.3380523,4.499386,4.860074,4.878473,5.3968334,5.1162047,6.0928698,4.901274
TCGA-97-7554-01,1.3010126,7.7612658,5.810234,4.889657,5.945685,2.095644,3.4234192,6.053185,4.431124,5.4364552,4.6539288,3.6025438,6.550615,4.2087793,4.8602104,4.8804407
TCGA-97-7937-01,1.2056303,7.8204737,5.835493,4.8864074,5.95349,2.0057704,3.4262977,6.114383,4.450534,5.5154696,4.7346916,3.4862561,6.5020037,4.1904554,4.824537,4.9202847
TCGA-97-7938-01,2.226134,7.429387,5.6770034,4.902179,5.643,2.6546724,3.504971,5.882226,4.4308176,5.0421352,4.5418854,4.0608945,6.5802183,4.050213,4.889389,4.861589
TCGA-97-7941-01,8.837327,5.581314,5.2584667,4.6737943,3.74173,5.0868454,5.0365057,4.659583,3.966326,4.289508,4.993977,4.584762,5.1871996,4.7156014,5.611476,4.6603684
TCGA-97-8171-01,10.089951,5.1849303,4.958967,4.4480977,3.4493175,5.4072895,5.381512,4.4119225,3.6009295,4.505317,4.8061275,4.8155055,5.346043,5.0412917,5.9897823,4.8790565
TCGA-97-8172-01,3.5429146,6.9540343,5.622358,4.770881,5.2708325,3.4204645,3.7226105,5.6713214,4.661939,4.806748,4.8283153,4.244312,6.139112,3.793244,5.1022506,4.6964035
TCGA-97-8174-01,5.951849,6.322709,5.414279,4.5584884,4.6335387,4.4120736,4.4277453,5.226986,4.2751956,4.515913,4.6450543,4.412583,5.4822125,4.0473957,5.2554445,4.6675673
TCGA-97-8175-01,10.937811,5.0796666,4.4127617,4.3121734,3.2181902,5.4878883,5.501848,4.480253,3.301573,4.6413555,4.7061253,5.0442615,5.255382,5.083361,6.3059006,5.0145483
TCGA-97-8176-01,6.4235516,6.29029,5.483755,4.554195,4.362957,4.618808,4.5109987,5.095807,4.3115783,4.4547267,4.7696924,4.4548855,5.389662,4.163907,5.2551107,4.7024417
TCGA-97-8177-01,10.885591,5.070826,4.519099,4.2915597,3.2255695,5.450242,5.4490137,4.4911575,3.4247954,4.606811,4.7170825,4.993618,5.2530484,5.2186303,6.3093033,4.881711
TCGA-97-8179-01,6.1447616,6.3753343,5.4874067,4.574881,4.589494,4.4859333,4.370813,5.131385,4.2452683,4.533796,4.826799,4.347394,5.525067,4.137571,5.2813134,4.7462606
TCGA-97-8547-01,10.241275,5.191742,4.970767,4.5691466,3.4713962,5.246409,5.4439325,4.4652476,3.5361614,4.533058,4.8503532,4.743922,5.2637625,4.9175234,5.9732766,4.8354635
TCGA-97-8552-01,11.11623,5.1379595,4.3993397,4.365787,3.3110437,5.503004,5.5767407,4.467855,3.3681386,4.5973387,4.745622,4.954261,5.384311,5.098027,6.446492,4.942284
TCGA-97-A4LX-01,6.1936064,6.298858,5.456296,4.599163,4.5181723,4.567977,4.4180894,5.1677647,4.3388224,4.4415154,4.761438,4.3679485,5.4504085,4.0677032,5.257335,4.7240067
TCGA-97-A4M0-01,2.1456685,7.455595,5.655487,4.843386,5.757997,2.616649,3.610844,6.0319686,4.5315223,5.189419,4.6348424,3.8081324,6.369035,3.9263918,4.971554,4.892058
TCGA-97-A4M1-01,10.790782,5.08658,4.5771666,4.3347573,3.3827686,5.4028416,5.4333744,4.4575815,3.3859994,4.6406446,4.624078,4.9337826,5.345022,5.10674,6.355317,5.0186954
TCGA-97-A4M2-01,11.131561,5.1527333,4.430167,4.3019953,3.32701,5.5902233,5.55611,4.4615407,3.2433522,4.6998677,4.6534534,4.942292,5.4935713,5.0915084,6.4389935,5.096886
TCGA-97-A4M3-01,4.701365,6.677997,5.5581,4.674593,4.9806595,3.9602635,4.038311,5.5069237,4.457553,4.5372686,4.6310945,4.3506026,5.8263216,3.971687,5.0279145,4.6324673
TCGA-97-A4M5-01,6.3483796,6.2993164,5.3967996,4.658164,4.4050713,4.6691713,4.5508685,5.2148747,4.3868136,4.3771634,4.7345805,4.399717,5.429033,4.1205177,5.2055173,4.5996504
TCGA-97-A4M6-01,10.881502,5.025887,4.3832736,4.246327,3.3901842,5.589434,5.4671316,4.5152926,3.3007896,4.6911206,4.6914687,5.028494,5.503234,5.132535,6.305281,4.9185524
TCGA-97-A4M7-01,3.076588,7.1059422,5.601708,4.896319,5.351585,3.2250197,3.7344632,5.8957534,4.562465,4.7579703,4.6875005,4.2410545,6.1576734,3.778891,5.088361,4.7126913
TCGA-99-7458-01,1.1834192,7.673841,5.7187104,4.897477,6.027974,2.1188002,3.398547,6.042197,4.4365854,5.4190016,4.55346,3.6923401,6.615901,4.3331656,4.7839117,4.9388614
TCGA-99-8025-01,1.1367859,7.781308,5.7933717,4.8988576,5.9933214,2.1233335,3.3920572,6.017213,4.4145126,5.4027944,4.5830283,3.637164,6.5805693,4.3004475,4.773722,4.9265776
TCGA-99-8028-01,1.5692276,7.5915446,5.673641,4.9581103,5.8277383,2.383697,3.4727263,6.0167174,4.4587226,5.3433576,4.674586,3.7493382,6.5089736,4.1712036,4.864308,4.8600006
TCGA-99-8032-01,1.9580827,7.4167824,5.5784187,4.904251,5.6325154,2.6370804,3.7778132,6.096766,4.501365,5.1037617,4.666698,3.687079,6.188629,4.203118,5.0439386,4.802174
TCGA-99-8033-01,5.534417,6.5233183,5.5505533,4.6451726,4.728361,4.220119,4.261313,5.345179,4.3425474,4.591069,4.7111826,4.4184527,5.6245813,3.946265,5.16815,4.72337
TCGA-99-AA5R-01,10.15635,5.1830897,4.8999243,4.491024,3.397275,5.430787,5.475509,4.4065633,3.6488585,4.53837,4.876081,4.7837596,5.1720595,4.994995,5.8737416,4.864833
TCGA-J2-8192-01,9.793551,5.2728486,5.1248713,4.4476757,3.5635812,5.1773005,5.1930494,4.597791,3.6113749,4.4612975,4.82841,4.7613945,5.2323847,4.8777657,5.8073125,4.7947264
TCGA-J2-8194-01,6.2471642,6.3096232,5.465852,4.6411605,4.3561006,4.66743,4.4825463,5.172237,4.471331,4.329333,4.7016063,4.4556026,5.47031,4.0429907,5.1614146,4.65832
TCGA-J2-A4AD-01,3.092437,7.164337,5.6565285,4.8288426,5.2332053,3.1717076,3.832703,5.974021,4.5104795,4.865769,4.6823993,4.1146245,6.213479,3.9295194,4.991205,4.7790155
TCGA-J2-A4AE-01,10.406146,4.9082055,4.592688,4.3997297,3.3615453,5.420839,5.491589,4.491281,3.4338422,4.633619,4.7794237,4.932485,5.482956,5.195866,6.2380476,4.8442593
TCGA-J2-A4AG-01,8.878439,5.673402,5.3125987,4.601447,3.5910306,5.159543,5.1583366,4.641543,3.863034,4.3856936,4.96299,4.5789876,5.1699405,4.6578474,5.634418,4.8122787
TCGA-L4-A4E5-01,2.7125854,7.3671284,5.709321,4.8031325,5.4914618,2.8348525,3.697936,5.997404,4.3366737,5.0478516,4.683916,3.920806,6.2987547,3.8560367,4.9149065,4.8309865
TCGA-L4-A4E6-01,11.39973,5.210339,4.3492,4.3352437,3.3617425,5.583885,5.669926,4.380855,3.35051,4.6569734,4.6753135,5.0047684,5.408287,5.0928025,6.5560684,5.0259304
TCGA-L9-A443-01,3.7215078,7.0230203,5.650724,4.8190436,5.200951,3.618685,3.893055,5.573126,4.5719733,4.761192,4.765037,4.210285,6.0851173,3.838705,5.0044117,4.7355657
TCGA-L9-A444-01,0.6964993,7.7781644,5.7187614,5.0354023,6.120259,2.0044453,3.3596556,6.0736237,4.4042883,5.664795,4.747755,3.4675794,6.616923,4.2390385,4.796728,4.863816
TCGA-L9-A50W-01,10.701026,5.023782,4.4283705,4.406934,3.3502028,5.513144,5.481049,4.4344134,3.4271135,4.5670195,4.708343,4.9908175,5.31332,5.151107,6.2424955,4.9618616
TCGA-L9-A5IP-01,3.3455217,7.101709,5.677433,4.804315,5.239869,3.346739,3.8081076,5.8946834,4.5105324,4.6832943,4.683852,4.2684975,6.1799955,3.8264008,4.9834213,4.721624
TCGA-L9-A743-01,7.5775514,5.937691,5.28117,4.5133357,4.0622625,4.841312,4.8129396,4.9529924,4.227494,4.395159,4.872821,4.62,5.166693,4.398558,5.4779363,4.7427983
TCGA-L9-A7SV-01,-0.49861756,7.9508514,5.7982717,5.4918084,5.8945136,3.2090979,3.7100253,5.4821763,4.408208,5.4754634,5.162902,3.1511538,5.94342,4.132397,4.883661,4.9255137
TCGA-L9-A8F4-01,-0.05596729,7.84581,5.712069,5.3315196,6.0685735,2.6473253,3.5673268,5.748997,4.4825864,5.668664,5.06395,3.2920754,6.2846246,4.1872673,4.9500313,4.851679
TCGA-MN-A4N1-01,1.4521395,7.661996,5.7398458,4.901817,5.9165373,2.1705556,3.458926,6.104885,4.419763,5.386634,4.6205525,3.6580615,6.5354276,4.159458,4.829532,4.907537
TCGA-MN-A4N4-01,-0.578674,7.964894,5.9394407,5.5439734,5.8670583,3.1745243,3.8057673,5.4728723,4.4443994,5.4843144,5.219671,3.0847995,5.8575544,4.1150613,4.923439,4.8602853
TCGA-MN-A4N5-01,1.5845869,7.5985513,5.6928854,4.930031,5.8656225,2.2438843,3.5669503,6.119745,4.504603,5.3515224,4.661243,3.7046633,6.5004473,4.0912585,4.9211745,4.9354973
TCGA-MP-A4SV-01,2.866464,7.23353,5.675837,4.8250456,5.3743815,3.0716362,3.741598,5.939724,4.510524,4.9175363,4.6560087,4.1234083,6.288327,3.9265199,5.019919,4.8046227
TCGA-MP-A4SW-01,10.066242,5.151812,5.021167,4.438595,3.5324378,5.2510715,5.2526684,4.5903335,3.5758796,4.413442,4.8301754,4.7829123,5.1616354,4.9525604,5.9109635,4.756823
TCGA-MP-A4SY-01,5.801334,6.4134226,5.49511,4.605521,4.642327,4.390364,4.314122,5.2262583,4.3386445,4.4991274,4.7276506,4.3816166,5.5717025,4.0178857,5.206749,4.71319
TCGA-MP-A4T2-01,9.595478,5.3862357,5.190346,4.6563363,3.5942788,5.157236,5.251199,4.4955792,3.6667476,4.484409,4.9557133,4.6274204,5.163564,4.8075485,5.729084,4.7588506
TCGA-MP-A4T4-01,2.33929,7.2971525,5.6357484,4.895074,5.5703335,2.7847216,3.6073177,6.003204,4.6170125,5.031977,4.566499,4.0802693,6.467465,4.0463424,5.1633787,4.820228
TCGA-MP-A4T6-01,10.120525,5.1757097,4.9244385,4.538631,3.4644349,5.3185196,5.375834,4.464358,3.5620353,4.532996,4.8742633,4.7678475,5.231844,4.981271,5.8901787,4.829653
TCGA-MP-A4T7-01,7.3724623,6.049737,5.376079,4.6300144,4.1133385,4.861218,4.7206135,4.925643,4.198229,4.384383,4.8472657,4.533768,5.3473935,4.3654823,5.369153,4.635106
TCGA-MP-A4T8-01,7.9951954,5.9506497,5.3169575,4.577159,3.951703,5.0645404,4.851401,4.8565803,4.0660377,4.3458614,4.954422,4.6407795,5.2496266,4.540257,5.440085,4.5861597
TCGA-MP-A4T9-01,11.009557,5.080607,4.542323,4.5138392,3.4349728,5.5253296,5.637782,4.3313985,3.3508089,4.5449805,4.8144526,4.886375,5.3908186,5.12701,6.399192,5.010514
TCGA-MP-A4TA-01,2.6184652,7.249646,5.6366196,4.8618355,5.5121803,2.8415918,3.6666963,6.03879,4.519433,5.0014286,4.6001253,4.0278,6.325377,3.9856696,5.0558414,4.8099146
TCGA-MP-A4TC-01,3.8504207,6.926315,5.553679,4.7632113,5.211194,3.4955606,3.8923862,5.6710215,4.5023446,4.740167,4.7010045,4.167993,5.974475,3.7981184,5.1073074,4.718272
TCGA-MP-A4TD-01,9.770969,5.3580728,5.1248336,4.749907,3.6373262,5.1227083,5.2688417,4.440791,3.5887938,4.4917603,4.8484125,4.589135,5.251909,4.8752894,5.8916984,4.8135858
TCGA-MP-A4TE-01,7.158607,6.0846915,5.357566,4.558231,4.112665,4.8414507,4.677101,4.993972,4.2498937,4.4235005,4.811106,4.5663767,5.2573295,4.3426824,5.2974825,4.6505923
TCGA-MP-A4TF-01,1.5986401,7.6062927,5.7455873,4.913414,5.849676,2.2921536,3.4898524,6.062726,4.3916454,5.3198795,4.6225033,3.6850762,6.508928,4.1709185,4.830043,4.853768
TCGA-MP-A4TH-01,8.239334,5.8881617,5.362996,4.6420326,3.8996856,5.1398754,4.897824,4.789038,4.097637,4.2917914,4.948387,4.527712,5.245097,4.494773,5.501964,4.6421566
TCGA-MP-A4TI-01,4.238757,6.7616653,5.5335402,4.70952,5.1858344,3.7130702,3.9336493,5.5600514,4.4912343,4.677495,4.693572,4.227308,5.915771,3.8410609,5.088511,4.732606
TCGA-MP-A4TJ-01,9.215863,5.4835334,5.159114,4.6532207,3.6944664,5.1468573,5.1496873,4.60075,3.8403158,4.3673964,4.9570847,4.608469,5.2106657,4.738092,5.7542405,4.7541447
TCGA-MP-A4TK-01,2.3962905,7.3605065,5.621036,4.8574266,5.5607624,2.775298,3.7628324,6.058618,4.475135,5.0615807,4.6788754,3.8527124,6.2067666,4.019541,4.985955,4.7922544
TCGA-MP-A5C7-01,10.004012,5.152949,5.0217037,4.4500804,3.4599786,5.2814264,5.306006,4.494057,3.5796297,4.4601474,4.7911654,4.8345885,5.2314672,5.0310206,5.88909,4.8073735
TCGA-NJ-A4YF-01,0.20283715,7.9077196,5.653199,5.123996,6.172747,2.1143014,3.4458265,6.0721297,4.4847274,5.757765,4.8180923,3.4081132,6.514465,4.1416597,4.8000703,4.9155746
TCGA-NJ-A4YG-01,6.6778507,6.1667566,5.4104147,4.5687838,4.334136,4.694477,4.574272,5.077169,4.2871985,4.4175553,4.7786026,4.451494,5.392882,4.2006435,5.3193455,4.6899605
TCGA-NJ-A4YI-01,1.6933422,7.547205,5.6630054,4.864544,5.8126793,2.3996708,3.5511103,6.0092416,4.4980254,5.357888,4.63292,3.7729483,6.4564166,4.162035,4.9149814,4.91215
TCGA-NJ-A4YP-01,0.8456657,7.7033267,5.692669,5.0677524,6.1313176,2.005703,3.3818767,6.0700784,4.4964604,5.7049527,4.7441096,3.536675,6.675315,4.292079,4.8434715,4.895578
TCGA-NJ-A4YQ-01,-0.55174387,7.84926,5.5962405,5.5060787,6.095715,3.1667144,3.5548398,5.4635735,4.4778786,5.6678247,5.2009454,3.209003,6.164054,4.239861,5.0325055,4.865675
TCGA-NJ-A55A-01,8.339886,5.735429,5.315489,4.5944934,3.8332396,5.1220727,4.9844103,4.7757463,4.067334,4.2751374,4.9456186,4.5990987,5.157561,4.569734,5.5889387,4.666164
TCGA-NJ-A55O-01,7.279952,6.043757,5.3548465,4.5813937,4.143553,4.8408394,4.701004,4.958309,4.223153,4.3891673,4.815162,4.5299006,5.3068814,4.3290167,5.379523,4.7000875
TCGA-NJ-A55R-01,3.6432934,7.0534444,5.6284914,4.788795,5.1764407,3.569274,3.9230912,5.640189,4.5211797,4.736782,4.708162,4.1331377,5.951899,3.8756912,4.938111,4.7255225
TCGA-NJ-A7XG-01,11.013937,5.009298,4.425576,4.3739486,3.3266988,5.410518,5.4866424,4.5191708,3.2416592,4.60318,4.700897,4.9795575,5.3276525,5.164122,6.361212,5.0299296
TCGA-O1-A52J-01,6.0900135,6.319352,5.4925084,4.5908933,4.530301,4.530208,4.3892794,5.1492248,4.3278084,4.4682446,4.771503,4.383644,5.509278,4.090781,5.249508,4.692526
TCGA-S2-AA1A-01,8.117101,5.8786216,5.301616,4.653549,3.9455016,5.081495,4.8789124,4.761561,4.0736933,4.3154173,4.9228215,4.565427,5.173574,4.5510383,5.4553256,4.579507
