,dim_0,dim_1,dim_2,dim_3,dim_4,dim_5,dim_6,dim_7,dim_8,dim_9,dim_10,dim_11,dim_12,dim_13,dim_14,dim_15
TCGA-MP-A4SY-01,-0.14406873,0.27904585,0.28288293,-0.17217025,-0.20234059,-0.19765483,0.0923875,-0.0793154,-0.40596068,-0.053553592,-0.33352342,0.11811067,-0.1725977,-0.35443237,0.3453226,-0.35966188
TCGA-17-Z015-01,-0.27994633,-0.07201738,0.47691292,0.4508438,-0.006612469,-0.16545893,0.046388958,0.1484995,-0.04633044,-0.39789867,0.03192425,-0.34118837,0.09831438,0.00090346497,0.34141186,0.17316465
TCGA-44-7662-01,-0.5463444,0.22703458,0.35724708,-0.057679594,0.10274896,0.008829234,0.055443197,-0.25899208,-0.20657635,-0.26174295,-0.20076607,0.11775084,-0.24848771,-0.116545185,0.39413795,-0.20541534
TCGA-91-6840-01,-0.30823624,0.28736132,0.37986842,-0.18230206,-0.13963772,-0.088416055,0.04602244,-0.14367494,-0.3495992,-0.20563486,-0.31801623,0.018578624,-0.14615263,-0.27468932,0.4142587,-0.24575026
TCGA-44-2665-01,-0.1913655,0.31692973,0.17073241,-0.28210247,-0.08218374,-0.080320135,0.12477757,-0.18576282,-0.35169622,-0.032823004,-0.2537445,0.40873098,-0.25347793,-0.18010439,0.20279461,-0.44372436
TCGA-95-7039-01,-0.33985338,0.23818399,0.37854177,-0.19801591,-0.12935507,-0.010076245,0.044471633,-0.1417227,-0.294603,-0.18974636,-0.359518,-0.01857124,-0.1843669,-0.3256188,0.41234308,-0.20959085
TCGA-78-7147-01,-0.18079506,0.40518188,0.44829205,0.037372388,-0.22327706,-0.25516418,0.06208685,0.025858402,-0.3070296,-0.36161676,-0.019190788,0.22397777,0.06581882,-0.001663793,0.31098387,-0.32354182
TCGA-05-4427-01,-0.40353116,0.44977766,0.29113093,-0.28764254,0.022891782,0.10964577,-0.0026413407,-0.33142698,-0.1310952,-0.40732035,-0.02920421,0.28502038,0.005232281,0.1398437,0.21219455,-0.12318548
TCGA-17-Z047-01,-0.2767984,-0.10808733,0.4529699,0.47751224,0.015454179,-0.14135116,0.04364216,0.1490421,0.0031763692,-0.3879597,0.04648574,-0.3552869,0.09862594,0.007263257,0.32115024,0.20575014
TCGA-86-8671-01,0.07053204,0.1895142,0.018232891,-0.23763578,-0.2146167,-0.0907922,0.17022718,-0.098581135,-0.30647054,0.20546444,-0.29523504,0.29298237,-0.33117843,-0.38855824,0.0858146,-0.4818134
TCGA-44-7669-01,-0.14381386,0.4452074,0.4386913,0.048076276,-0.24472423,-0.27223802,0.069771044,-0.026831174,-0.2722746,-0.37431753,0.015947135,0.24045728,0.07993157,-0.006027033,0.28734264,-0.2923062
TCGA-55-A4DF-01,-0.34685567,0.43307173,0.3834904,-0.27189708,-0.067206584,-0.022923825,0.013572424,-0.22081341,-0.25436857,-0.34638816,-0.070901945,0.32132947,-0.03560748,0.012224072,0.26227883,-0.23235063
TCGA-50-5933-01,-0.50271463,0.3011537,0.36274073,-0.21269283,0.03947013,0.08836197,0.03175629,-0.267995,-0.19009535,-0.27812862,-0.23151527,0.12437127,-0.19672489,-0.14065833,0.36018005,-0.16369314
TCGA-05-4417-01,-0.25489706,0.3005074,0.34094384,-0.20688808,-0.15505885,-0.14189544,0.057155088,-0.1371759,-0.3952051,-0.16543737,-0.32143635,0.07608273,-0.14215495,-0.27446017,0.38911346,-0.2824955
TCGA-86-6562-01,-0.16886957,0.32149687,0.3749258,-0.0885406,-0.23107886,-0.23846927,0.10929334,-0.06358366,-0.40731493,-0.165977,-0.25204632,0.08660865,-0.11902625,-0.27354866,0.36582664,-0.32581225
TCGA-44-6145-01,-0.3596556,0.2986711,0.3133268,-0.2879524,-0.075852804,0.027563268,0.048126485,-0.24442413,-0.29198396,-0.1995411,-0.34547454,0.083375424,-0.18989843,-0.2480178,0.3722133,-0.21044752
TCGA-91-A4BC-01,-0.4977967,0.2961905,0.36875147,-0.20967394,0.02743471,0.08410215,0.025487032,-0.27181882,-0.1915238,-0.29013452,-0.2379654,0.09672574,-0.18561561,-0.14210008,0.37199503,-0.14932965
TCGA-86-A4D0-01,-0.46809873,-0.050486885,0.06598263,0.009278301,0.17589518,0.3085556,0.14985363,-0.22178936,0.086786374,0.11335761,-0.19580682,0.18119091,-0.52658206,-0.32577074,0.11243221,-0.2974795
TCGA-05-4424-01,-0.17705505,0.32749176,0.38091865,-0.102088176,-0.2140098,-0.2561039,0.09634286,-0.08681893,-0.42554408,-0.2045428,-0.25437018,0.073708065,-0.08306341,-0.24081656,0.37667096,-0.27898923
TCGA-49-4486-01,-0.04676752,0.27853858,0.13938731,-0.2751863,-0.20004517,-0.1451028,0.10360819,-0.11784912,-0.3555748,0.053579304,-0.3114963,0.32858473,-0.21936525,-0.3241794,0.21639423,-0.45280784
TCGA-17-Z045-01,-0.26764116,-0.0707184,0.47496843,0.46476567,-0.018347641,-0.16763693,0.06290889,0.1391029,-0.033355262,-0.39659256,0.030704988,-0.34164572,0.091982365,-0.01347113,0.335874,0.18028496
TCGA-50-5072-01,-0.37707356,0.21627672,0.46046147,-0.14165583,-0.15254633,0.015801309,-0.026657106,-0.064123906,-0.24717383,-0.29160926,-0.27614728,-0.03731129,-0.081959516,-0.25591478,0.46440172,-0.19735056
TCGA-44-8119-01,-0.52592564,0.3050634,0.39751357,-0.17620313,0.048695087,0.08361292,0.016358305,-0.24980454,-0.1803629,-0.33724064,-0.17226973,0.1111336,-0.15766422,-0.06637754,0.36388847,-0.13882889
TCGA-49-AARR-01,0.015404961,0.27181208,0.087616734,-0.2726466,-0.21991009,-0.14800021,0.14250089,-0.13499588,-0.34523436,0.10044049,-0.3000481,0.33575764,-0.24650322,-0.33887997,0.15977487,-0.4493379
TCGA-49-AARE-01,-0.35180834,0.29695725,0.4049539,-0.23184037,-0.1406932,-0.013621239,-0.008690718,-0.15081197,-0.27346808,-0.24563521,-0.29324317,0.027866293,-0.11932303,-0.26091215,0.42146638,-0.21371268
TCGA-75-7027-01,-0.23158209,0.33196765,0.3666037,-0.1758805,-0.17905036,-0.18185413,0.07127559,-0.124322414,-0.40369335,-0.20590463,-0.27391762,0.11320876,-0.11203685,-0.23318192,0.37993687,-0.2840398
TCGA-62-A472-01,-0.3555981,0.31170413,0.35475203,-0.25641423,-0.09955297,-0.015195791,0.005509234,-0.18939804,-0.30164677,-0.21434548,-0.30723745,0.081208415,-0.14513567,-0.24373946,0.39893803,-0.247387
TCGA-69-7973-01,-0.28569916,0.40747568,0.42215505,-0.18213622,-0.17918222,-0.1355334,0.026324345,-0.12759401,-0.32988462,-0.3067305,-0.14498706,0.18774377,-0.028354367,-0.11655718,0.34850404,-0.2801451
TCGA-91-6835-01,-0.21186064,0.25132656,0.308229,-0.1851732,-0.16677475,-0.14960143,0.07596095,-0.09204863,-0.40086645,-0.08049274,-0.35334387,0.06693992,-0.18932565,-0.3473137,0.37322256,-0.32549396
TCGA-50-8459-01,-0.07085224,0.2809779,-0.011924624,-0.41692853,-0.11427399,0.07323298,0.1204402,-0.28757632,-0.18886445,0.09486511,-0.28672522,0.436379,-0.2936806,-0.2728207,0.06456465,-0.37983823
TCGA-55-8510-01,-0.47607845,0.12297177,0.40639073,-0.0033649046,-0.01654212,-0.010092309,0.017645584,-0.08603529,-0.1991976,-0.15809919,-0.25826854,0.04217833,-0.24632,-0.33038038,0.45031312,-0.2814432
TCGA-78-7542-01,-0.5184215,0.31471518,0.39867967,-0.20079547,0.034815792,0.10146083,0.016423987,-0.25903836,-0.17035457,-0.35227638,-0.16486064,0.110263504,-0.14626978,-0.05419353,0.3501187,-0.12116463
TCGA-MN-A4N1-01,-0.52673393,0.16680445,0.394912,-0.106020264,0.02366386,0.20023312,-0.005594429,-0.23152475,-0.028999714,-0.31506824,-0.2644134,-0.047089346,-0.17877357,-0.22910455,0.41664553,-0.054409742
TCGA-55-A490-01,-0.34597862,0.3340498,0.4212216,-0.20292807,-0.113229685,-0.0718304,0.070208095,-0.16762453,-0.34780902,-0.2604857,-0.25237408,0.06107461,-0.13954763,-0.19374582,0.37294814,-0.21620907
TCGA-55-6987-01,-0.13205513,0.25513515,0.2485531,-0.15318826,-0.19467251,-0.19164743,0.11713644,-0.07047086,-0.39710376,-0.0061287135,-0.3304518,0.16475199,-0.21354516,-0.36595875,0.31684485,-0.40610406
TCGA-78-7154-01,-0.41764507,0.2698532,0.43628407,-0.22410525,-0.122733414,0.052553806,-0.027855985,-0.15252854,-0.2367943,-0.30013227,-0.24909799,0.00050773006,-0.10776321,-0.19853756,0.42262417,-0.18021187
TCGA-49-6743-01,-0.5447972,0.19012447,0.30777475,-0.22632688,0.0768167,0.32702073,-0.0041967244,-0.33526745,-0.013347231,-0.35147163,-0.20829323,-0.029143816,-0.14731245,-0.05682986,0.3208651,-0.001852674
TCGA-62-A46S-01,-0.36869484,0.3491204,0.34417215,-0.30196574,-0.08830038,-0.0009784574,0.0069644037,-0.20738214,-0.31146842,-0.23041488,-0.2617139,0.15004915,-0.13148092,-0.17246623,0.35428247,-0.26081997
TCGA-44-7671-01,-0.17245787,0.33342248,0.332076,-0.15091662,-0.20012194,-0.19995324,0.09926094,-0.09449413,-0.38501248,-0.14414513,-0.30847195,0.14269577,-0.12680766,-0.3042453,0.3570103,-0.3264878
TCGA-62-A46Y-01,-0.1424138,0.30185065,0.26871145,-0.21003395,-0.2055757,-0.18800877,0.08861166,-0.098433,-0.40933317,-0.059424173,-0.32063577,0.16240758,-0.16319698,-0.3267102,0.32567948,-0.3707107
TCGA-55-8615-01,-0.3855985,0.31482857,0.43667832,-0.1275322,-0.11167833,-0.08396571,0.016036913,-0.1545772,-0.29771054,-0.29970753,-0.2034916,0.07569029,-0.1072527,-0.17003372,0.42308655,-0.23782295
TCGA-MP-A4TE-01,-0.21398821,0.30846795,0.35534248,-0.14861993,-0.18401079,-0.20305555,0.0744636,-0.100687966,-0.40899476,-0.16138335,-0.29383013,0.08021183,-0.12931019,-0.27981842,0.385398,-0.30047217
TCGA-64-1677-01,-0.32565975,0.30708584,0.39886567,-0.19658326,-0.14282934,-0.072069645,0.039778262,-0.13433784,-0.33970425,-0.21138386,-0.2872354,0.03269718,-0.14408155,-0.26208535,0.39577273,-0.25873202
TCGA-75-7030-01,-0.21674578,0.3129592,0.04223646,-0.45711607,-0.0148480395,0.1534741,0.0107413605,-0.22941306,-0.1366034,-0.017234819,-0.21962218,0.5300726,-0.19692914,-0.0989674,0.09124935,-0.40342012
TCGA-69-7764-01,-0.35617283,0.1547463,0.18960151,-0.11683476,0.028439526,0.009814531,0.12122353,-0.17301719,-0.23238136,0.07159644,-0.34144223,0.16487332,-0.403041,-0.4104008,0.27388665,-0.38115925
TCGA-50-6673-01,-0.3897067,0.37295377,0.3008379,-0.33558714,-0.0351617,0.06352062,-0.002710896,-0.30850503,-0.23751417,-0.27477214,-0.25724497,0.15597422,-0.13813855,-0.12232412,0.339926,-0.18288603
TCGA-97-A4M5-01,-0.18345606,0.16470444,0.06336039,-0.3432635,-0.099661514,0.19324471,0.058526635,-0.12513006,-0.15995659,0.1354203,-0.36966932,0.25406572,-0.33197033,-0.41512582,0.15971725,-0.4447924
TCGA-44-3918-01,-0.35825092,0.26660195,0.3010249,-0.3037065,-0.06724944,0.07093371,-0.025848383,-0.17472774,-0.24200651,-0.13823017,-0.36843824,0.091225706,-0.17689595,-0.32563233,0.38244605,-0.26765093
TCGA-17-Z043-01,-0.2842677,-0.11243092,0.45371935,0.47705892,0.01976941,-0.13841872,0.042269107,0.15010229,0.0018019372,-0.38373995,0.042814307,-0.35469353,0.09221764,0.0022376748,0.32483786,0.20076801
TCGA-73-4666-01,-0.2140808,0.34125546,0.37496173,-0.12807028,-0.19311744,-0.2195044,0.083093874,-0.11550535,-0.39949712,-0.20526858,-0.2571534,0.09758606,-0.10564099,-0.2417826,0.38186264,-0.2866552
TCGA-44-A4SS-01,-0.2411733,0.43167734,0.38249725,-0.15820917,-0.17073421,-0.18044624,0.09334787,-0.19686177,-0.35907346,-0.30761626,-0.16520995,0.20015618,-0.05465079,-0.10699717,0.3243923,-0.253757
TCGA-49-AARQ-01,-0.10852005,0.4162174,0.41987923,0.038055893,-0.2823941,-0.30733067,0.10622362,-0.05782353,-0.32573903,-0.31538308,-0.071337126,0.1787023,0.017346827,-0.112167574,0.32353586,-0.29708636
TCGA-97-A4LX-01,-0.2948286,-0.078097016,0.15154237,0.14014812,0.023212967,-0.0020292643,0.2113876,-0.049867515,-0.16029917,0.18375704,-0.2824076,0.076526396,-0.49924904,-0.48566136,0.21045063,-0.37706372
TCGA-67-3771-01,-0.32763684,0.30660278,0.39903095,-0.18033835,-0.13243401,-0.08845535,0.033465333,-0.14221418,-0.34364957,-0.24033487,-0.28624505,0.037354607,-0.12205376,-0.23487438,0.41611198,-0.24040289
TCGA-50-5066-01,-0.20619196,0.2885013,0.311213,-0.2043527,-0.17998487,-0.14853829,0.070711404,-0.10241893,-0.39794603,-0.098649725,-0.33140436,0.099610314,-0.16547205,-0.3259644,0.36188743,-0.33652663
TCGA-73-4662-01,-0.22685291,0.3154878,0.36316916,-0.16339429,-0.17811914,-0.18238929,0.066342354,-0.101591036,-0.393094,-0.17030008,-0.28854668,0.10823757,-0.128165,-0.2755586,0.38171747,-0.30681384
TCGA-95-8494-01,-0.2859694,0.27548435,0.37740934,-0.13995206,-0.15084475,-0.14072752,0.06429839,-0.10660018,-0.3717693,-0.17424093,-0.30285308,0.059518628,-0.158774,-0.28800353,0.4058197,-0.29252267
TCGA-91-6849-01,-0.1305775,0.2509833,0.22394647,-0.20132515,-0.19498995,-0.14206617,0.08732423,-0.07048219,-0.37160453,0.012493806,-0.35771805,0.16549416,-0.21295641,-0.38355303,0.31594846,-0.4154427
TCGA-97-7941-01,-0.10716654,0.1535392,-0.000515652,-0.35938165,-0.12585258,0.20877935,0.07749203,-0.11739696,-0.11879417,0.1988172,-0.32732987,0.3196867,-0.31913906,-0.41959667,0.0773939,-0.4579139
TCGA-86-8073-01,-0.39164177,0.25519592,0.23556243,-0.3677888,-0.03569774,0.20683715,0.0007636764,-0.22805943,-0.16783668,-0.087099016,-0.3452598,0.13520353,-0.25437793,-0.31167322,0.2885812,-0.27622226
TCGA-78-7167-01,-0.2586215,0.33904797,0.37361827,-0.20164794,-0.18217187,-0.12798065,0.061363183,-0.14211765,-0.36226946,-0.18883729,-0.2772518,0.09785171,-0.12936467,-0.2693943,0.37054545,-0.29056108
TCGA-62-A470-01,-0.22274804,0.3578148,0.38909465,-0.14632481,-0.19849037,-0.20628157,0.058012556,-0.10197748,-0.39320788,-0.24289988,-0.22283468,0.14781728,-0.068365246,-0.19364545,0.37229437,-0.29654238
TCGA-05-5428-01,-0.27278674,0.3597199,0.4056588,-0.14523794,-0.18587798,-0.17706288,0.065111384,-0.1263066,-0.37383,-0.25606605,-0.19526339,0.15371493,-0.08203606,-0.17600232,0.36361358,-0.2957106
TCGA-97-8552-01,-0.6083961,0.19629899,0.28425252,-0.15739855,0.1773122,0.22263806,0.013864785,-0.31410176,-0.031725183,-0.22496414,-0.16414154,0.15975384,-0.28654084,-0.10507079,0.29798472,-0.14095464
TCGA-17-Z003-01,-0.28427252,-0.11242993,0.453721,0.47705737,0.019771649,-0.13841717,0.042265646,0.1501063,0.0018030902,-0.38373947,0.0428127,-0.35468933,0.092216335,0.0022358487,0.3248404,0.20076562
TCGA-44-7667-01,-0.33421707,0.31535283,0.42808068,-0.1771864,-0.15662932,-0.093540385,0.00028539874,-0.103828005,-0.3440693,-0.26782158,-0.22398788,0.06323937,-0.084922545,-0.18668291,0.41486654,-0.26773506
TCGA-97-8179-01,-0.3879851,0.29559964,0.42326075,-0.16017748,-0.1142545,-0.050012197,0.006436797,-0.14025027,-0.29728368,-0.26506242,-0.23484947,0.071264885,-0.12571174,-0.2068299,0.42196658,-0.25789234
TCGA-49-4501-01,-0.5309398,0.25773403,0.37042004,-0.23966685,0.04276471,0.17848727,-0.033141013,-0.23976184,-0.12622975,-0.30274314,-0.22715294,0.0745865,-0.16189718,-0.1292935,0.37469068,-0.12916937
TCGA-MP-A4T7-01,-0.19886747,0.34650806,0.36868507,-0.13533808,-0.20977576,-0.20940526,0.09110058,-0.12397895,-0.39344263,-0.20174828,-0.26385838,0.09625277,-0.10473855,-0.25430894,0.37550965,-0.2890957
TCGA-55-A491-01,-0.34302735,0.28032443,0.3893037,-0.17772041,-0.1169331,-0.07700986,0.03312244,-0.14306797,-0.33816478,-0.21848015,-0.3010318,0.035721697,-0.14985554,-0.25517398,0.4208964,-0.24643402
TCGA-55-1592-01,-0.1920267,0.37860486,0.45462498,0.015799994,-0.23578905,-0.2691893,0.056461256,-0.010078413,-0.34190115,-0.32892826,-0.07518479,0.15092097,0.019166483,-0.07889492,0.35483244,-0.3090047
TCGA-86-7713-01,-0.38784587,0.27893743,0.3396496,-0.25525847,-0.062175613,0.03749541,0.0027874238,-0.1820262,-0.26426187,-0.17924939,-0.33141434,0.07551716,-0.18914057,-0.28594735,0.3893673,-0.25726977
TCGA-93-7347-01,-0.27697086,0.12361983,0.06125787,-0.29073182,-0.034394443,0.28676432,0.08249738,-0.16187297,-0.06503239,0.13425241,-0.3366063,0.24463987,-0.39661407,-0.39948326,0.13410084,-0.41596192
TCGA-69-7761-01,-0.47309998,0.2468456,0.2746518,-0.33913013,0.01970611,0.22154939,-0.0038985964,-0.26760304,-0.14343825,-0.16829509,-0.3072017,0.11966859,-0.23826095,-0.22726576,0.31434846,-0.19717424
TCGA-97-7546-01,-0.35416755,0.29369938,0.14945242,-0.4166592,-0.0072983196,0.1982161,0.027769385,-0.28938922,-0.16143745,-0.093155056,-0.3444081,0.27344003,-0.23781335,-0.2261821,0.2393316,-0.27456403
TCGA-17-Z017-01,-0.28424913,-0.11243227,0.4537171,0.47707066,0.019760283,-0.138437,0.042268056,0.1501173,0.0018020156,-0.38373426,0.042829707,-0.3546887,0.092231,0.002245521,0.32483083,0.20076936
TCGA-73-4677-01,-0.1775889,0.2989794,0.32678857,-0.14409709,-0.19866373,-0.20785224,0.09743518,-0.09346471,-0.40709695,-0.1239275,-0.3136811,0.100366175,-0.15347104,-0.3097666,0.37023622,-0.323235
TCGA-55-7911-01,-0.2093621,0.3222122,0.31345224,-0.21342786,-0.15929817,-0.16977927,0.08782009,-0.14248338,-0.4058642,-0.13085932,-0.31307024,0.15111248,-0.16198057,-0.28144482,0.34590325,-0.31389895
TCGA-86-8054-01,-0.4015685,0.21034233,0.36751568,-0.13689439,-0.06759079,-0.0024440687,0.03962215,-0.14608166,-0.26300824,-0.16389553,-0.3283109,0.034067396,-0.22796394,-0.32937312,0.41910207,-0.26855588
TCGA-05-4250-01,-0.20425715,0.34934172,0.3669354,-0.15257306,-0.184537,-0.22030851,0.060401987,-0.073475845,-0.41095722,-0.20439687,-0.22129308,0.1938475,-0.08704952,-0.1813298,0.35587698,-0.34980628
TCGA-55-7914-01,-0.23161377,0.22006308,0.2344276,-0.2665586,-0.13788666,0.0072453395,0.029598072,-0.11015365,-0.28038368,0.0015328437,-0.40482572,0.10923407,-0.22429049,-0.43475088,0.34352332,-0.35789147
TCGA-MP-A4TF-01,-0.33421987,0.29098698,0.484551,-0.08962353,-0.1737393,-0.14409836,-0.015775992,-0.04850162,-0.3386809,-0.3318617,-0.15409788,0.013825367,-0.02304934,-0.12839736,0.43543136,-0.2277253
TCGA-55-8614-01,-0.4187272,0.3012777,0.35259676,-0.245714,-0.03942436,0.049718726,0.027376793,-0.25868744,-0.26480785,-0.2800982,-0.30031925,0.044110257,-0.15271868,-0.1699751,0.39380634,-0.17172931
TCGA-62-A46O-01,-0.27415633,0.27764013,0.36478105,-0.19054304,-0.15807368,-0.11541737,0.034007415,-0.09913917,-0.3730225,-0.16392241,-0.32437384,0.04688952,-0.13181657,-0.30020946,0.4050254,-0.29001507
TCGA-55-7907-01,-0.35677052,0.3082318,0.3762568,-0.2312107,-0.1007663,-0.028192569,0.014630755,-0.18448606,-0.30849957,-0.24027444,-0.30700114,0.03947402,-0.13369112,-0.23390163,0.4116233,-0.21622625
TCGA-MP-A4T4-01,-0.12349453,0.28823385,0.17561072,-0.33612266,-0.15334775,-0.09210713,0.07552467,-0.11936945,-0.36265984,0.01973454,-0.29577172,0.35018644,-0.2008535,-0.28578317,0.21434158,-0.44262967
TCGA-97-7937-01,-0.52357596,0.3089863,0.31297144,-0.24348393,0.09305417,0.16425487,0.014692636,-0.34936842,-0.11821862,-0.38612786,-0.14599517,0.15309648,-0.12329581,0.048516463,0.29648134,-0.044349864
TCGA-83-5908-01,-0.5571357,0.049284227,0.11719952,-0.000597346,0.251153,0.2283842,0.14171451,-0.44038698,0.043429524,-0.084821716,-0.21085407,0.06307781,-0.43878582,-0.18816972,0.22503941,-0.089840114
TCGA-NJ-A4YQ-01,-0.3570933,0.10467858,0.28994328,-0.117731996,-0.07465855,0.05875253,0.0648429,-0.08455887,-0.21270576,-0.0038767324,-0.36946535,0.049439665,-0.31302288,-0.45993823,0.36593562,-0.33996364
TCGA-93-A4JO-01,-0.36346996,0.27187914,0.331637,-0.20563476,-0.063347526,-0.047434486,0.05380198,-0.17092311,-0.33336645,-0.15556063,-0.31774628,0.1222568,-0.21703133,-0.26558045,0.38217366,-0.29731497
TCGA-55-6984-01,-0.13135605,0.26127276,0.24761464,-0.18946087,-0.20185448,-0.1652949,0.09132901,-0.073947445,-0.3867516,-0.01595436,-0.3510436,0.14767863,-0.19701275,-0.37371516,0.32804647,-0.3929801
TCGA-97-8547-01,-0.19824734,0.22197677,0.27104205,-0.1962498,-0.16143845,-0.12922743,0.081873156,-0.081136376,-0.39000362,-0.024795605,-0.37885848,0.07538604,-0.21611695,-0.3858343,0.3557055,-0.34548882
TCGA-44-A4SU-01,-0.19805288,0.27753195,0.32006407,-0.12385282,-0.17959803,-0.21633759,0.103089355,-0.097335756,-0.42185488,-0.102393374,-0.2945132,0.11488086,-0.17414577,-0.30199316,0.36076143,-0.35602596
TCGA-69-7763-01,-0.42205015,0.36741236,0.38305858,-0.26116458,-0.060234945,0.049547706,-0.0022081481,-0.2405097,-0.23975374,-0.331653,-0.19944257,0.13280205,-0.09377783,-0.09023334,0.36040452,-0.19050173
TCGA-50-6595-01,-0.09894248,0.40177137,0.3271491,-0.12923892,-0.24486205,-0.27681023,0.12341946,-0.1381178,-0.3938359,-0.19863443,-0.20799227,0.22413209,-0.076547876,-0.20798343,0.30922052,-0.31839967
TCGA-50-5941-01,-0.27185413,0.3772562,0.49662238,-0.017061872,-0.20735279,-0.17615077,0.019082256,-0.052144207,-0.28190604,-0.39989498,-0.06808966,0.09418698,0.045508437,-0.066814885,0.38692763,-0.22494005
TCGA-86-A4P7-01,-0.12646942,0.29031315,0.23173736,-0.22740462,-0.18524043,-0.16754039,0.087714314,-0.090570234,-0.3931063,-0.03110127,-0.31863743,0.25412425,-0.18328878,-0.3136877,0.2926703,-0.42043853
TCGA-MP-A4T9-01,-0.17777742,0.3364572,0.3285353,-0.21868473,-0.1949624,-0.18462096,0.06338439,-0.13355249,-0.39564237,-0.12460778,-0.27553543,0.15552759,-0.14504884,-0.2882679,0.34093317,-0.33606946
TCGA-50-5044-01,0.0019226755,0.2884994,0.111957625,-0.26384827,-0.21554577,-0.17216054,0.14198023,-0.13240175,-0.36911932,0.07359553,-0.2890835,0.33881074,-0.22702645,-0.31619155,0.17407586,-0.4460698
TCGA-78-8662-01,-0.3951984,0.22267376,0.49025267,-0.14372082,-0.1567992,0.010054026,-0.029230319,-0.04920588,-0.25506228,-0.29769468,-0.23708226,-0.06586767,-0.07020009,-0.22861196,0.44552705,-0.1880351
TCGA-MP-A4TA-01,-0.21189813,0.22923394,0.26763535,-0.2403934,-0.14833894,-0.08312577,0.060888402,-0.097676806,-0.3589224,-0.023369316,-0.39193302,0.08284247,-0.21312614,-0.40484968,0.34795326,-0.33275732
TCGA-38-A44F-01,0.13329579,0.38006327,0.08318239,-0.09409979,-0.33768344,-0.17661537,0.21135463,-0.09376267,-0.20359279,0.029521529,-0.049714588,0.48998255,-0.16380775,-0.1753815,0.03292192,-0.52893597
TCGA-97-8174-01,-0.367552,0.25023845,0.352347,-0.21681477,-0.0913455,0.016672395,0.038998667,-0.18379603,-0.2789182,-0.1724246,-0.35040522,0.014032515,-0.20496835,-0.31693196,0.39905143,-0.2345188
TCGA-55-7913-01,-0.32967052,0.30639187,0.370412,-0.223428,-0.12350974,-0.061176516,0.013847586,-0.14818883,-0.3318771,-0.2055425,-0.2999459,0.07742759,-0.13699383,-0.25478607,0.4047647,-0.2707341
TCGA-44-7670-01,-0.29713017,0.27886996,0.4392898,-0.06510828,-0.1672807,-0.16747081,0.0680975,-0.08417993,-0.3675444,-0.25297138,-0.2455129,0.005267625,-0.10660665,-0.23415028,0.42597848,-0.24887936
TCGA-17-Z060-01,-0.28426415,-0.112431444,0.4537191,0.47706077,0.019767748,-0.13842191,0.0422691,0.15010412,0.0018017292,-0.38373923,0.04281713,-0.35469297,0.09221993,0.002239247,0.32483664,0.20076846
TCGA-49-AAR3-01,-0.27196354,0.32537106,0.23256125,-0.37279058,-0.109524615,0.002645723,0.00742135,-0.17616148,-0.307325,-0.08557884,-0.33225417,0.2533719,-0.1508191,-0.28326377,0.29360875,-0.3441918
TCGA-55-7903-01,-0.19878273,0.13039571,0.18965043,-0.15214701,-0.10766994,-0.07232345,0.108502924,-0.066504784,-0.33792436,0.08999057,-0.37948945,0.13744994,-0.3245274,-0.4473831,0.2943707,-0.417166
TCGA-86-8074-01,-0.53995186,0.25399014,0.32737225,-0.21861283,0.09136744,0.15908249,0.014041446,-0.29536027,-0.13739778,-0.26700974,-0.24465053,0.097497724,-0.2207945,-0.13596198,0.35189635,-0.13148342
TCGA-86-A4P8-01,0.06864104,0.25805026,0.072181836,-0.19397622,-0.26259565,-0.1727625,0.17152189,-0.096806265,-0.32751438,0.12841934,-0.26970452,0.32015625,-0.2651562,-0.34024024,0.14216024,-0.49293855
TCGA-50-5942-01,-0.086863324,0.2713184,0.13467287,-0.31768167,-0.18192537,-0.09519806,0.08582964,-0.1327932,-0.34119514,0.024962716,-0.33374858,0.35614592,-0.20951992,-0.30043796,0.22658278,-0.43801343
TCGA-75-6205-01,-0.19472443,0.4021258,0.41297534,-0.07733183,-0.22194676,-0.2506262,0.05980752,-0.07552039,-0.37075385,-0.31177044,-0.10399537,0.21437098,0.00392403,-0.084838204,0.33533287,-0.30233088
TCGA-MP-A4TJ-01,-0.36114454,0.29740968,0.00985924,-0.3425491,0.19974887,0.20299974,0.119777,-0.5627951,-0.045397848,-0.18230301,-0.1349198,0.3460328,-0.2586328,0.07570319,0.05615913,-0.04978505
TCGA-69-7978-01,-0.24851283,0.26913974,0.36658415,-0.12658715,-0.15976968,-0.17744012,0.06948768,-0.0712255,-0.3965899,-0.13676012,-0.30750296,0.05070594,-0.15844439,-0.31515178,0.39147368,-0.3125557
TCGA-55-7570-01,-0.314063,0.054743696,0.15200797,-0.12311155,-0.034006886,0.13913381,0.08350888,-0.0924532,-0.12979966,0.12700425,-0.35603267,0.1568546,-0.39588037,-0.49724185,0.25439087,-0.4135729
TCGA-MP-A4TD-01,-0.16220495,0.32128587,0.23934014,-0.2578078,-0.18264808,-0.11573527,0.07489739,-0.10245261,-0.34941837,-0.02920954,-0.34210825,0.20698966,-0.17775178,-0.3415513,0.29719105,-0.405525
TCGA-95-A4VK-01,-0.17526166,0.2491429,0.23915625,-0.22939132,-0.17884226,-0.08981122,0.08173559,-0.09558998,-0.34977868,-0.0044658175,-0.37500018,0.14373155,-0.21800683,-0.39774376,0.3228094,-0.38463524
TCGA-44-2657-01,-0.28087118,0.22866233,0.19822319,-0.32381102,-0.09850711,0.11398392,-0.0031159564,-0.1989251,-0.2069198,-0.03737343,-0.4161274,0.11521536,-0.21243544,-0.410542,0.34050015,-0.31959167
TCGA-49-6744-01,-0.161886,0.15949668,0.20500833,-0.17529541,-0.15027568,-0.07729023,0.11626702,-0.055847757,-0.37630302,0.0672458,-0.3595653,0.14183861,-0.2988002,-0.40924624,0.2818368,-0.44573087
TCGA-78-7158-01,-0.045904834,0.27671358,0.20515808,-0.1633813,-0.2330406,-0.22604951,0.14042947,-0.06893566,-0.41171482,0.021732893,-0.2878112,0.22841647,-0.2142698,-0.32478034,0.25760308,-0.4471198
TCGA-05-4432-01,-0.23435222,0.36876434,0.4159408,-0.12892346,-0.20230907,-0.21039243,0.062253054,-0.09020096,-0.39314616,-0.25400952,-0.18773222,0.12110753,-0.0565677,-0.17681624,0.36593866,-0.29135573
TCGA-49-4505-01,-0.21405078,0.2943599,0.36720362,-0.13471176,-0.19094901,-0.20061088,0.06667613,-0.081040934,-0.40123683,-0.16183248,-0.29716966,0.058469206,-0.12459564,-0.2933829,0.39670333,-0.2982429
TCGA-73-4670-01,-0.33424994,0.316158,0.42457947,-0.18062592,-0.1529537,-0.08878358,1.224438e-05,-0.119107805,-0.3312227,-0.27587765,-0.23805833,0.056989525,-0.081469595,-0.19520143,0.42200658,-0.24778356
TCGA-05-4410-01,-0.17024873,0.38641283,0.40520245,-0.057767075,-0.24216677,-0.25385746,0.08733476,-0.059741426,-0.3785696,-0.26776373,-0.14428827,0.17376286,-0.028428188,-0.14090608,0.3435596,-0.33936533
TCGA-55-6978-01,-0.10698461,0.28319305,0.22694941,-0.20116538,-0.21143845,-0.16477679,0.10886306,-0.105400585,-0.37204605,-0.011966762,-0.35120133,0.17746109,-0.20083965,-0.3799692,0.3069433,-0.3863169
TCGA-17-Z061-01,-0.28423676,-0.11243398,0.4537159,0.47707963,0.019755187,-0.13845117,0.042266566,0.15013142,0.001801135,-0.383729,0.04284039,-0.35468358,0.09223888,0.0022506115,0.3248258,0.2007692
TCGA-44-7661-01,-0.11332575,0.32962438,0.18622564,-0.27172986,-0.17628026,-0.13144617,0.098220095,-0.13718273,-0.34942,-0.034846198,-0.2998225,0.35597515,-0.18246143,-0.27177867,0.24262612,-0.43269515
TCGA-55-7726-01,-0.3034063,0.31165722,0.3904898,-0.19014038,-0.1559409,-0.09834442,0.022395132,-0.11774461,-0.35014915,-0.21728744,-0.27681875,0.07594884,-0.11821847,-0.24608383,0.4073216,-0.28489548
TCGA-62-A46P-01,-0.06880031,0.3272668,0.29281983,-0.09435692,-0.25543913,-0.28783274,0.103358515,-0.03565518,-0.4192104,-0.117636114,-0.20912504,0.24596286,-0.11572579,-0.20818071,0.30821872,-0.43350664
TCGA-71-6725-01,-0.62512827,0.150948,0.32278883,-0.06677831,0.19478469,0.19503406,0.060594857,-0.33130282,-0.04327648,-0.29589665,-0.14719859,0.046391,-0.26925677,-0.0494448,0.31411758,-0.03877612
TCGA-55-8096-01,-0.5071029,0.17052163,0.35454774,-0.09288727,0.036463674,0.060804754,0.008511713,-0.18763767,-0.15793306,-0.18218225,-0.29160058,0.08017248,-0.25866225,-0.30009243,0.42098528,-0.23526095
TCGA-86-A4JF-01,-0.42350787,0.22972228,0.28101823,-0.31775272,-0.020507678,0.23096128,-0.0017871566,-0.26030946,-0.1097372,-0.17664169,-0.37438828,0.024622787,-0.21522671,-0.30944163,0.3452557,-0.14528349
TCGA-55-6543-01,-0.044685632,0.42386466,0.3233586,-0.07843764,-0.2578384,-0.30005425,0.11352071,-0.08694188,-0.35032097,-0.20875669,-0.09909675,0.34900668,-0.052481137,-0.12326713,0.24752793,-0.39181697
TCGA-55-7227-01,-0.22850034,0.28246772,0.28709826,-0.2694271,-0.16244839,-0.07542888,0.036052212,-0.11301131,-0.34804958,-0.048556603,-0.3451706,0.11411812,-0.18512724,-0.3718524,0.33726284,-0.35338134
TCGA-MP-A4T2-01,-0.3417877,0.32274628,0.350696,-0.25750473,-0.10035501,-0.023326606,0.018520001,-0.20794214,-0.31334314,-0.22331157,-0.30803245,0.0668208,-0.14870518,-0.23382413,0.3928783,-0.23870511
TCGA-05-4398-01,-0.3327026,0.30355796,0.3962178,-0.2087179,-0.13116974,-0.06913678,0.028512059,-0.13540414,-0.3390615,-0.22684895,-0.2904969,0.05572541,-0.12641282,-0.24396366,0.40599334,-0.24744937
TCGA-78-8655-01,-0.16058055,0.2866358,0.29351246,-0.19004184,-0.20693542,-0.18090692,0.08738246,-0.07405786,-0.41314864,-0.066959575,-0.31161246,0.13846512,-0.16401792,-0.32780227,0.33915576,-0.37454692
TCGA-17-Z051-01,-0.28426263,-0.11243139,0.4537193,0.4770629,0.019766826,-0.13842534,0.0422671,0.15011074,0.0018020916,-0.38373703,0.042818848,-0.3546899,0.092221655,0.002238962,0.32483646,0.2007669
TCGA-44-8120-01,-0.21904883,0.15534954,0.29561144,-0.15292497,-0.15798461,-0.088941194,0.09463,-0.047805555,-0.3711267,-0.02436147,-0.40181896,-0.02118144,-0.2500908,-0.42473254,0.3643815,-0.31152755
TCGA-17-Z021-01,-0.28427073,-0.112431556,0.4537201,0.47705778,0.019771459,-0.13841718,0.042268556,0.15010343,0.0018010223,-0.38373947,0.042811368,-0.3546931,0.092214316,0.0022353244,0.32483912,0.2007665
TCGA-49-4507-01,-0.57715935,0.16227461,0.26113284,-0.17320473,0.17163862,0.3831657,-0.007479184,-0.35667846,0.115774594,-0.3519851,-0.108232915,0.017321423,-0.15600145,0.026493069,0.24436101,0.068921864
TCGA-62-8399-01,-0.17009287,0.3334477,0.35719627,-0.13558345,-0.21969974,-0.23996921,0.09463401,-0.075866066,-0.42831597,-0.16365896,-0.2521018,0.124080144,-0.10614917,-0.24695118,0.34959316,-0.33118972
TCGA-99-8033-01,-0.36688778,0.34212717,0.43014142,-0.19699779,-0.14985375,-0.036274206,-0.038352832,-0.1596345,-0.26424208,-0.33513677,-0.18009487,0.092939384,-0.052374694,-0.13423486,0.4202692,-0.23062056
TCGA-55-8089-01,-0.29850695,0.2654011,0.21328923,-0.33836034,-0.07221821,0.08326211,0.046884324,-0.2508477,-0.23619302,-0.059999716,-0.4065154,0.12363729,-0.25715834,-0.36571705,0.3099622,-0.25946307
TCGA-50-5936-01,-0.3544121,0.31066427,0.3057342,-0.3209668,-0.086901285,0.05395726,-0.0075454735,-0.20365033,-0.26285616,-0.15606251,-0.32236952,0.12877294,-0.17095645,-0.27706447,0.35997492,-0.28260735
TCGA-86-7701-01,-0.4736766,0.38176742,0.35846993,-0.17002572,0.038652934,0.032002613,0.0524008,-0.31805298,-0.2055429,-0.34316358,-0.13569875,0.17373864,-0.13418494,-0.027649334,0.32831922,-0.1757296
TCGA-55-8203-01,-0.31670028,0.30864346,0.3513874,-0.22195953,-0.10886399,-0.087599516,0.038973134,-0.15847862,-0.3590081,-0.1886261,-0.30824313,0.09939905,-0.16009694,-0.24852435,0.3904696,-0.27625895
TCGA-91-6830-01,-0.29698184,0.35805276,0.25631854,-0.36736512,-0.09645829,-0.0015335114,0.031031715,-0.20291235,-0.3261335,-0.11980332,-0.28501904,0.24913046,-0.16158864,-0.22132902,0.2861773,-0.33239752
TCGA-50-5935-01,-0.37790784,0.40644348,0.35917696,-0.27181616,-0.054638445,-0.01907484,0.015072181,-0.23202433,-0.27886152,-0.29671106,-0.16793297,0.24508993,-0.09727096,-0.07306907,0.32107624,-0.24438299
TCGA-55-7284-01,0.037025362,0.46252352,0.30256078,0.008958038,-0.28681988,-0.3465294,0.09990966,-0.09216381,-0.24898207,-0.30528134,0.03503286,0.4177118,0.070049554,0.016407715,0.19072297,-0.31591597
TCGA-55-6975-01,-0.21742725,0.25281727,0.29777405,-0.21344078,-0.1582472,-0.13006592,0.06178271,-0.09932168,-0.38852057,-0.07188464,-0.36849523,0.06824663,-0.18677841,-0.36026227,0.3711943,-0.31609985
TCGA-75-5147-01,-0.20822977,0.2931754,0.34922367,-0.16420774,-0.18554425,-0.18762772,0.0926303,-0.098480314,-0.41086912,-0.14157483,-0.31670672,0.0799717,-0.14540611,-0.30437225,0.3713947,-0.2942496
TCGA-97-7938-01,-0.14480993,0.20872726,0.2250042,-0.20204605,-0.17186975,-0.13909917,0.100071356,-0.0745851,-0.3961621,0.024330975,-0.39245427,0.098731175,-0.23148309,-0.40676072,0.32480478,-0.36565977
TCGA-49-AAQV-01,-0.19404067,0.2636555,0.27588496,-0.21842511,-0.17874284,-0.11726,0.061187733,-0.085766785,-0.36682343,-0.049965035,-0.36212134,0.121193275,-0.18681043,-0.3672421,0.35416636,-0.36624968
TCGA-55-8514-01,-0.26466984,0.3874249,0.4510829,-0.08524707,-0.20406255,-0.18342419,0.02514885,-0.08120179,-0.33398384,-0.33868837,-0.09390626,0.16425693,-0.0062532243,-0.08302056,0.3672793,-0.28760645
TCGA-55-6969-01,-0.5452823,0.22756124,0.41120762,-0.14247271,0.040258612,0.1035082,-0.012265487,-0.21768878,-0.15184338,-0.3104592,-0.20913626,0.038961597,-0.17569365,-0.14129135,0.41020426,-0.13350299
TCGA-44-3919-01,-0.21091953,0.1934982,0.18908852,-0.28337514,-0.13103803,0.03457534,0.03754661,-0.09716001,-0.27263516,0.05655954,-0.4070111,0.14003433,-0.25305393,-0.4514149,0.30432487,-0.3867523
TCGA-17-Z005-01,-0.27679944,-0.10808824,0.45297027,0.47751135,0.015454254,-0.14134844,0.0436418,0.14904164,0.0031775925,-0.3879599,0.04648445,-0.35528782,0.09862511,0.007261486,0.3211506,0.20574988
TCGA-17-Z056-01,-0.2799338,-0.07199637,0.47689804,0.45082963,-0.006620944,-0.16543962,0.046448644,0.14839971,-0.046360403,-0.39792955,0.03186537,-0.341256,0.09827685,0.00087569724,0.3414108,0.17318128
TCGA-55-8204-01,-0.381388,0.2745894,0.2762882,-0.32611725,-0.027259389,0.09897601,0.016814273,-0.21165192,-0.24161954,-0.13799335,-0.35006726,0.15739758,-0.22240402,-0.27765867,0.3422386,-0.26908973
TCGA-97-A4M1-01,-0.30077243,0.32306096,0.37128803,-0.19704184,-0.14418097,-0.09170811,0.039737415,-0.1532901,-0.33513013,-0.21150176,-0.29112747,0.09349595,-0.14631337,-0.2496905,0.40161714,-0.2803936
TCGA-49-4490-01,-0.13647954,0.4017305,0.4774218,0.10178191,-0.27083462,-0.29043472,0.07514191,-0.031046353,-0.25607735,-0.4070572,-0.00883307,0.1303354,0.08856147,-0.06099243,0.34236407,-0.20066914
TCGA-97-8172-01,-0.55182403,0.19420774,0.21905585,-0.19120444,0.17268358,0.19745569,0.05488043,-0.31869408,-0.07252593,-0.11232321,-0.24912585,0.20518772,-0.34502414,-0.20783836,0.27333272,-0.20211753
TCGA-75-7031-01,-0.519882,0.29172078,0.32685354,-0.23279321,0.07040557,0.09627894,-0.019802233,-0.266564,-0.17535831,-0.27018234,-0.1938242,0.2123208,-0.18739441,-0.09183176,0.35338435,-0.20758976
TCGA-MN-A4N4-01,-0.49538743,0.13796961,0.34680608,-0.1462999,0.00941326,0.25884494,0.002821971,-0.24271609,0.0037217299,-0.26698634,-0.32278958,-0.061552554,-0.21056728,-0.29254466,0.3955849,-0.046726428
TCGA-55-8513-01,0.14849758,0.23375608,-0.030028181,-0.17307976,-0.2768752,-0.10101364,0.19664818,-0.09102019,-0.2227032,0.20340405,-0.18740506,0.40405577,-0.29360276,-0.3051858,0.019292248,-0.53811216
TCGA-86-8673-01,-0.5453501,0.18205956,0.3958794,-0.099571355,0.043641996,0.07696118,0.011426921,-0.18532036,-0.16780739,-0.24052072,-0.23220313,0.077924475,-0.23092677,-0.21210702,0.41794345,-0.2037586
TCGA-80-5607-01,0.0050039715,0.36185178,0.23911096,-0.11936215,-0.27342337,-0.28756598,0.14400588,-0.08565362,-0.3748982,-0.0939664,-0.20491919,0.33752152,-0.11741565,-0.22900616,0.24605693,-0.42429104
TCGA-17-Z062-01,-0.2799389,-0.07199543,0.47690102,0.45083112,-0.0066181477,-0.16543655,0.046442725,0.14840695,-0.046351325,-0.3979305,0.031875376,-0.3412448,0.09828112,0.000881588,0.34140927,0.17318106
TCGA-55-7573-01,-0.538525,0.02081969,0.21891117,0.14148133,0.24096668,-0.026286075,0.17096463,-0.24544111,-0.15672958,-0.035517555,-0.16574568,0.20192322,-0.45029685,-0.20111777,0.28853184,-0.26991785
TCGA-17-Z044-01,-0.27679765,-0.10808912,0.45297027,0.4775119,0.015454002,-0.1413514,0.04364304,0.14904106,0.0031743255,-0.38795936,0.04648379,-0.3552884,0.09862392,0.007261293,0.32115072,0.20574935
TCGA-99-8025-01,-0.30804986,0.30774385,0.42468432,-0.14743696,-0.16671579,-0.12641811,0.017241841,-0.09962862,-0.35480073,-0.26157653,-0.24281102,0.04332697,-0.086969316,-0.20986792,0.42414263,-0.26011616
TCGA-67-6217-01,-0.23268889,0.27719247,0.3901068,-0.09790696,-0.19159953,-0.1964686,0.07873627,-0.07771734,-0.38692942,-0.18018909,-0.2933954,0.0252422,-0.13534631,-0.2966092,0.4107687,-0.27527133
TCGA-44-A47G-01,-0.12167674,0.23343597,0.13305321,-0.31405976,-0.15828271,-0.026247185,0.103037804,-0.12588246,-0.31747955,0.093034856,-0.36784276,0.25498903,-0.26165992,-0.39962825,0.21366559,-0.4225663
TCGA-91-A4BD-01,-0.15573215,0.2073273,0.10425205,-0.34369376,-0.13458253,0.08062742,0.05543726,-0.10800872,-0.23493028,0.10332926,-0.3636647,0.29763442,-0.26758236,-0.39840803,0.20085043,-0.4550154
TCGA-50-5068-01,-0.10638452,0.44551325,0.43497124,0.07684246,-0.24212302,-0.2638345,0.044546984,-0.054695312,-0.18355854,-0.46146932,0.11703262,0.27063352,0.17722051,0.08565029,0.24674359,-0.16933696
TCGA-86-8281-01,0.048812993,0.29464188,0.20119484,-0.077231504,-0.2915277,-0.25269997,0.18732594,-0.024659995,-0.36232883,0.01345322,-0.20375067,0.30435875,-0.21122564,-0.27623287,0.19445585,-0.50543934
TCGA-93-A4JP-01,-0.4051122,0.35634708,0.11190716,-0.32442123,0.1514382,0.17386131,0.03866547,-0.48303273,-0.060829803,-0.3015668,-0.033071514,0.3686102,-0.13267995,0.19160941,0.10784599,-0.074784964
TCGA-O1-A52J-01,-0.36151665,0.41239628,0.48274124,-0.071880184,-0.12776916,-0.025524104,-0.002526629,-0.12337954,-0.16034032,-0.47939274,0.020062307,0.1845702,0.076373264,0.054700512,0.32084602,-0.16450436
TCGA-55-8512-01,-0.186154,0.36599556,0.27292347,-0.2967554,-0.1901424,-0.11717482,0.0675392,-0.14941047,-0.3797075,-0.094288014,-0.20920841,0.30357987,-0.14583655,-0.2198701,0.2542632,-0.41087222
TCGA-64-5774-01,-0.58117145,0.15169068,0.27526057,-0.16712844,0.15887566,0.35940725,0.0065635922,-0.3554333,0.08003832,-0.33808845,-0.15245116,-0.009729795,-0.1782545,-0.020359602,0.27467796,0.055275645
TCGA-55-8302-01,-0.41297382,0.13789739,0.2544058,-0.1745906,-0.020713564,0.14822023,0.03834184,-0.18730818,-0.13702269,-0.032426346,-0.36259335,0.0867016,-0.31739864,-0.42341647,0.35014874,-0.3079526
TCGA-05-4249-01,-0.33987504,0.36535063,0.38519534,-0.2531678,-0.12528832,-0.058622822,0.0052812565,-0.16991587,-0.32158995,-0.26877436,-0.23171139,0.14536966,-0.08281932,-0.16439016,0.37390625,-0.2575462
TCGA-86-8359-01,-0.23739563,0.28597525,0.37730724,-0.13715242,-0.18247862,-0.17629425,0.0741834,-0.07962064,-0.4058636,-0.16627908,-0.29495567,0.043245826,-0.13856104,-0.28643876,0.39019445,-0.29954636
TCGA-67-3773-01,-0.17597824,0.16473362,0.07547551,-0.33583635,-0.122954644,0.15669535,0.055674102,-0.110354,-0.18695289,0.13606751,-0.3734706,0.2601735,-0.29137248,-0.4398641,0.18987706,-0.43976715
TCGA-73-4658-01,-0.16207756,0.2839801,0.26429632,-0.17265081,-0.1896706,-0.1763575,0.116650775,-0.09160101,-0.39591148,-0.02797081,-0.30576065,0.1809765,-0.21044046,-0.33800188,0.3097434,-0.40756404
TCGA-55-8097-01,-0.15648456,0.11808522,0.15501451,-0.15719888,-0.12257788,-0.04039893,0.12974122,-0.040476725,-0.32163405,0.12558231,-0.36665633,0.16907501,-0.35633805,-0.44486988,0.23874016,-0.4621401
TCGA-05-4430-01,-0.17665493,0.38435796,0.36738053,-0.119797975,-0.20924634,-0.25476322,0.10253153,-0.121899016,-0.4001818,-0.2318961,-0.19389525,0.19958536,-0.07700015,-0.17135553,0.33583575,-0.31345376
TCGA-91-8497-01,0.16872776,0.31637207,0.14223403,0.0021421036,-0.36486223,-0.24345241,0.25071764,-0.03132849,-0.24618761,0.026307033,-0.11916416,0.37938717,-0.19638474,-0.25143662,0.100279965,-0.51350915
TCGA-93-8067-01,-0.60477734,0.13434993,0.24691595,-0.025487987,0.22039072,0.13663287,0.11615724,-0.36577177,-0.08666052,-0.1885426,-0.16081955,0.12863523,-0.3777618,-0.092308775,0.28452858,-0.14968488
TCGA-17-Z026-01,-0.3803682,0.14597541,0.5261189,0.2688947,-0.0010423998,-0.13079582,0.012599607,0.0440785,-0.09257058,-0.52942306,0.08173256,-0.09149044,0.15502082,0.12821434,0.33756775,0.085815094
TCGA-S2-AA1A-01,-0.11714599,0.40845287,0.31569287,-0.18161422,-0.199182,-0.24356869,0.13768585,-0.16538006,-0.39438626,-0.17714977,-0.20060748,0.29293692,-0.12099971,-0.19010898,0.25897333,-0.33266005
TCGA-95-7944-01,-0.39232957,0.24213693,0.2698898,-0.299661,-0.039380886,0.11864852,0.021851735,-0.2376067,-0.21447934,-0.13247931,-0.37192583,0.10698233,-0.23728652,-0.31157625,0.35798433,-0.23954865
TCGA-MP-A4TC-01,-0.11420726,0.38084775,0.35096443,-0.113145605,-0.24589236,-0.26727384,0.12798971,-0.10417189,-0.39448574,-0.19376059,-0.21326877,0.20682418,-0.088897035,-0.22033754,0.3165375,-0.3297467
TCGA-99-8032-01,-0.25556305,0.31352568,0.31996047,-0.23948017,-0.13400708,-0.12588187,0.06761964,-0.17322153,-0.3885924,-0.15202603,-0.32890356,0.112145394,-0.16657087,-0.27363083,0.3644595,-0.27921504
TCGA-95-7567-01,-0.398697,0.23847988,0.37268266,-0.26213208,-0.104557425,0.08915345,-0.025990231,-0.14335936,-0.23314753,-0.19759108,-0.32952163,0.029037232,-0.15526284,-0.29752216,0.40572736,-0.23745736
TCGA-05-4395-01,-0.25157878,0.3256454,0.40416119,-0.14098972,-0.17994323,-0.18863362,0.05619952,-0.09662272,-0.39258507,-0.23067866,-0.25311226,0.07365485,-0.08808811,-0.22768246,0.39770278,-0.26905304
TCGA-95-7947-01,-0.16723146,0.3351625,0.29191947,-0.20339091,-0.19972749,-0.15894897,0.10943239,-0.13931133,-0.37388533,-0.112383366,-0.3134131,0.19408117,-0.16271113,-0.31055614,0.32350272,-0.34739962
TCGA-69-A59K-01,-0.20135781,0.26274675,0.27114508,-0.21830158,-0.17396075,-0.10537606,0.06577292,-0.09513342,-0.35447866,-0.02365353,-0.3606635,0.102297164,-0.2052966,-0.39345402,0.340953,-0.3667996
TCGA-78-7163-01,-0.41368988,0.3348908,0.37491694,-0.22441941,-0.065491416,0.013092571,0.031773,-0.26497468,-0.24782771,-0.31797096,-0.24471614,0.11322463,-0.12532972,-0.14337255,0.3859046,-0.17229286
TCGA-78-7149-01,-0.16773292,0.34939024,0.38933286,-0.091635756,-0.24660906,-0.24015555,0.10251749,-0.07240311,-0.3965595,-0.20462008,-0.21471201,0.11989397,-0.088836394,-0.23210503,0.35694152,-0.32679588
TCGA-75-6214-01,-0.42881957,0.19416045,0.44246304,-0.021139039,-0.07935069,-0.07102492,0.06601642,-0.12047814,-0.27247602,-0.22194971,-0.2437498,0.009278394,-0.20690541,-0.2745568,0.43820325,-0.24241003
TCGA-05-4433-01,-0.31214905,0.2580151,0.12895472,-0.40774232,-0.02712957,0.2155644,-0.0130507,-0.21663798,-0.12639792,-0.015750937,-0.3407528,0.3002262,-0.25530604,-0.289521,0.22743568,-0.36823675
TCGA-93-A4JN-01,-0.43642193,0.2662996,0.38163623,-0.22924922,-0.05498465,0.091064535,0.011810085,-0.21804008,-0.2135189,-0.27248076,-0.30924475,0.027322302,-0.16369952,-0.22384338,0.4040218,-0.15833542
TCGA-44-2655-01,-0.13577585,0.21555,0.1865414,-0.24530956,-0.16965634,-0.08069495,0.09391921,-0.09166605,-0.35104933,0.062215246,-0.38940668,0.15123828,-0.25118765,-0.42987677,0.28596982,-0.39537984
TCGA-17-Z002-01,-0.27678806,-0.10797008,0.45300037,0.47749045,0.015443061,-0.14139521,0.043554775,0.1491168,0.0032455388,-0.38803118,0.046600543,-0.35512292,0.09876844,0.0073879184,0.32115585,0.20578362
TCGA-50-5932-01,-0.19120729,0.2993951,0.29089892,-0.21720074,-0.18309836,-0.14223568,0.06620567,-0.10587062,-0.37997016,-0.070134684,-0.33400983,0.12583412,-0.1719945,-0.34518266,0.34741622,-0.35571355
TCGA-MP-A4TK-01,-0.55649024,0.18843727,0.40766668,-0.07196635,0.05623807,0.10491316,0.022149943,-0.21082406,-0.106994934,-0.26163208,-0.22519192,0.04400868,-0.23278958,-0.22097418,0.4084334,-0.14814183
TCGA-55-6981-01,-0.15357268,0.39542386,0.45984527,0.092202514,-0.24389152,-0.28208244,0.06290526,0.031658676,-0.28663504,-0.37128028,0.004065748,0.18982428,0.07437203,-0.009397806,0.3188106,-0.30457407
TCGA-17-Z033-01,-0.2842881,-0.11243084,0.45372155,0.47704542,0.019780545,-0.13839756,0.042272627,0.15008269,0.0017999177,-0.38374674,0.042795625,-0.35470176,0.09220001,0.0022286642,0.32484484,0.2007673
TCGA-78-7150-01,-0.22516772,0.33173355,0.37047398,-0.1686845,-0.19074984,-0.19192502,0.08050739,-0.092008874,-0.41911146,-0.18689954,-0.25809553,0.12062926,-0.101868644,-0.23445287,0.3628132,-0.31088525
TCGA-17-Z042-01,-0.27998263,-0.0720295,0.47692335,0.45083538,-0.006590443,-0.16544239,0.04636311,0.1485249,-0.04631726,-0.39789015,0.0319399,-0.3411622,0.09831226,0.0009154115,0.34141797,0.17315641
TCGA-95-A4VP-01,-0.46822375,0.24517922,0.3505527,-0.208914,-0.0079257,0.08691501,0.019909576,-0.22725917,-0.19449233,-0.1991007,-0.30368355,0.081224576,-0.22179385,-0.2687592,0.38817728,-0.21463038
TCGA-38-4627-01,-0.17052133,0.30160597,0.16612986,-0.339208,-0.14020564,-0.035984296,0.06833117,-0.1673581,-0.32193148,-0.031289715,-0.33677334,0.3337467,-0.19310787,-0.2733902,0.24918358,-0.42440242
TCGA-86-7953-01,-0.21399164,0.3773434,0.42858678,-0.07722923,-0.21840692,-0.22803788,0.080585554,-0.08903232,-0.365047,-0.29182014,-0.17758559,0.12461082,-0.045791555,-0.15913238,0.3719328,-0.27714285
TCGA-97-8177-01,-0.19388436,0.32335,0.35702744,-0.14649786,-0.19556496,-0.21584769,0.08388288,-0.09412268,-0.41095734,-0.17250834,-0.2793042,0.121478476,-0.1167332,-0.2630603,0.37104294,-0.31028864
TCGA-75-5125-01,-0.29986614,0.23843169,0.36717618,-0.114183836,-0.124144845,-0.14597069,0.079596065,-0.10517218,-0.37424538,-0.14454645,-0.31666586,0.046327055,-0.19695233,-0.31426895,0.40885803,-0.2883771
TCGA-50-6592-01,-0.15591013,0.32954392,0.36502528,-0.113696724,-0.24132137,-0.23966317,0.08470199,-0.05730462,-0.41124254,-0.16064025,-0.23699474,0.115819134,-0.104637176,-0.2613907,0.35879025,-0.34968412
TCGA-91-7771-01,-0.41438603,0.3985834,0.3849734,-0.23365602,-0.03868941,0.021277243,0.047161333,-0.25811398,-0.2527146,-0.353794,-0.18889146,0.14994366,-0.08903821,-0.06075776,0.3332091,-0.16116352
TCGA-50-5055-01,-0.024617322,0.27198848,0.118862495,-0.26352826,-0.19846535,-0.1503328,0.13603687,-0.105090104,-0.3740853,0.08551242,-0.29060346,0.33462083,-0.23781733,-0.31280968,0.17593235,-0.47039294
TCGA-MP-A4T6-01,-0.37599424,0.056115557,0.37103876,0.19816066,-0.030006355,-0.2005167,0.13256623,-0.043739922,-0.28820026,-0.073135525,-0.21138297,0.023126021,-0.29011616,-0.3435578,0.4180527,-0.3276498
TCGA-17-Z010-01,-0.28424093,-0.11243071,0.45371434,0.47707772,0.019760896,-0.1384472,0.042269904,0.15012237,0.0018027688,-0.38373423,0.04284526,-0.35468435,0.09223844,0.0022610102,0.32482162,0.20077576
TCGA-55-6971-01,-0.31057093,0.38052216,0.42468375,-0.12385669,-0.14051536,-0.15951289,0.046419583,-0.14103048,-0.34458295,-0.29235846,-0.14953397,0.1667959,-0.0806225,-0.12752685,0.3691226,-0.28707469
TCGA-55-7283-01,-0.23331499,0.30826432,0.35868984,-0.119199075,-0.1817337,-0.20648846,0.07034608,-0.093023196,-0.39229298,-0.16695458,-0.26370826,0.12334566,-0.14781396,-0.2523768,0.38729537,-0.34108564
TCGA-69-8453-01,-0.27101198,0.13237123,0.06278606,-0.3317134,-0.07188597,0.34165135,0.073527396,-0.21454875,-0.0111802975,0.106519945,-0.34591782,0.19001436,-0.3758466,-0.42201528,0.14295481,-0.33866513
TCGA-49-6767-01,-0.25352055,0.2706993,0.4210476,-0.06626877,-0.19671787,-0.18910524,0.07529994,-0.067103624,-0.39689353,-0.23429807,-0.25244004,0.011221647,-0.096727714,-0.23885697,0.42234617,-0.2740216
TCGA-55-6968-01,-0.32940844,0.36848038,0.32171154,-0.30985668,-0.09436462,-0.02685829,-0.0022609378,-0.1971854,-0.3169666,-0.19177893,-0.2581922,0.19525416,-0.13247228,-0.19575778,0.3405411,-0.30629545
TCGA-49-4487-01,-0.49417108,0.2923341,0.45722726,-0.2113513,-0.043875325,0.13364168,-0.11100972,-0.13298744,-0.12982538,-0.41421878,-0.085408375,0.08376632,-0.0007773806,-0.0020200883,0.38067275,-0.13840471
TCGA-17-Z007-01,-0.27679732,-0.10808623,0.4529701,0.4775128,0.015452958,-0.14135136,0.043643072,0.14904067,0.0031768058,-0.3879606,0.046485715,-0.35528648,0.098626316,0.007262618,0.32115027,0.20574993
TCGA-49-4506-01,-0.34741828,0.35179424,0.34830123,-0.27096808,-0.11319924,0.0052580154,-0.00091235584,-0.2106512,-0.27144358,-0.23053579,-0.2757861,0.13255957,-0.1311579,-0.22388685,0.3806694,-0.26625583
TCGA-86-8668-01,-0.2242104,0.26873937,0.16763356,-0.36762828,-0.089487806,0.060223617,0.04242151,-0.17964157,-0.26720217,0.01006709,-0.35258067,0.26931396,-0.26628348,-0.34137708,0.23769736,-0.39530364
TCGA-75-6207-01,-0.2175189,0.29384676,0.3124776,-0.2186471,-0.16735536,-0.14893739,0.07543561,-0.12366362,-0.3977912,-0.10940958,-0.33739975,0.10557241,-0.16682664,-0.31786367,0.36094,-0.30883482
TCGA-73-7498-01,-0.16931051,0.22410509,0.2589277,-0.16182569,-0.17848197,-0.15795591,0.10282206,-0.069473445,-0.3881139,-0.006006469,-0.35006395,0.13149084,-0.22691636,-0.3838118,0.3379884,-0.39004245
TCGA-95-8039-01,-0.3282118,0.19372599,0.16794993,-0.36003885,-0.069769844,0.24400702,0.0254619,-0.20142384,-0.13672364,0.005160094,-0.3750283,0.1743084,-0.28178364,-0.3873298,0.25749496,-0.32527715
TCGA-05-4425-01,-0.18214709,0.37275684,0.29588538,-0.24652576,-0.17860506,-0.17663507,0.054030415,-0.13343807,-0.38362652,-0.1501062,-0.25617656,0.2672954,-0.10311984,-0.22163661,0.31125692,-0.36375144
TCGA-64-1680-01,-0.13950638,0.4139327,0.36982003,-0.11081626,-0.2530684,-0.25889015,0.097297885,-0.11372518,-0.3791587,-0.22731724,-0.16619305,0.19201303,-0.05029674,-0.19031133,0.32168305,-0.3233124
TCGA-67-3770-01,-0.46735665,-0.13953464,0.14632837,0.17354344,0.14250879,0.20719771,0.13751067,-0.10672882,0.08785135,0.12747206,-0.18868652,0.106290765,-0.498192,-0.41856906,0.19360766,-0.29204834
TCGA-L9-A743-01,-0.6179122,0.17259651,0.3094328,-0.11639501,0.17123412,0.20752949,0.02269518,-0.297423,-0.026091846,-0.238505,-0.16679363,0.13261166,-0.28718656,-0.119849764,0.32138318,-0.120974295
TCGA-97-A4M3-01,-0.15623356,0.23270364,0.22411461,-0.23543651,-0.16299106,-0.11543072,0.08160745,-0.084429994,-0.3835829,0.015552862,-0.3824661,0.13536096,-0.2260898,-0.39488202,0.31260848,-0.3812487
TCGA-99-AA5R-01,0.2063454,0.35380498,-0.00038197904,-0.11336186,-0.31184304,-0.1753165,0.21471912,-0.1197889,-0.15057132,0.07817396,-0.06909485,0.539269,-0.16869262,-0.17955674,-0.019550355,-0.49548852
TCGA-44-3917-01,-0.60712713,-0.050083384,0.22369944,0.10746191,0.22623016,0.34262076,0.10147299,-0.32424584,0.18066114,-0.2022842,-0.1231083,-0.079329245,-0.33887687,-0.13353413,0.23334682,0.034231592
TCGA-J2-A4AD-01,-0.25886932,0.014843123,0.10946163,-0.08099803,-0.036056887,0.13576227,0.12974001,-0.052152522,-0.12234882,0.1902133,-0.34836647,0.1406142,-0.4441368,-0.5078458,0.18575819,-0.4393031
TCGA-17-Z004-01,-0.2763199,-0.107925974,0.45290357,0.4775777,0.015195897,-0.14174728,0.043817494,0.14897783,0.0028986533,-0.38804355,0.04634715,-0.35544142,0.09872383,0.0072065927,0.32113352,0.20581955
TCGA-MP-A4SW-01,-0.16778561,0.2741226,0.29702127,-0.18093182,-0.19859174,-0.16193157,0.08488776,-0.077123225,-0.38609847,-0.058901276,-0.34179923,0.0997262,-0.17771706,-0.3694935,0.35235578,-0.35405594
TCGA-78-7166-01,-0.14995477,0.30507064,0.16203795,-0.35028324,-0.15158148,-0.04740372,0.07019866,-0.13733074,-0.32690784,-0.004022811,-0.30339485,0.37340707,-0.18727785,-0.2726448,0.21543421,-0.43851203
TCGA-78-7159-01,-0.38507062,0.29854628,0.3865902,-0.25296855,-0.09934246,0.014599187,-0.012582385,-0.16776137,-0.28408608,-0.24280839,-0.28704712,0.04966935,-0.12915742,-0.22435449,0.40873453,-0.2283789
TCGA-50-5944-01,-0.17222685,0.2900425,0.3650347,-0.0916694,-0.22064483,-0.23539816,0.09254158,-0.050518107,-0.41497064,-0.15196921,-0.27992576,0.06669557,-0.121658914,-0.2923846,0.38451952,-0.32109228
TCGA-86-A456-01,-0.48186228,0.0079645645,0.0335106,-0.082646154,0.21840367,0.3299783,0.14145386,-0.3124241,0.068794996,0.0735968,-0.19832896,0.20654072,-0.5100805,-0.24528176,0.09411274,-0.253462
TCGA-69-7974-01,-0.3227752,0.332695,0.38373977,-0.18542917,-0.12850946,-0.09732387,0.038254894,-0.17671694,-0.33597377,-0.24487354,-0.27533633,0.07032608,-0.11864392,-0.22370636,0.40718564,-0.24757382
TCGA-55-7994-01,-0.48983166,-0.023523927,0.27504912,0.0663001,0.0575968,0.14085147,0.16013514,-0.12559181,-0.104571454,-0.010324017,-0.28049564,0.015780235,-0.45558697,-0.38015822,0.30792186,-0.27933216
TCGA-75-7025-01,-0.3844909,0.32465255,0.28285503,-0.33342326,-0.030123271,0.07936988,0.042689797,-0.315908,-0.24625957,-0.2315726,-0.33015844,0.1158742,-0.18173313,-0.1909725,0.33949926,-0.15907189
TCGA-NJ-A4YI-01,-0.3805319,0.3201023,0.3154695,-0.31155798,-0.050321642,0.051258873,0.039111454,-0.2653091,-0.26661372,-0.23154251,-0.32015577,0.13027455,-0.1734289,-0.2044043,0.3557372,-0.19102
TCGA-44-2668-01,-0.17381881,0.2344709,0.29439217,-0.15862408,-0.18937173,-0.16798806,0.09279203,-0.063012235,-0.4034163,-0.050094146,-0.35838383,0.067070946,-0.19252528,-0.37302378,0.36470014,-0.3448318
TCGA-55-8092-01,-0.21063031,0.29848874,0.36757213,-0.11473301,-0.20483719,-0.2020114,0.084752865,-0.05562039,-0.4106476,-0.16454293,-0.2639229,0.104468174,-0.13292897,-0.25303093,0.37999123,-0.35051408
TCGA-75-6203-01,-0.012741672,0.4569887,0.31718218,-0.010088237,-0.27225456,-0.32114747,0.08163244,-0.06488034,-0.2724961,-0.27953207,0.015058334,0.40292838,0.036845125,0.0039925207,0.20940866,-0.37678272
TCGA-69-8255-01,-0.25058287,0.32883924,0.38432634,-0.11298995,-0.1843342,-0.19291593,0.083368964,-0.14472601,-0.38777265,-0.22712411,-0.24567056,0.083334625,-0.11305089,-0.22706985,0.39214015,-0.2866027
TCGA-44-7659-01,0.047857665,0.30090395,0.1878915,-0.09549489,-0.27368692,-0.26479536,0.17750518,-0.04980076,-0.36072028,0.020312116,-0.24098633,0.30089593,-0.20229498,-0.30241358,0.21122395,-0.47707155
TCGA-93-A4JQ-01,-0.5049647,0.017676678,0.31984457,0.05642644,0.050256807,0.09700627,0.09587319,-0.12642395,-0.09867448,-0.04804054,-0.27086192,0.048268475,-0.38450888,-0.3938413,0.36552656,-0.27891698
TCGA-38-6178-01,-0.43009502,0.3068572,0.40216538,-0.24805276,-0.07479393,0.047840253,0.014820812,-0.21411532,-0.26302615,-0.3031412,-0.25324416,0.03801906,-0.13237889,-0.15261133,0.3859205,-0.16503814
TCGA-44-2662-01,-0.2785946,0.29341748,0.4386066,-0.07903068,-0.17883609,-0.1846873,0.06369383,-0.06266138,-0.38158047,-0.24154054,-0.23427413,0.02944387,-0.09672534,-0.22952528,0.41342798,-0.2663407
TCGA-55-A492-01,-0.27635697,0.2551282,0.28815642,-0.27325055,-0.12169796,-0.027576724,0.014022286,-0.118229166,-0.32442424,-0.07486447,-0.37738964,0.09448718,-0.19053525,-0.36421487,0.36891112,-0.32223073
TCGA-50-5045-01,-0.028344441,0.29121163,0.1917128,-0.18833011,-0.24187322,-0.21564952,0.13362874,-0.090287566,-0.39321077,0.021475505,-0.2941551,0.24541569,-0.20763437,-0.33242065,0.24917829,-0.4400195
TCGA-NJ-A4YP-01,-0.12762,0.27701858,0.2500137,-0.10772038,-0.20292588,-0.2136402,0.14878906,-0.08506057,-0.3908098,-0.025327552,-0.28482196,0.21856987,-0.22352794,-0.32398736,0.29742965,-0.43703744
TCGA-49-6761-01,-0.24882674,0.30784002,0.32337928,-0.22037412,-0.15315282,-0.13108625,0.051555533,-0.13875455,-0.38712862,-0.1494103,-0.32890406,0.09948327,-0.14257534,-0.2852051,0.3800914,-0.3020342
TCGA-44-2656-01,-0.22719249,0.26102707,0.3910094,-0.094250485,-0.19225411,-0.1901603,0.08217818,-0.06378927,-0.39445055,-0.17215532,-0.30692482,-0.0022115426,-0.13186938,-0.30883813,0.4114119,-0.27030593
TCGA-05-4434-01,-0.17972727,0.30286193,0.061110877,-0.4395571,-0.07153453,0.102198,0.021620357,-0.17939544,-0.18525334,0.0051364074,-0.26856655,0.50665927,-0.1777401,-0.17989743,0.12439143,-0.43383333
TCGA-05-4382-01,-0.4052595,0.35776228,0.41401255,-0.24196304,-0.08989159,4.3169126e-05,0.012061212,-0.20609109,-0.2854606,-0.33719838,-0.17323773,0.12927537,-0.08934621,-0.07509429,0.3627027,-0.20007429
TCGA-J2-A4AE-01,-0.16941161,0.15670045,0.15510587,-0.19342345,-0.13026638,-0.006556976,0.123793595,-0.08699076,-0.29073313,0.11619683,-0.3819285,0.15739733,-0.33878973,-0.47057545,0.23983665,-0.42773527
TCGA-17-Z011-01,-0.27679536,-0.10808595,0.45297,0.4775137,0.015451939,-0.14135365,0.043644406,0.14903969,0.0031751706,-0.38796067,0.046485428,-0.3552866,0.0986259,0.007262294,0.32115027,0.2057497
TCGA-35-4123-01,-0.58768004,0.14037399,0.15696998,-0.1161534,0.2647932,0.20534326,0.10395132,-0.4596572,-0.041678596,-0.19471152,-0.16176777,0.13414356,-0.3455255,-0.02676698,0.23291314,-0.06525596
TCGA-55-8206-01,-0.17476355,0.30990228,0.37658763,-0.084712856,-0.22082876,-0.24469806,0.09717581,-0.06346827,-0.41034645,-0.17713831,-0.2637572,0.07634345,-0.111745626,-0.2724606,0.38178962,-0.30767903
TCGA-75-5146-01,-0.24870387,0.3350081,0.25082383,-0.35711285,-0.1098704,-0.044387855,0.045652084,-0.2052358,-0.3364631,-0.09574587,-0.3274452,0.24434611,-0.16899772,-0.27712095,0.28784493,-0.31577703
TCGA-73-7499-01,-0.57930565,0.16667502,0.37923473,-0.050636653,0.09282956,0.105360776,0.031558927,-0.22312808,-0.10836859,-0.2352986,-0.20597781,0.08297605,-0.2707896,-0.2020632,0.3954607,-0.18103662
TCGA-69-7980-01,-0.38520008,0.3075531,0.37126938,-0.21302505,-0.08207982,-5.24178e-05,0.05767872,-0.24084154,-0.2871694,-0.26665744,-0.30171242,0.03809689,-0.16015245,-0.21048295,0.3964397,-0.18047754
TCGA-55-7281-01,-0.20723751,0.31073806,0.35722852,-0.14923778,-0.19153316,-0.19216718,0.08023472,-0.0858223,-0.4010992,-0.15547115,-0.29323235,0.1003792,-0.13080609,-0.28817853,0.3760452,-0.3170395
TCGA-67-4679-01,0.06389787,0.19724391,0.037084177,-0.21926126,-0.21611847,-0.12243617,0.17640096,-0.084722534,-0.33533576,0.19059877,-0.2861514,0.29670912,-0.31890514,-0.36775976,0.10063154,-0.49172834
TCGA-86-8669-01,-0.38527638,0.27798,0.38863358,-0.17838198,-0.08630806,-0.0409111,0.022161888,-0.17090443,-0.30228606,-0.23219712,-0.29137486,0.046603583,-0.1601318,-0.2403358,0.42295545,-0.2407329
TCGA-L4-A4E5-01,-0.6350982,0.027745217,0.2790379,-0.011312358,0.17641225,0.3122056,0.025969159,-0.28078225,0.10429229,-0.1931962,-0.15299907,0.042247016,-0.32805803,-0.17440642,0.30108005,-0.08774732
TCGA-17-Z023-01,-0.28424495,-0.11243272,0.45371696,0.47707465,0.019758597,-0.13844326,0.042266212,0.15012608,0.0018019272,-0.38373116,0.04283376,-0.35468504,0.09223404,0.0022467512,0.3248293,0.20076819
TCGA-99-8028-01,-0.058768325,0.13148348,0.20126441,0.097925924,-0.18309744,-0.3152704,0.23332824,-0.018682983,-0.3920832,0.0730829,-0.22982861,0.19158642,-0.32522845,-0.33125484,0.25596657,-0.46025127
TCGA-49-AAR4-01,-0.21954742,0.32027242,0.26227823,-0.3156833,-0.1447974,-0.09179909,0.032093413,-0.15474933,-0.36278838,-0.08147486,-0.32586497,0.21357442,-0.15496175,-0.300842,0.3156051,-0.34960952
TCGA-75-6212-01,-0.50558984,0.27040473,0.2393816,-0.31511813,0.10799515,0.2328587,0.040393595,-0.39824697,-0.10279446,-0.30776972,-0.24307692,0.11839148,-0.18970558,-0.030263038,0.26997003,-0.018949565
TCGA-55-7728-01,0.17957154,0.31439543,0.15073024,0.049789716,-0.39123502,-0.2463098,0.27213094,-0.026559273,-0.22913788,0.00971448,-0.10498579,0.3563337,-0.18850373,-0.24806882,0.102730155,-0.50694907
TCGA-50-5946-01,-0.51206183,0.2664557,0.38498628,-0.2544618,0.0050753388,0.14969686,-0.05359371,-0.2139317,-0.15933985,-0.30674097,-0.2170721,0.08206935,-0.1371503,-0.12298408,0.38751724,-0.15910684
TCGA-55-1595-01,-0.5649154,0.18090448,0.2892481,-0.17064075,0.13006207,0.28099543,0.043715037,-0.38313028,-0.025830597,-0.32901862,-0.20098999,-0.01867387,-0.20705283,-0.05443952,0.30867118,0.0028899729
TCGA-86-7955-01,-0.2154131,0.28753185,0.4137918,-0.054143198,-0.20250735,-0.24277976,0.077441506,-0.039192975,-0.40900916,-0.21046798,-0.24678448,0.030702496,-0.09361433,-0.24584086,0.4060427,-0.28597257
TCGA-49-4494-01,-0.011230895,0.3114294,0.20632386,-0.16246708,-0.2502106,-0.2577507,0.13722274,-0.09507105,-0.39425096,-0.01016956,-0.28731257,0.25038227,-0.17825052,-0.3198836,0.26236397,-0.41629383
TCGA-44-7660-01,-0.4077262,0.34968826,0.41703573,-0.22194809,-0.09976661,0.0068429806,0.0053629964,-0.2127472,-0.2781153,-0.35845846,-0.17442153,0.084919244,-0.07238113,-0.06807933,0.38062564,-0.18650232
TCGA-95-7043-01,-0.34907416,0.27151555,0.358814,-0.2545495,-0.10980598,0.0074810106,0.009475479,-0.14923935,-0.29285714,-0.17571515,-0.34217465,0.053724535,-0.16244708,-0.30292517,0.39648587,-0.25385717
TCGA-73-4676-01,-0.10865343,0.35841322,0.32342094,-0.087718554,-0.24248916,-0.27370805,0.11355883,-0.04730556,-0.40646982,-0.16045919,-0.22287056,0.21626024,-0.08853899,-0.21570642,0.31950197,-0.39336187
TCGA-38-7271-01,-0.0081589185,0.26045695,0.11800629,-0.24008502,-0.20348197,-0.16551518,0.14604963,-0.09573592,-0.37926114,0.09615123,-0.30094525,0.3079467,-0.25012264,-0.33061796,0.17829366,-0.46807244
TCGA-86-8278-01,-0.23980421,0.07975526,0.06873497,-0.20512642,-0.06993554,0.2100683,0.07359752,-0.096534684,-0.08429191,0.17992859,-0.3165944,0.26797414,-0.37264037,-0.47480968,0.17362264,-0.46862033
TCGA-17-Z057-01,-0.28424332,-0.11243324,0.45371652,0.47707283,0.019756008,-0.13844095,0.0422694,0.15011737,0.0018001884,-0.3837329,0.042829927,-0.3546908,0.09223329,0.0022439728,0.32483074,0.20076872
TCGA-55-7574-01,-0.07388694,0.46867308,0.32902804,-0.06782846,-0.22444104,-0.27648675,0.066751406,-0.0989199,-0.28351244,-0.31949282,0.03617053,0.42801052,0.069107324,0.049063418,0.19577603,-0.32939175
TCGA-86-8358-01,-0.5072456,0.2805502,0.40600595,-0.17205462,0.008511995,0.050231025,-0.005408417,-0.22262436,-0.20870854,-0.31722116,-0.19724807,0.09098767,-0.1512094,-0.11460417,0.40059677,-0.17179385
TCGA-NJ-A7XG-01,-0.24218392,0.26845655,0.32116595,-0.20209707,-0.15485539,-0.1235272,0.06592695,-0.11316737,-0.37992078,-0.108970456,-0.3523681,0.07011742,-0.18217269,-0.3360286,0.3808004,-0.3041213
TCGA-55-8616-01,-0.34451622,0.19657722,0.3931888,-0.15860276,-0.12631041,-0.0135483965,0.034849957,-0.081701316,-0.30033094,-0.16425951,-0.35459387,-0.048289057,-0.1820297,-0.34997085,0.42522585,-0.23917826
TCGA-35-4122-01,-0.55583346,0.29367563,0.27230442,-0.16697773,0.16981079,0.1527388,-0.02692025,-0.3390118,-0.06725129,-0.3881534,0.033340354,0.2554561,-0.08955509,0.20451559,0.23362595,-0.09471495
TCGA-05-4389-01,-0.2568955,0.33443934,0.42713192,-0.13683951,-0.19560769,-0.18884872,0.05068982,-0.071783364,-0.39698637,-0.24157508,-0.20801467,0.07739645,-0.0702848,-0.19764483,0.38589558,-0.28496292
TCGA-55-A494-01,-0.3369021,0.27905074,0.40044558,-0.16979928,-0.12422823,-0.094872884,0.01836027,-0.11868194,-0.35176772,-0.22898242,-0.28857735,0.027374292,-0.12583809,-0.24010958,0.42896733,-0.2507642
TCGA-86-8280-01,-0.536655,0.22242388,0.3479906,-0.20631751,0.063071534,0.16341023,0.024114551,-0.25013268,-0.14931948,-0.24487646,-0.25829083,0.08120334,-0.25522327,-0.17518112,0.35454345,-0.1671482
TCGA-44-5644-01,-0.28190446,0.291052,0.41292304,-0.13157116,-0.15962727,-0.16616982,0.045941558,-0.07718253,-0.3916219,-0.22487612,-0.27240148,0.030796437,-0.10180706,-0.239085,0.416132,-0.25896153
TCGA-55-8205-01,-0.27939096,0.44742805,0.36335513,-0.19836667,-0.13862553,-0.12393703,0.054660548,-0.23974434,-0.32979485,-0.34007642,-0.13521445,0.21168771,-0.028115738,-0.042469382,0.321426,-0.24881695
TCGA-78-7535-01,-0.24550563,0.33833426,0.47391602,-0.018771283,-0.2148755,-0.21858767,0.04508131,-0.011606649,-0.35152048,-0.32966244,-0.12759463,0.08617371,-0.004641288,-0.11577358,0.39795482,-0.2764881
TCGA-75-5126-01,-0.04892962,0.3793039,0.32494184,-0.0550007,-0.2740129,-0.29644394,0.13067633,-0.054248005,-0.37067878,-0.16926204,-0.14894462,0.28946695,-0.08921846,-0.18447278,0.27962258,-0.41223058
TCGA-44-3396-01,-0.17100827,0.1874419,0.19419007,-0.17251952,-0.14195314,-0.09147843,0.10766276,-0.07988923,-0.3428843,0.06917153,-0.38143036,0.14480443,-0.28552482,-0.43743998,0.29786775,-0.4138132
TCGA-17-Z019-01,-0.27679473,-0.1080865,0.4529703,0.47751462,0.015452616,-0.14135458,0.04364416,0.1490415,0.003175509,-0.38796067,0.046487547,-0.35528496,0.09862604,0.007263816,0.32114896,0.20575
TCGA-69-8254-01,-0.067580655,0.21285981,-0.056592047,-0.41662064,-0.08335837,0.1547478,0.10484438,-0.21710573,-0.14484602,0.15663218,-0.24866256,0.47124678,-0.32162535,-0.24919248,-0.0030421813,-0.43515036
TCGA-62-A46V-01,-0.16291156,0.3085387,0.20578186,-0.31268823,-0.1610073,-0.090584636,0.07186603,-0.13212599,-0.35644332,-0.027278006,-0.31962493,0.29930788,-0.18475655,-0.29131588,0.26112297,-0.41793093
TCGA-50-6590-01,-0.4744766,0.3231735,0.32522467,-0.2645035,0.021721827,0.08859331,-0.0050144065,-0.2972266,-0.22247787,-0.29622877,-0.21857928,0.1368923,-0.1449422,-0.082538776,0.3603343,-0.19126473
TCGA-17-Z041-01,-0.27678984,-0.10802917,0.45298457,0.47750175,0.015447133,-0.14138004,0.04360175,0.14907897,0.0032013066,-0.3879932,0.0465356,-0.35520875,0.09869272,0.007320483,0.3211558,0.20576404
TCGA-17-Z048-01,-0.27679944,-0.10808722,0.4529708,0.47751185,0.015455079,-0.14134987,0.043641288,0.14904289,0.0031773492,-0.38796028,0.046486773,-0.35528526,0.09862643,0.0072639002,0.32114995,0.20574974
TCGA-MP-A4SV-01,-0.19740567,0.3419501,0.42617992,-0.06776984,-0.23061074,-0.24859881,0.06538201,-0.04427329,-0.39542767,-0.24400666,-0.18319662,0.084098265,-0.056375872,-0.20226355,0.38009056,-0.30260187
TCGA-55-8091-01,-0.17152284,0.2733221,0.32441178,-0.13402171,-0.20285252,-0.20016456,0.10308491,-0.08464862,-0.40616524,-0.10390294,-0.3324037,0.063779384,-0.1628234,-0.34281448,0.3721726,-0.31747684
TCGA-64-5778-01,-0.35458255,0.30611777,0.3028518,-0.33000174,-0.07424312,0.06964391,-0.016129507,-0.18895753,-0.24235012,-0.14667763,-0.34338316,0.12902547,-0.16067012,-0.30169278,0.35765934,-0.272129
TCGA-67-6216-01,0.15744989,0.38045257,0.17726249,0.00882985,-0.36983657,-0.29444128,0.25044245,-0.09060148,-0.25967336,-0.035380207,-0.10370462,0.3603782,-0.14630516,-0.24144232,0.1251359,-0.44709393
TCGA-44-6146-01,-0.10527359,0.2583885,1.3044958e-06,-0.40737718,-0.09492894,0.09939086,0.089228556,-0.2305907,-0.19392152,0.10076184,-0.29722747,0.42678168,-0.2970525,-0.2695194,0.08745257,-0.43519974
TCGA-91-6848-01,-0.0570371,0.41916436,0.4146578,0.13166963,-0.29320621,-0.3214851,0.08114051,0.02625049,-0.23988633,-0.37004966,0.038141757,0.24010345,0.09585606,0.011800761,0.27979016,-0.30655804
TCGA-55-6985-01,-0.29486945,0.27767846,0.30476844,-0.28531268,-0.09325641,-0.04393652,0.029852744,-0.15453877,-0.35473344,-0.13620807,-0.35048336,0.1343311,-0.19529104,-0.2721808,0.3675762,-0.30602902
TCGA-55-8511-01,-0.25143257,0.26780632,0.40210897,-0.0838587,-0.17619307,-0.19528425,0.07765834,-0.0701839,-0.3967931,-0.19657871,-0.28582728,0.008734185,-0.13227707,-0.2726525,0.41829127,-0.2674608
TCGA-67-3774-01,-0.24386783,0.24075124,0.05476612,-0.3402379,-0.007185396,0.117215544,0.0604741,-0.20828833,-0.18305105,0.06375168,-0.2970619,0.42839122,-0.31357607,-0.2561334,0.156576,-0.4529755
TCGA-78-7162-01,-0.13795766,0.3057297,0.24308008,-0.2475952,-0.1922128,-0.15559226,0.07315678,-0.094524875,-0.3908715,-0.034362044,-0.2879938,0.2614799,-0.17570372,-0.29713824,0.28544945,-0.43098298
TCGA-05-4418-01,-0.16799077,0.28641272,0.24202672,-0.23855714,-0.18045345,-0.11761729,0.06296055,-0.08914127,-0.3565815,-0.030375512,-0.34257057,0.20681432,-0.19004533,-0.34358773,0.31814027,-0.41517475
TCGA-86-7954-01,-0.20244654,0.42262644,0.44223407,-0.034416653,-0.22559707,-0.23695073,0.05924863,-0.05859797,-0.32734323,-0.34188595,-0.04631949,0.21690774,0.031265177,-0.060944773,0.3200608,-0.29882815
TCGA-73-A9RS-01,-0.47012883,0.33856887,0.37161988,-0.3001009,-0.02379616,0.13477306,-0.028453685,-0.2598658,-0.17783864,-0.34440258,-0.18274361,0.116746314,-0.10284756,-0.0582925,0.34422168,-0.13924628
TCGA-97-7547-01,-0.17314667,0.31035346,0.3385839,-0.1454565,-0.20322724,-0.21770318,0.099449664,-0.10272141,-0.41431043,-0.14423653,-0.30521604,0.089665264,-0.13636528,-0.29744408,0.36916342,-0.30292308
TCGA-78-7153-01,-0.44924343,0.36453953,0.2531339,-0.3163823,0.081598796,0.12789409,0.042742793,-0.40292695,-0.15949073,-0.2923725,-0.1948518,0.22886352,-0.16679695,-0.02983292,0.26401883,-0.11934178
TCGA-55-1596-01,-0.54028445,0.29512638,0.40382317,-0.122205965,0.06894241,0.107567996,0.01956859,-0.27459854,-0.13960837,-0.42123616,-0.08007836,0.10110999,-0.1077672,0.047667112,0.33966148,-0.08973545
TCGA-05-4415-01,-0.3568513,0.3260346,0.32454586,-0.29231536,-0.08567907,0.013515566,0.032925066,-0.24353959,-0.29187903,-0.22342251,-0.31745476,0.109096415,-0.16067967,-0.2206842,0.37164342,-0.21732987
TCGA-64-1678-01,-0.18704547,0.28194132,0.36291203,-0.11886158,-0.20737024,-0.21241379,0.08828651,-0.07421619,-0.40464854,-0.14221251,-0.30973697,0.03307859,-0.13748702,-0.3223478,0.38888413,-0.2884919
TCGA-44-A47F-01,-0.5112081,0.3275324,0.3649,-0.13742502,0.06273371,0.023006482,0.02019521,-0.28058904,-0.1890203,-0.34081355,-0.13007288,0.18941846,-0.16304708,-0.014005596,0.3601758,-0.18590432
TCGA-05-4390-01,-0.41519812,0.33734643,0.37109426,-0.28258014,-0.05041066,0.050166644,0.010830033,-0.24329396,-0.25563058,-0.2882794,-0.26121837,0.09662219,-0.12732223,-0.15237448,0.368402,-0.1752323
TCGA-J2-A4AG-01,-0.14954232,0.16009523,0.031088931,-0.33485562,-0.0979508,0.18690513,0.07990002,-0.1407644,-0.14544012,0.16282173,-0.34485322,0.28500572,-0.36379555,-0.40644667,0.11644853,-0.45745286
TCGA-50-6597-01,-0.25056815,0.175795,0.32510257,-0.18628988,-0.16918595,-0.06143757,0.025911113,-0.05706444,-0.34509245,-0.08809484,-0.3901427,-0.010184546,-0.18690579,-0.3911197,0.41899496,-0.29489014
TCGA-55-8508-01,-0.35033605,0.1323403,0.296775,-0.053953744,-0.035926975,-0.054030824,0.10654106,-0.09493487,-0.2826503,-0.009587338,-0.33583903,0.075059354,-0.345892,-0.41317973,0.35489666,-0.3598267
TCGA-55-A57B-01,-0.20220831,0.37842765,0.41202554,-0.09366226,-0.22793242,-0.23658606,0.084168315,-0.079318225,-0.38934538,-0.25572532,-0.16824616,0.1486833,-0.050238606,-0.17021649,0.34888023,-0.30895165
TCGA-78-7145-01,-0.34863448,0.33861595,0.44933024,-0.1737334,-0.1617551,-0.05465253,-0.029375287,-0.11150851,-0.27790588,-0.32111797,-0.19238798,0.08237858,-0.035733446,-0.16701706,0.4182563,-0.24699397
TCGA-44-A47B-01,-0.24269845,0.33385137,0.358569,-0.18831381,-0.20343204,-0.1255894,0.054711428,-0.14347668,-0.36496195,-0.19079703,-0.27222994,0.10294649,-0.11709684,-0.2642792,0.37844074,-0.3221652
TCGA-64-1681-01,-0.58645755,0.18274374,0.41997632,-0.08978268,0.06318437,0.13984208,0.0013566583,-0.20428881,-0.09699803,-0.28737587,-0.18466109,0.038287167,-0.2137802,-0.16494818,0.39124513,-0.13930415
TCGA-78-8660-01,-0.18634497,0.32332334,0.22344401,-0.361884,-0.1436144,-0.060553737,0.043951344,-0.15818118,-0.35060447,-0.024386806,-0.27044106,0.31102136,-0.18569101,-0.27673233,0.23714657,-0.4097731
TCGA-78-7539-01,-0.17143098,0.35835394,0.39116007,-0.08130755,-0.24110307,-0.2483607,0.09060661,-0.04780364,-0.3971725,-0.2118716,-0.19198094,0.14453238,-0.07498416,-0.20115553,0.35310307,-0.3480207
TCGA-86-8279-01,-0.2567758,0.2796101,0.42614087,-0.07313931,-0.182316,-0.20036949,0.06143567,-0.05151196,-0.39033014,-0.22829925,-0.25698766,0.013383693,-0.09800202,-0.2461225,0.42241117,-0.26422006
TCGA-49-4488-01,-0.43733922,0.23824666,0.47098464,-0.17621064,-0.10986303,0.08726739,-0.038879443,-0.0944757,-0.19770885,-0.32641342,-0.24179748,-0.021133516,-0.068941996,-0.20529942,0.43583634,-0.16604838
TCGA-05-4405-01,-0.2625488,0.42031854,0.39454898,-0.18154165,-0.16154899,-0.15547131,0.05833427,-0.16933374,-0.33803627,-0.2999292,-0.18172623,0.19614899,-0.05522157,-0.12792876,0.34791383,-0.259314
TCGA-NJ-A55R-01,-0.56000674,0.09652225,0.24471584,-0.08698723,0.14297469,0.21803653,0.060798187,-0.24945466,-0.031028988,-0.08892323,-0.2691029,0.13535225,-0.38311177,-0.28824595,0.30769315,-0.22710207
TCGA-73-4675-01,-0.052398127,0.4548386,0.4097565,0.09547991,-0.29659584,-0.3297493,0.098832585,-0.07427136,-0.25002518,-0.3827433,0.04142446,0.23268928,0.100613095,-0.02611608,0.27218437,-0.2271939
TCGA-NJ-A4YG-01,-0.030255236,0.33101216,0.24726272,-0.13058506,-0.2572,-0.25796866,0.14205216,-0.08894558,-0.38289836,-0.047892567,-0.28360096,0.21959163,-0.1617116,-0.33061013,0.28329724,-0.39657104
TCGA-55-8507-01,-0.36262214,0.27400246,0.40016547,-0.1698557,-0.10998335,-0.060145058,0.029421395,-0.13734615,-0.32430625,-0.22237974,-0.29229358,0.032934975,-0.15126939,-0.2561199,0.42118713,-0.24894814
TCGA-35-5375-01,-0.5510861,0.25363603,0.37848702,-0.24355698,0.054622043,0.22057797,-0.06726867,-0.24965854,-0.09009628,-0.39145398,-0.12440354,0.053087097,-0.08925418,0.023616038,0.34542257,-0.05847178
TCGA-55-8094-01,-0.25189167,0.3032294,0.38512865,-0.14851172,-0.17139207,-0.16861115,0.064738795,-0.11676684,-0.38800833,-0.20516248,-0.29377306,0.04486112,-0.117088795,-0.26619092,0.40495402,-0.26283023
TCGA-97-A4M2-01,0.1182703,0.29564708,-0.043525536,-0.27978286,-0.22029722,-0.091742076,0.16090047,-0.16498455,-0.20625645,0.13426636,-0.16383962,0.5479107,-0.21573117,-0.20750798,-0.006392944,-0.48074588
TCGA-50-6594-01,-0.36858377,0.30119634,0.3842525,-0.22280504,-0.10421876,-0.021712279,0.008051624,-0.16620202,-0.29611453,-0.22370376,-0.29163307,0.057239138,-0.14389199,-0.25008383,0.40886754,-0.24625388
TCGA-44-5643-01,-0.3504697,0.3309274,0.32496575,-0.29101944,-0.09354155,0.026755242,0.0047028954,-0.23315437,-0.26698193,-0.21035539,-0.31710225,0.098165885,-0.14706247,-0.2496834,0.38162115,-0.24122816
TCGA-05-4402-01,-0.17970873,0.41360256,0.44908825,-0.007707589,-0.24558103,-0.25560683,0.06795487,-0.072582826,-0.31447223,-0.36353886,-0.07174001,0.16563573,0.040482167,-0.081077345,0.34742722,-0.25848374
TCGA-55-7910-01,-0.27367297,0.33426982,0.42502046,-0.13664114,-0.19324069,-0.15708171,0.035778467,-0.09596454,-0.36165342,-0.26570785,-0.21693668,0.083608,-0.075923,-0.19931923,0.4066135,-0.27436277
TCGA-05-5429-01,-0.15831704,0.33507475,0.26756182,-0.2479655,-0.18230471,-0.1679765,0.07677562,-0.11900863,-0.39401984,-0.09123015,-0.29150918,0.25967124,-0.14293508,-0.27329955,0.29967633,-0.38362163
TCGA-55-6642-01,-0.50435674,0.34215462,0.2868337,-0.3376629,0.093477145,0.16950597,-0.032146204,-0.28626224,-0.16263565,-0.2518784,-0.18051392,0.20830041,-0.16968341,-0.04793694,0.28032973,-0.19045286
TCGA-64-1679-01,-0.116165295,0.45442152,0.43010816,0.085495,-0.23425998,-0.2628459,0.046699584,-0.034735885,-0.19031852,-0.45131716,0.121600695,0.2668049,0.17569272,0.100745425,0.23735313,-0.19265833
TCGA-55-6979-01,-0.29553837,0.293301,0.32741165,-0.25614226,-0.103702195,-0.06676696,0.044177186,-0.15980427,-0.36471978,-0.1559041,-0.33207804,0.10705225,-0.19277067,-0.2646246,0.3720872,-0.29398167
TCGA-53-7626-01,-0.29784623,0.28539124,0.30969223,-0.27501073,-0.120612524,-0.000116685915,0.01693811,-0.15478034,-0.28499633,-0.11477689,-0.36793804,0.07849801,-0.18234009,-0.3581537,0.37412658,-0.28649315
TCGA-44-6775-01,-0.15937924,0.40109488,0.41506553,-0.04612358,-0.24146418,-0.2748676,0.09761092,-0.09792407,-0.3629352,-0.3076449,-0.13508144,0.17291228,-0.015205722,-0.13054633,0.34667495,-0.2727091
TCGA-44-6144-01,-0.19992903,0.18590538,0.18647002,-0.2700224,-0.13063651,0.017349144,0.05394114,-0.095261775,-0.29424775,0.052291915,-0.42607814,0.10707367,-0.26468092,-0.45653498,0.30201375,-0.3693468
TCGA-05-5425-01,-0.06827868,0.39558268,0.17691824,-0.29545233,-0.22839789,-0.15870415,0.11971899,-0.17403853,-0.3502135,-0.05514744,-0.1890365,0.4145263,-0.13901265,-0.19218507,0.16558398,-0.4258526
TCGA-69-7765-01,-0.2148074,0.3002543,0.20320846,-0.29520732,-0.1324492,-0.05417719,0.090381525,-0.14999683,-0.34279743,0.0019049869,-0.31876504,0.26880032,-0.22305015,-0.3280809,0.25395226,-0.41335157
TCGA-62-8397-01,-0.17026795,0.3738895,0.4090331,-0.056563083,-0.24104418,-0.2717945,0.09003144,-0.05652727,-0.39061677,-0.25306857,-0.16540408,0.13996853,-0.04098647,-0.17171732,0.3543734,-0.31162545
TCGA-05-4397-01,-0.19019833,0.30546317,0.27721328,-0.24509497,-0.15889183,-0.12795494,0.07995055,-0.12910046,-0.39235237,-0.065519564,-0.31518564,0.18691726,-0.19626358,-0.31109828,0.3136325,-0.37780935
TCGA-97-7552-01,-0.094290525,0.3419803,0.041061386,-0.40930745,-0.09997827,0.0007404717,0.0752649,-0.26390657,-0.22384182,0.028105669,-0.2933153,0.45909885,-0.22480822,-0.2434287,0.12841873,-0.38163352
TCGA-38-4631-01,-0.37453428,0.2755677,0.42841867,-0.18779184,-0.12837258,-0.0029898924,0.002492223,-0.13072227,-0.27404463,-0.2627207,-0.29013896,-0.008531412,-0.111513406,-0.25425127,0.4279087,-0.20696469
TCGA-69-8253-01,-0.15726215,0.36056447,0.3447759,-0.13341747,-0.21727067,-0.23410091,0.12548675,-0.13341378,-0.39595044,-0.18064517,-0.261017,0.15960874,-0.12239986,-0.25641882,0.3401542,-0.3059147
TCGA-91-6836-01,-0.1892267,0.3568459,0.39809433,-0.06956953,-0.21671246,-0.26127908,0.09830627,-0.08769675,-0.39624405,-0.24184054,-0.19947025,0.13105072,-0.076480694,-0.18919735,0.367919,-0.30245858
TCGA-53-7624-01,-0.30546662,0.30746773,0.46841693,-0.10771895,-0.19031999,-0.120936535,0.02474357,-0.08135135,-0.32453388,-0.30338627,-0.22143295,-0.007687303,-0.04819522,-0.2085267,0.42807057,-0.21806096
TCGA-49-4512-01,-0.54368055,0.2631035,0.42531922,-0.050931472,0.0521048,0.04762891,0.019554282,-0.23351079,-0.13381667,-0.35252637,-0.14630124,0.10238543,-0.15866597,-0.09748759,0.4016419,-0.14744839
TCGA-17-Z053-01,-0.2842507,-0.11243253,0.45371804,0.47706932,0.019760031,-0.13843553,0.042266864,0.15011723,0.0018021303,-0.38373414,0.042827293,-0.3546884,0.09223014,0.0022426823,0.32483298,0.2007678
TCGA-91-8499-01,-0.28270057,0.3023048,0.38520777,-0.19734998,-0.15654826,-0.12478397,0.06411234,-0.1383185,-0.38432574,-0.1942193,-0.28474036,0.080950245,-0.1499913,-0.25076267,0.3775722,-0.27756405
TCGA-78-7161-01,-0.18241368,0.32700947,0.35221082,-0.15798669,-0.2069997,-0.21643418,0.08488268,-0.0761969,-0.4172996,-0.14222524,-0.27470052,0.11072499,-0.11474731,-0.28049788,0.35549584,-0.3282735
TCGA-55-8207-01,-0.21339183,0.23672502,0.30976352,-0.17412543,-0.1690952,-0.1449628,0.07386447,-0.077391885,-0.3936884,-0.07366241,-0.36290538,0.052796114,-0.18875301,-0.36249715,0.38061124,-0.32295194
TCGA-86-8075-01,-0.30849022,0.29215962,0.42975196,-0.12105854,-0.15168074,-0.14211245,0.03666469,-0.086197965,-0.3663419,-0.25147593,-0.2588096,0.0177213,-0.10088619,-0.22286327,0.4274097,-0.24675725
TCGA-55-7815-01,-0.2156179,0.3870388,0.40408564,-0.11339168,-0.20097254,-0.21747822,0.086996816,-0.14296742,-0.3689111,-0.2856777,-0.20554651,0.12890089,-0.06360214,-0.17192295,0.3727248,-0.25054693
TCGA-NJ-A55A-01,0.029214058,0.209111,0.06925826,-0.22153682,-0.21139732,-0.13700528,0.16072418,-0.0849009,-0.3536804,0.1590865,-0.30409765,0.28655657,-0.29954174,-0.369355,0.14318,-0.48312208
TCGA-17-Z013-01,-0.27679664,-0.10808767,0.45297024,0.47751296,0.015453218,-0.1413525,0.04364332,0.14904112,0.003175206,-0.38795996,0.046485167,-0.35528687,0.09862498,0.0072621247,0.32115024,0.2057496
TCGA-86-7711-01,-0.27871642,0.26007423,0.3256072,-0.22688165,-0.12680121,-0.07471144,0.04052373,-0.12643814,-0.3566023,-0.12634283,-0.3705732,0.047195505,-0.17146693,-0.33493075,0.392913,-0.28152138
TCGA-64-5815-01,-0.20160711,0.27793354,0.22577511,-0.2751475,-0.13949512,-0.08955439,0.05985571,-0.115018204,-0.37059215,-0.0235616,-0.3642409,0.20074005,-0.19440497,-0.34192345,0.31182888,-0.3851393
TCGA-44-A479-01,-0.1457056,0.40566826,0.3213625,-0.10910783,-0.24016523,-0.23389675,0.041872256,-0.032230925,-0.3586286,-0.22136632,-0.07351176,0.3343098,-0.036842305,-0.030139726,0.26914766,-0.4629847
TCGA-93-7348-01,-0.4400472,0.18939888,0.19909477,-0.12793356,0.13578276,-0.0003429172,0.13495827,-0.26313218,-0.25450647,0.0010434972,-0.2180174,0.26679087,-0.4396974,-0.23085532,0.2226086,-0.35906175
TCGA-44-6777-01,-0.32229692,0.21724106,0.31373683,-0.21921295,-0.10683175,0.006148657,0.037133273,-0.13620786,-0.29360375,-0.1030534,-0.38590416,0.027883168,-0.22844973,-0.376557,0.38834944,-0.28238478
TCGA-55-6986-01,-0.0045343726,0.24617806,0.053115748,-0.31738907,-0.18420799,-0.06992981,0.14339025,-0.16608517,-0.31025845,0.11869001,-0.3251718,0.3451266,-0.2900098,-0.34748378,0.12830944,-0.43856627
TCGA-L9-A7SV-01,-0.56338507,0.26285496,0.32394782,-0.26975524,0.10902744,0.22410278,0.0027635924,-0.3049739,-0.10955813,-0.30354464,-0.17127264,0.102723785,-0.20502558,-0.03128088,0.29342556,-0.08676086
TCGA-55-8620-01,-0.07103191,0.46753573,0.32577327,-0.12327979,-0.2371037,-0.29008123,0.11598296,-0.18109152,-0.33707607,-0.28766462,-0.087506086,0.34909418,0.005986346,-0.076641575,0.24438687,-0.27730352
TCGA-78-7540-01,-0.12818101,0.32513097,0.21771832,-0.27427152,-0.175354,-0.13045885,0.09387293,-0.13461536,-0.36024615,-0.029856363,-0.29703552,0.30451113,-0.19627354,-0.2985434,0.25322986,-0.42086658
TCGA-17-Z059-01,-0.28428012,-0.11242342,0.45372093,0.4770531,0.019775901,-0.1384104,0.042264547,0.1500979,0.0018090495,-0.38374576,0.042817295,-0.35468632,0.09221976,0.0022447018,0.3248401,0.20077063
TCGA-78-7152-01,-0.1669126,0.34836933,0.21415274,-0.29598603,-0.14906293,-0.1352777,0.081617035,-0.16803916,-0.39570954,-0.056848712,-0.27980536,0.29011887,-0.18039681,-0.23355092,0.26164347,-0.40505224
TCGA-67-6215-01,-0.057072,0.4345899,0.27728203,-0.101313785,-0.25082624,-0.2856566,0.10322601,-0.09943203,-0.34258056,-0.21272561,-0.1285305,0.3855859,-0.028384507,-0.10972774,0.24652229,-0.39273325
TCGA-55-A493-01,-0.20551395,0.094040975,0.30049145,-0.09078672,-0.18852189,-0.06491243,0.12251162,-0.03566422,-0.33939958,-0.026449729,-0.41717684,-0.09227988,-0.26663914,-0.45867646,0.37565815,-0.27074796
TCGA-50-7109-01,-0.4756781,0.31609,0.35878617,-0.2241173,-0.0020425352,0.064576894,0.010087736,-0.26739022,-0.20951006,-0.2775629,-0.22103807,0.13769682,-0.17302114,-0.14244413,0.37152293,-0.20512955
TCGA-97-7553-01,-0.14570816,0.324348,0.34377775,-0.0926568,-0.23487438,-0.25234511,0.10579321,-0.05428549,-0.4095283,-0.14654152,-0.2397755,0.15867338,-0.12199518,-0.25603366,0.34905836,-0.3737389
TCGA-55-1594-01,-0.24751005,0.35647532,0.43685874,-0.10922975,-0.22449099,-0.19284675,0.03220353,-0.082135774,-0.37072405,-0.298973,-0.1450691,0.116749175,-0.027672548,-0.13541521,0.38325533,-0.29331502
TCGA-44-3398-01,0.06730155,0.24024536,0.07319088,-0.17747742,-0.25766832,-0.16635163,0.18828744,-0.08300634,-0.31980008,0.12812242,-0.24305843,0.36480758,-0.27674592,-0.31551,0.1232052,-0.51217735
TCGA-62-A46R-01,-0.25214347,0.30014813,0.372491,-0.1606029,-0.16886948,-0.17673667,0.055726953,-0.09213727,-0.40336832,-0.18115304,-0.28429228,0.08728055,-0.122124806,-0.25761038,0.39378968,-0.3002236
TCGA-62-A46U-01,-0.25951138,0.31364563,0.32538024,-0.24792705,-0.15401414,-0.10553692,0.04483308,-0.13532338,-0.3703427,-0.13935821,-0.32074842,0.12033868,-0.1515511,-0.2907077,0.36769325,-0.30845898
TCGA-64-1676-01,-0.2940173,0.17287345,0.32571772,-0.18404953,-0.14059316,-0.0092765335,0.05016977,-0.07871534,-0.30571806,-0.075449176,-0.38944963,0.0028427485,-0.22544517,-0.41140756,0.39540488,-0.29643694
TCGA-55-6972-01,-0.5001213,0.3021527,0.33105466,-0.26033992,0.05567756,0.13495532,0.019177211,-0.30723113,-0.16526324,-0.28777424,-0.2494191,0.10620566,-0.18440774,-0.120948955,0.3445071,-0.11916884
TCGA-49-AARN-01,-0.18339375,0.27177468,0.235207,-0.2578026,-0.16165009,-0.10491396,0.08356671,-0.12630431,-0.37363824,-0.038299475,-0.37547886,0.17651328,-0.19385171,-0.35887015,0.32133436,-0.35750672
TCGA-62-8394-01,-0.39236584,0.34388897,0.35940573,-0.28322253,-0.06512491,0.019307032,0.040302277,-0.24740914,-0.2975948,-0.28280357,-0.25635362,0.11942372,-0.15162303,-0.13588679,0.35192207,-0.19268827
TCGA-55-8619-01,0.13813642,0.22337726,-0.034705393,-0.18549389,-0.26538056,-0.0761169,0.19271973,-0.0882314,-0.21558274,0.214324,-0.1955426,0.39826465,-0.30536404,-0.3160718,0.012040794,-0.54009837
TCGA-05-4422-01,-0.15149876,0.3997233,0.27813834,-0.25944096,-0.17898044,-0.18835908,0.07827226,-0.18580572,-0.37182185,-0.16455545,-0.2352277,0.3187493,-0.10052725,-0.20484172,0.28225672,-0.3323213
TCGA-4B-A93V-01,-0.48163092,0.3325461,0.3003497,-0.26469305,0.079813495,0.19148985,0.0286053,-0.38049233,-0.09066502,-0.41238728,-0.16937587,0.101309,-0.09001605,0.04896452,0.28346628,0.021269182
TCGA-78-8648-01,-0.05608959,0.26517844,0.22029875,-0.18906693,-0.21168645,-0.22691828,0.15004806,-0.061032586,-0.4640233,0.022464056,-0.27288362,0.21393888,-0.21997496,-0.29771408,0.23782644,-0.43597284
TCGA-55-7724-01,-0.4373007,0.14915934,0.13594438,-0.26052955,0.0795997,0.26392794,0.09239034,-0.26992214,-0.07556488,0.019884678,-0.29350355,0.24131364,-0.40119272,-0.3156781,0.19243357,-0.307659
TCGA-MP-A4TH-01,-0.14529578,0.25267404,0.2159907,-0.23099235,-0.1702215,-0.13130413,0.09211409,-0.08791598,-0.38658994,0.018774804,-0.3750959,0.15105237,-0.21630377,-0.3810044,0.30471084,-0.3930481
TCGA-44-6774-01,-0.15961526,0.1915622,0.17273237,-0.2579876,-0.15423676,-0.014640442,0.07561898,-0.08888402,-0.31022614,0.07747575,-0.39278883,0.15797019,-0.27569243,-0.4453958,0.27660495,-0.41404888
TCGA-17-Z050-01,-0.2842737,-0.11242987,0.45371938,0.47705463,0.019772474,-0.13841128,0.042271182,0.15009382,0.0018021566,-0.383743,0.04280924,-0.35469738,0.09221328,0.0022362438,0.32483932,0.20076917
TCGA-67-3772-01,-0.20634168,0.23209187,0.19330868,-0.28902453,-0.12522647,-0.01767842,0.0741596,-0.13359,-0.3279419,0.01600128,-0.39653584,0.1771993,-0.26073036,-0.38227528,0.29262316,-0.38357237
TCGA-86-8674-01,0.0074573527,0.31058228,0.26850736,0.016955173,-0.28626516,-0.3122629,0.17542224,-0.013125121,-0.35513306,-0.08106585,-0.17997931,0.29067534,-0.15371267,-0.24442832,0.2648702,-0.46646905
TCGA-55-A48Z-01,-0.3085356,0.31187868,0.3858381,-0.21204454,-0.15127653,-0.081361234,0.029939108,-0.12925921,-0.34217262,-0.20330636,-0.2914255,0.068841875,-0.12921527,-0.26478377,0.39670697,-0.2726318
TCGA-L9-A5IP-01,-0.5686531,0.26342356,0.32404593,-0.24380535,0.12129003,0.22042397,-0.027853502,-0.31094065,-0.068077475,-0.34646523,-0.13787967,0.123933814,-0.15418388,0.011177563,0.30951157,-0.057435725
TCGA-50-6593-01,-0.23653343,0.3688759,0.49594024,0.13965371,-0.20065205,-0.2544628,0.059398513,-0.008871051,-0.23402926,-0.40313146,0.005302538,0.14599417,0.04495895,-0.030322481,0.35797173,-0.25336063
TCGA-69-7760-01,-0.23528925,0.2715598,0.35853383,-0.11861806,-0.17198475,-0.18945406,0.084018216,-0.08679965,-0.40105957,-0.1454831,-0.30951083,0.05447057,-0.15462442,-0.3032247,0.39613238,-0.30766827
TCGA-62-8395-01,-0.16507612,0.28148645,0.25558028,-0.21441701,-0.18870124,-0.14989117,0.08519858,-0.08966414,-0.38639247,-0.032131094,-0.33660686,0.17014375,-0.1924543,-0.34635714,0.32068443,-0.39550003
TCGA-17-Z000-01,-0.276799,-0.10808733,0.45297074,0.477512,0.015454826,-0.14135048,0.04364159,0.14904268,0.003176845,-0.3879602,0.046486508,-0.35528547,0.09862614,0.0072636334,0.32115006,0.20574963
TCGA-49-AAR9-01,-0.18354072,0.29668453,0.31388748,-0.18521725,-0.20004374,-0.1685403,0.0758983,-0.09699026,-0.38392115,-0.09271416,-0.32825506,0.101662815,-0.1565712,-0.34898776,0.3609555,-0.33345968
TCGA-62-A471-01,-0.2854266,0.36260363,0.4031532,-0.1613835,-0.16901906,-0.16122513,0.047480483,-0.12749764,-0.3672653,-0.2693451,-0.20595193,0.15176502,-0.06848596,-0.16699171,0.37425533,-0.28262895
TCGA-38-4632-01,-0.35326713,0.30691284,0.43316048,-0.17546596,-0.14217532,-0.035430435,-0.001249095,-0.12134446,-0.27983853,-0.27920026,-0.26352113,0.034704935,-0.08567348,-0.23634383,0.42909244,-0.22839968
TCGA-78-7160-01,-0.3367662,0.33827227,0.2973498,-0.32289323,-0.08701615,0.0070094327,0.0026777072,-0.2197429,-0.29374444,-0.16327214,-0.28996074,0.19176024,-0.1622395,-0.23522691,0.33991897,-0.3042654
TCGA-91-6847-01,-0.4052291,0.23932922,0.42113224,-0.13823307,-0.100185655,-0.01073646,0.0021393222,-0.14604722,-0.2658807,-0.25640714,-0.2827961,-0.020676926,-0.13913505,-0.2588431,0.4457548,-0.22061144
TCGA-50-5051-01,-0.43832806,0.32341993,0.35620174,-0.24586314,-0.034787122,0.040361494,-0.0017093775,-0.2462598,-0.25124395,-0.28531292,-0.24042316,0.12467448,-0.14869632,-0.1395316,0.38254708,-0.21600392
TCGA-17-Z022-01,-0.26863882,-0.08803931,0.46491912,0.45709926,-0.0124762505,-0.14816026,0.051969346,0.13212667,-0.013125595,-0.38671777,0.0021619701,-0.3683883,0.08539063,-0.04213757,0.3450556,0.19788705
TCGA-44-6148-01,-0.02792922,0.18319087,-0.039695207,-0.35786888,-0.1452435,0.122085564,0.13289037,-0.1924467,-0.16381833,0.19996059,-0.30791652,0.35691664,-0.3512483,-0.37628552,0.035388555,-0.43597934
TCGA-44-A47A-01,-0.40440547,0.2891948,0.35918123,-0.27026916,-0.06644502,0.051748656,0.0095435,-0.22271273,-0.26254338,-0.2560598,-0.31296545,0.055585522,-0.15222722,-0.2096273,0.39741632,-0.1827345
TCGA-97-8175-01,-0.11803172,0.34726095,0.25039458,-0.20128529,-0.20745113,-0.20504582,0.1313151,-0.17947938,-0.39171705,-0.09111247,-0.32343933,0.18498252,-0.164561,-0.31685048,0.30566055,-0.32596114
TCGA-53-A4EZ-01,-0.32298702,0.3311386,0.43616676,-0.16512716,-0.17031786,-0.09573085,0.008310135,-0.106952555,-0.33110282,-0.27641293,-0.21465285,0.06641992,-0.07430189,-0.19273843,0.40956047,-0.26815724
TCGA-05-4244-01,-0.24531831,0.3099836,0.36688244,-0.17607088,-0.16466887,-0.17814028,0.05365394,-0.09950229,-0.4066347,-0.1780737,-0.28803685,0.088645756,-0.11818653,-0.25750992,0.38858855,-0.29551703
TCGA-55-7816-01,-0.15925987,0.4009107,0.45428336,0.18441297,-0.2526838,-0.100074515,0.11392776,-0.17625894,-0.009945146,-0.57541406,0.13453193,0.088538945,0.16714953,0.09667835,0.24736385,-0.001383401
TCGA-49-6742-01,-0.30771992,0.27573907,0.32820097,-0.24282762,-0.11657643,-0.039009713,0.035125703,-0.15950333,-0.32976168,-0.14681818,-0.35790336,0.0521498,-0.18269336,-0.316647,0.39182803,-0.26930323
TCGA-05-5423-01,-0.15332493,0.38039267,0.34689176,-0.15672208,-0.21919547,-0.2464074,0.103196874,-0.11247382,-0.40901405,-0.18796836,-0.22414683,0.20317896,-0.08236565,-0.21767019,0.3187565,-0.32390693
TCGA-17-Z037-01,-0.27679816,-0.1080882,0.45297027,0.47751188,0.015453809,-0.14135082,0.043642517,0.14904119,0.0031755476,-0.38795966,0.0464841,-0.35528764,0.09862463,0.0072613833,0.32115096,0.20574942
TCGA-55-7576-01,-0.22332114,0.34049618,0.3990757,-0.09648587,-0.18961793,-0.22692676,0.08063957,-0.090955846,-0.39238322,-0.2397158,-0.23230262,0.117710955,-0.08956898,-0.20451072,0.3862031,-0.29179445
TCGA-44-6776-01,-0.14537397,0.21714059,0.19384526,-0.22290006,-0.1665485,-0.081921294,0.09744542,-0.08824258,-0.34610948,0.051532026,-0.3786042,0.16692337,-0.2613108,-0.4192419,0.28661197,-0.4157868
TCGA-64-5779-01,-0.24839333,0.29673737,0.39369667,-0.1363027,-0.18361789,-0.15903684,0.0521241,-0.09873374,-0.3645269,-0.20707479,-0.30453977,0.02604321,-0.10474499,-0.29127252,0.4169329,-0.25762734
TCGA-97-A4M6-01,-0.2309525,0.19030097,0.18554902,-0.2979797,-0.12756963,0.07104761,0.027569378,-0.11455713,-0.25232896,0.040179584,-0.40770718,0.14654021,-0.25302893,-0.44268572,0.30821925,-0.3795313
TCGA-17-Z052-01,-0.28426263,-0.112432174,0.45371887,0.4770619,0.019767294,-0.13842347,0.042269483,0.15010567,0.001800948,-0.38373834,0.042817455,-0.35469314,0.09221983,0.0022390631,0.32483593,0.20076822
TCGA-17-Z058-01,-0.2767978,-0.10808879,0.45297042,0.47751236,0.015454479,-0.14135233,0.0436428,0.1490424,0.0031739983,-0.38795915,0.046484288,-0.3552872,0.098623894,0.0072617666,0.32115054,0.20574899
TCGA-17-Z001-01,-0.28425032,-0.112431474,0.45371765,0.47707054,0.019760346,-0.13843708,0.042266235,0.15011978,0.0018030544,-0.3837338,0.042829853,-0.35468653,0.09223179,0.002245003,0.3248318,0.20076834
TCGA-86-6851-01,-0.16692661,0.47768217,0.3658962,-0.08476911,-0.1725304,-0.19165914,0.027696801,-0.10481129,-0.22413129,-0.4084207,0.09910579,0.4125163,0.14395283,0.13087155,0.18272585,-0.23741211
TCGA-J2-8194-01,-0.16898027,0.3008547,0.3156808,-0.1614772,-0.20169495,-0.20173688,0.09317597,-0.10612294,-0.40792045,-0.119037494,-0.32338974,0.096215285,-0.14851706,-0.3204814,0.36561596,-0.31785586
TCGA-17-Z028-01,-0.2798827,-0.07195145,0.47685754,0.4508109,-0.0066684866,-0.16538125,0.046616927,0.14815557,-0.04641488,-0.39800218,0.03172247,-0.3414401,0.098178625,0.00079651264,0.3413902,0.17323896
TCGA-55-8505-01,-0.23139057,0.22384207,0.14736068,-0.34310865,-0.09217864,0.09336993,0.070369944,-0.16588725,-0.25835395,0.050584238,-0.36025542,0.24771287,-0.2981655,-0.37519175,0.22602175,-0.40745607
TCGA-71-8520-01,-0.6297197,-0.055578914,0.18560672,0.035962246,0.2891387,0.37181783,0.053093534,-0.33395866,0.17801072,-0.2116949,-0.08039214,-0.050218765,-0.31210312,-0.022688262,0.19982478,0.07129909
TCGA-MP-A4TI-01,-0.16442749,0.28814828,0.30193713,-0.17629631,-0.20168622,-0.1843456,0.07947222,-0.08614457,-0.3932107,-0.08093087,-0.33216983,0.10794209,-0.16474581,-0.34794804,0.35783473,-0.34624106
TCGA-44-2659-01,-0.5544308,0.160592,0.34527266,-0.13187636,0.071514435,0.15954974,0.04754251,-0.22576593,-0.13059044,-0.20717028,-0.2611165,0.08064253,-0.29538548,-0.22122052,0.3734604,-0.18997107
TCGA-78-7220-01,-0.46253678,0.2859248,0.4548079,-0.1850511,-0.06495906,0.09048561,-0.014040018,-0.17212647,-0.17870016,-0.3570145,-0.21887825,0.010419178,-0.08372394,-0.15276073,0.4092982,-0.12530248
TCGA-17-Z049-01,-0.27987066,-0.07194645,0.4768531,0.45081076,-0.006677823,-0.16538292,0.04663141,0.14813583,-0.0464233,-0.39800704,0.03170727,-0.3414574,0.09817379,0.00078534643,0.34139055,0.1732413
TCGA-44-2666-01,-0.092627876,0.2656875,0.1646762,-0.2691711,-0.18615688,-0.1231764,0.10707225,-0.123136565,-0.3627436,0.042497315,-0.36330232,0.24091595,-0.22156104,-0.37647283,0.25818044,-0.4048566
TCGA-17-Z055-01,-0.27106014,0.026700972,0.51463276,0.37493375,-0.101760745,-0.17532514,0.0934216,0.071085155,-0.12731239,-0.4161153,-0.048878,-0.31900257,0.06359697,-0.08052257,0.39045775,0.09496599
