Sample ID,dim_0,dim_1,dim_2,dim_3,dim_4,dim_5,dim_6,dim_7,dim_8,dim_9,dim_10,dim_11,dim_12,dim_13,dim_14,dim_15
TCGA-05-4415-01,4.5332294,6.0796046,7.2751985,6.6641073,4.3523803,5.290871,3.3833156,5.486297,5.160611,5.9973407,7.1228375,2.6314054,3.0067234,6.111524,5.514537,6.4169207
TCGA-67-6216-01,3.0850265,7.1489167,6.137512,5.4246445,4.3927116,5.9328375,3.3000383,6.241443,3.7545686,5.224001,5.195064,3.4000857,3.392981,6.480849,4.740269,5.399825
TCGA-78-7162-01,3.2695312,7.157581,6.5870423,5.7251067,4.0423903,6.0457683,3.1946666,6.1282988,3.9479644,5.1714196,5.808747,3.2232192,3.4755356,6.407648,4.7059264,5.303225
TCGA-49-4512-01,3.007957,7.2199154,6.089428,5.2668223,4.4914646,6.1699977,3.2051728,6.2964635,3.6272223,5.1444016,5.157949,3.4318027,3.3927133,6.5009546,4.5803885,5.16627
TCGA-86-8673-01,4.4767427,5.3581233,6.4612827,6.4857697,4.9529524,4.9557047,4.6325235,5.773402,5.6694064,4.8865633,7.072705,2.2367783,4.056022,5.942763,6.05311,6.097033
TCGA-55-6712-01,3.972062,7.203426,7.1929965,6.378835,3.8966353,5.7767234,2.9594655,5.4368277,4.40965,6.1430283,6.283041,2.9185433,2.819086,6.128777,4.927959,5.7144
TCGA-69-7978-01,4.2413206,5.366552,5.9640965,6.238475,5.1644683,5.5312543,4.812457,5.922979,5.543008,4.4439964,6.7421103,2.1914866,4.5247793,6.126427,5.8702407,5.7631726
TCGA-NJ-A55A-01,3.5560615,7.295026,6.882667,5.97426,3.9828413,6.031096,2.948404,5.6911955,4.005526,5.772725,5.979645,3.0255334,3.0261514,6.2494354,4.8310895,5.52242
TCGA-78-7147-01,4.628982,5.275578,6.4029584,6.715161,4.592413,4.945155,4.38793,5.5021634,5.724591,5.183845,6.9887815,2.1716084,4.017248,5.8962255,5.985615,5.9981465
TCGA-50-6591-01,3.2157977,7.302056,6.260747,5.6630692,4.4504557,6.0633116,3.12432,6.0774403,3.8261123,5.4455657,5.313906,3.3412316,3.1970236,6.316943,4.648167,5.2607665
TCGA-67-3772-01,3.132302,7.0294485,6.2425184,5.444284,4.297807,6.0320244,3.2330918,5.976289,3.7949872,5.4509907,5.3719244,3.4005518,3.318479,6.4152036,4.790118,5.2594256
TCGA-55-6970-01,4.490118,6.3171177,7.4128356,6.569904,4.2755785,5.408861,3.1878164,5.358193,4.9737587,6.1750307,6.9836187,2.5906103,2.9264023,6.138466,5.4028845,6.3950577
TCGA-MP-A4SW-01,3.1262045,6.722173,6.209854,5.2965646,4.2901707,6.0679545,3.2241154,6.0363235,3.8999035,5.2650247,5.385408,3.340161,3.2701232,6.537483,4.9984736,5.442102
TCGA-55-A491-01,4.384462,5.479969,6.668246,6.2535715,4.626531,4.9075246,4.103681,5.740008,5.179407,5.1841455,7.0765424,2.6643314,3.768945,6.1509132,5.8700533,6.435898
TCGA-55-8205-01,4.310856,5.4009247,6.1397214,6.276442,4.9116683,5.3663793,4.356186,5.7463994,5.465503,4.822185,6.879981,2.3852696,4.2101946,6.087383,5.7974644,5.9956617
TCGA-17-Z023-01,4.3571825,5.3862743,6.5172105,6.201902,4.796553,4.7980847,4.315292,5.872052,5.241351,5.0413246,7.058849,2.6181068,3.9376955,6.1217613,6.0177436,6.4850044
TCGA-44-2666-01,3.0725224,7.0131993,6.04641,5.254532,4.410896,5.963153,3.3075917,6.2920737,3.757308,4.972361,5.330749,3.3812556,3.484875,6.536558,4.6801205,5.29053
TCGA-75-6205-01,3.1433284,6.977086,6.0286617,5.5837607,4.4309373,6.096511,3.2261345,6.1013494,3.9639645,5.4488544,5.1699986,3.424496,3.3733678,6.2406087,4.6709733,5.0205145
TCGA-73-7498-01,3.4906118,7.352684,6.9022775,5.9864426,3.9277415,6.0402737,2.918523,5.6511207,3.983087,5.8158774,5.803424,3.0600688,2.9467654,6.173827,4.8044662,5.4249983
TCGA-62-A46U-01,3.0777965,7.1962566,6.0077486,5.395845,4.56885,6.0937366,3.3505473,6.284566,3.6975732,5.0669646,5.187532,3.382674,3.4635546,6.402649,4.6453905,5.1842303
TCGA-67-4679-01,4.0621195,6.1212554,6.826075,6.104192,4.370474,5.3361454,3.524817,5.869767,4.6382403,5.5260525,6.7252235,3.0028775,3.3429782,6.3557634,5.4258456,6.3201947
TCGA-17-Z025-01,4.438488,5.616953,6.926473,6.53844,4.530411,5.170232,3.557714,5.7833366,5.2917237,5.6732907,7.191251,2.7927833,3.0985477,6.3453555,5.592788,6.526119
TCGA-83-5908-01,4.460262,5.6606174,7.047647,6.5564365,4.5773253,5.0147805,3.553673,5.693095,5.2470303,5.7724013,7.2258334,2.7666354,3.0405695,6.2160044,5.6224236,6.629794
TCGA-86-6851-01,4.319872,5.181334,5.590294,6.4158025,4.91327,5.5016036,4.5791273,5.598495,5.734107,4.5434146,6.66297,2.1353846,4.6268396,5.9031444,5.805214,5.495866
TCGA-86-8671-01,3.1762207,6.9551477,6.3185425,5.399622,4.19633,6.0312757,3.291666,6.25266,3.9337037,4.933069,5.736532,3.2091541,3.5195096,6.5093164,4.773253,5.3790417
TCGA-91-6828-01,4.4787965,5.6141667,6.8385124,6.344069,4.8560734,5.222395,4.1913333,5.7784224,5.35841,5.0993266,7.211108,2.4392073,3.59964,6.1557198,5.751154,6.315361
TCGA-91-6848-01,4.2859383,5.2520785,5.8784623,6.305386,5.1478353,5.4062953,4.891123,5.939424,5.5889044,4.412155,6.753049,2.188364,4.579031,6.1119237,5.898573,5.655456
TCGA-50-5941-01,4.2532616,5.520944,6.312549,6.286668,5.0841756,4.9402866,4.2802234,5.9927926,5.2072916,5.0099077,6.921447,2.7599847,3.730769,6.080517,5.831563,6.28615
TCGA-49-AARR-01,3.2566643,6.913402,6.1590176,5.501611,4.4395986,6.000783,3.2795537,6.3567276,4.018023,5.035627,5.538725,3.3947933,3.5992272,6.6189365,4.9128327,5.5754256
TCGA-49-4505-01,4.2216535,6.2923017,6.9671783,6.51951,4.3346834,5.4619145,3.3736067,5.551824,4.9668007,5.9499507,6.6646485,2.733464,3.089604,6.108691,5.3102117,6.065853
TCGA-64-5778-01,4.373978,5.2362695,6.418276,6.2169514,5.2000394,4.9744973,4.812377,5.979966,5.4888406,4.6597614,6.9239016,2.2622242,4.3228645,6.2056375,5.9877024,6.2745614
TCGA-95-7567-01,4.184802,5.273452,5.517564,6.307211,4.985,5.5028434,4.660566,5.7657847,5.628331,4.3560796,6.6500006,2.2583544,4.657766,5.95258,5.742613,5.343107
TCGA-44-2655-01,4.4879355,6.4641323,7.4362307,6.6565323,4.20162,5.42922,3.2018695,5.416295,4.896524,6.144789,6.947265,2.6190577,2.8224962,6.026363,5.3865385,6.2505703
TCGA-05-4434-01,3.1572607,7.1566095,6.1093006,5.3768263,4.379435,6.0992327,3.2297702,6.2344375,3.6964958,5.13735,5.329657,3.3047009,3.456898,6.427648,4.7315416,5.1955543
TCGA-55-6982-01,4.41952,5.8410287,6.6293426,6.5394917,4.348397,5.3289847,3.6748564,5.524307,5.122614,5.6392217,6.915345,2.6230204,3.5914176,6.0476522,5.608113,6.357475
TCGA-44-6777-01,4.3776517,5.3762093,6.184045,6.322537,4.634775,5.261429,4.1415586,5.638398,5.306117,5.1003313,6.862861,2.4947035,4.182677,6.1422462,5.832283,6.2495
TCGA-44-4112-01,4.3179197,5.3124266,6.2940845,6.206523,5.1567082,4.9698625,4.811274,6.0174365,5.4519916,4.621386,6.9595175,2.3474815,4.272229,6.0985785,6.106094,6.224207
TCGA-MP-A4TK-01,4.32516,5.4704547,6.4754286,6.2116103,4.7961965,4.9685917,4.1032553,5.8115807,5.2062044,5.097373,7.0477543,2.71301,3.7974467,6.1556935,5.7841086,6.3137126
TCGA-78-7156-01,4.105496,5.906297,6.7339845,6.120477,4.5194445,5.1929293,3.769077,5.914654,4.7773657,5.369082,6.79814,2.9070048,3.513747,6.335676,5.5764565,6.3797507
TCGA-86-8359-01,4.2009983,6.6877522,6.9759264,6.588596,4.169304,5.7539196,3.1601834,5.362376,4.761591,6.0757885,6.4381614,2.7714999,3.00019,6.0412984,5.206038,5.807289
TCGA-55-6981-01,4.256883,5.6442723,6.3577485,6.4100347,5.0531216,5.0016656,4.079449,6.004034,5.1784973,5.1518245,6.9786773,2.882245,3.486511,6.0579686,5.6969943,6.2133813
TCGA-55-A492-01,4.3567414,5.4830837,6.804972,6.1971207,4.6332903,5.0863204,3.6249666,5.74845,5.124351,5.5269833,7.1304073,2.9160123,3.402079,6.38801,5.664814,6.6475058
TCGA-64-5779-01,4.5402427,5.2226176,6.349774,6.5071583,4.589502,4.8605165,4.310811,5.587184,5.4693766,5.1730514,6.9444222,2.377109,4.0877705,6.0275345,6.0172143,6.2565413
TCGA-55-8087-01,3.4631143,6.7751455,6.2175345,5.5755954,4.5423055,5.7742624,3.4644408,6.155083,4.1140637,5.12412,5.844553,3.0505261,3.3471625,6.3678994,4.9637,5.599476
TCGA-97-8179-01,4.3694925,6.7570877,7.361823,6.6485286,4.040299,5.5899286,3.0485814,5.268081,4.8062334,6.273352,6.7224493,2.6198568,2.8224227,5.9935074,5.2084413,6.02809
TCGA-86-8358-01,4.32285,5.1129527,5.464864,6.4459577,4.9897623,5.2432613,4.685631,5.8436956,5.662806,4.443078,6.8907747,2.412985,4.606658,6.0088387,5.9178724,5.4534936
TCGA-49-4494-01,4.359613,6.3738527,7.3568406,6.3919187,4.3617635,5.4535503,3.2022018,5.602503,4.797388,6.0687876,6.8223963,2.6615098,2.9424841,6.1060553,5.340655,6.328412
TCGA-50-5049-01,4.354982,5.1200705,5.600133,6.4014764,4.838127,5.482556,4.4993734,5.628992,5.6151066,4.7063136,6.631848,2.2329993,4.640717,6.0940385,5.838911,5.672759
TCGA-17-Z056-01,4.4026847,5.2183366,6.1874557,6.2833204,5.1794953,5.2713184,4.782798,5.849795,5.6141243,4.642407,6.9645624,2.1864088,4.4025507,6.0964956,6.0698876,6.2208667
TCGA-05-4396-01,4.149673,5.314192,5.4691696,6.336447,4.7441535,5.5495872,4.540174,5.6439304,5.515914,4.493412,6.3607183,2.2500968,4.5673895,5.8126054,5.70055,5.220766
TCGA-69-7761-01,3.1008728,7.1622887,5.8907933,5.3475757,4.516365,5.9857244,3.3882847,6.418615,3.7491362,4.9404335,5.254689,3.3296432,3.4815712,6.510227,4.8743577,5.253012
TCGA-78-7149-01,4.2537847,6.8950615,7.3801694,6.591699,3.9801319,5.6711507,2.958459,5.289011,4.695832,6.2878494,6.621333,2.6981752,2.7588875,6.0406375,5.1339703,5.9760866
TCGA-95-7948-01,4.2962546,6.729939,7.243189,6.5843163,4.055323,5.5775795,3.1096427,5.3284736,4.7824745,6.196279,6.681271,2.6725032,2.8967288,6.0208435,5.2280016,6.007554
TCGA-L9-A8F4-01,4.2684054,5.363523,5.9215455,6.33483,5.006559,5.2834473,4.598964,5.858351,5.556494,4.518457,6.909097,2.388028,4.2823896,5.9793696,5.8021364,5.602111
TCGA-75-6214-01,4.5199,4.924562,5.600033,6.5470834,4.9125323,5.1903524,4.717564,5.6513667,5.7993336,4.639644,6.9024067,2.1870806,4.705102,6.010765,6.065221,5.776595
TCGA-78-7146-01,4.383133,5.438659,6.5699134,6.243217,4.7921767,5.0007663,4.262442,5.8192744,5.268066,5.105057,7.028648,2.5421972,3.918036,6.1644154,5.9544764,6.5178175
TCGA-91-6840-01,4.0107107,7.159708,7.2031164,6.453606,3.9610841,5.8815064,2.9913466,5.337126,4.4346304,6.109924,6.3329597,2.766453,2.8728335,6.027397,5.063364,5.7057524
TCGA-49-6745-01,4.0368547,7.2136917,7.3073497,6.4311743,3.8949368,5.832762,2.9467976,5.329506,4.4168305,6.172327,6.3794265,2.8395224,2.8062246,6.098506,5.0146155,5.7609625
TCGA-55-8204-01,4.4483094,6.0175004,7.0409617,6.646265,4.443874,5.4658,3.5911622,5.599652,5.211846,5.6705003,6.932661,2.5737128,3.1938355,6.2221727,5.471719,6.129128
TCGA-17-Z048-01,2.935295,7.121497,5.998317,5.3326693,4.4129834,6.1068788,3.1380785,6.2728086,3.5469708,5.1369653,5.215086,3.4156227,3.4174256,6.5062037,4.672368,5.1583786
TCGA-17-Z033-01,4.3400507,6.7098265,7.3565164,6.618816,4.079828,5.582595,3.0393841,5.333842,4.804707,6.248026,6.7238126,2.6901984,2.8035758,6.053923,5.2335954,6.110362
TCGA-38-7271-01,3.4344203,6.850342,6.5876293,5.738896,4.2371407,6.0109053,3.1400764,5.9934974,4.165965,5.45207,5.9168906,3.218597,3.3899832,6.5183992,4.95661,5.69446
TCGA-86-A4P8-01,3.566013,6.539565,6.3324585,5.717808,4.5063305,5.8408995,3.5098922,6.0443377,4.338081,5.1313834,6.061872,2.9606857,3.4239645,6.2695827,5.032591,5.5613093
TCGA-05-4426-01,3.0823147,7.370195,6.135255,5.4108963,4.465593,6.2018538,3.2366588,6.355707,3.5343578,5.0504923,5.2334085,3.2695184,3.4358003,6.4367223,4.711529,5.08888
TCGA-05-4395-01,4.5376124,5.595447,6.993551,6.5521526,4.610051,4.963162,4.0006113,5.677875,5.344312,5.5061927,7.1643453,2.5423384,3.4601502,6.1108394,5.8669252,6.5052066
TCGA-49-AAR3-01,4.0739813,7.19407,7.261878,6.5110435,3.95722,5.913156,3.0278068,5.309766,4.4409137,6.109034,6.3338823,2.6969302,2.8848565,5.9367366,5.101677,5.606763
TCGA-49-4501-01,3.0370696,7.124685,6.153759,5.2643905,4.4783387,6.1655645,3.0763242,6.278312,3.6364236,5.1992817,5.1857543,3.460976,3.3126557,6.473033,4.6586504,5.154225
TCGA-73-4666-01,4.359235,5.3911633,6.2595,6.361713,4.996242,4.8968344,4.3072124,5.9943395,5.316353,5.0269175,7.109098,2.7124739,3.9132252,6.120681,6.0023403,6.3980007
TCGA-62-A472-01,3.0836463,7.124083,6.256403,5.414413,4.3348804,6.0977864,3.1119633,6.1075745,3.737085,5.2935123,5.341365,3.3628674,3.3048072,6.4550943,4.653982,5.18756
TCGA-38-4626-01,4.4603558,5.6720834,7.0164776,6.4731817,4.6044507,5.1493793,3.5327623,5.7444935,5.1647944,5.748053,7.138846,2.899335,3.123372,6.3588824,5.599623,6.5338125
TCGA-86-8055-01,3.0210338,7.0827675,5.960719,5.347341,4.3978953,5.9491963,3.3701522,6.2483554,3.7215362,5.0898705,5.1207657,3.411146,3.4694417,6.4660416,4.7193875,5.230514
TCGA-69-8453-01,3.2490468,7.071728,6.3937325,5.6629124,4.126159,5.9749475,3.4270344,6.2737494,3.9516563,4.813981,5.796646,3.113709,3.7051888,6.4135723,4.7804637,5.2127852
TCGA-49-AAR4-01,4.235916,5.432977,6.2110744,6.1148877,5.1154833,5.4913554,4.6843066,5.943651,5.346997,4.649101,6.7251167,2.255117,4.368631,6.252386,5.9110513,6.1651144
TCGA-MP-A4TD-01,3.41344,7.4048176,6.1512074,5.750662,4.551836,6.065017,3.192818,6.1060553,3.8419156,5.3926363,5.2693677,3.371585,3.2171612,6.210755,4.6718125,5.1554027
TCGA-97-7554-01,4.4094906,5.2628474,6.455664,6.2775207,5.1463933,4.905863,4.722602,5.968457,5.493632,4.7960777,7.0533624,2.3538692,4.1518655,6.1238365,6.130871,6.4299974
TCGA-17-Z017-01,4.523735,5.9709005,7.181534,6.66539,4.3962336,5.314096,3.4941473,5.565347,5.2193756,5.874654,7.11465,2.6228673,3.0733879,6.161552,5.5482073,6.3755655
TCGA-55-8512-01,2.9880805,7.200559,6.0470147,5.2925487,4.457243,6.1535416,3.2494686,6.4405417,3.6924248,4.8808837,5.324575,3.3548007,3.5658417,6.5295653,4.5585923,5.1530466
TCGA-05-4420-01,4.4631476,5.4026,6.769948,6.4210143,4.703165,5.018228,3.7615302,5.797729,5.272713,5.530099,7.230509,2.8409824,3.3769403,6.335801,5.751579,6.640027
TCGA-MP-A4TA-01,4.2917614,5.5563517,6.4755487,6.2194123,4.710785,5.237695,3.6911976,5.6480045,5.2041674,5.54316,6.812302,2.7238307,3.792892,6.2995076,5.6667457,6.462988
TCGA-55-8091-01,3.0334756,7.2217684,6.0159817,5.331098,4.4906096,6.109605,3.311346,6.402393,3.6196985,4.965359,5.172972,3.3596194,3.538148,6.473258,4.695906,5.146795
TCGA-78-7152-01,4.267441,6.3461533,7.3056602,6.3609753,4.2809124,5.445716,3.38992,5.6770716,4.7194967,5.867459,6.88489,2.8248699,3.1152613,6.356336,5.400107,6.4584155
TCGA-55-6968-01,4.3609843,5.2199173,6.4771833,6.1965218,5.2149034,4.950333,4.8674293,5.9992585,5.4569626,4.606608,6.820952,2.220861,4.395413,6.2803926,5.8680305,6.1798663
TCGA-86-7713-01,4.379629,6.7654696,7.4131646,6.650217,4.1093903,5.6020527,3.0992072,5.2871885,4.7531333,6.21357,6.7388873,2.577416,2.8507357,5.9758105,5.254113,6.007863
TCGA-MP-A4TJ-01,3.4329827,6.747541,6.4184074,5.6856565,4.454845,6.0176926,3.2447536,5.954343,4.1605387,5.4268174,5.7849655,3.1672354,3.2497375,6.2553906,4.813733,5.3969593
TCGA-NJ-A4YG-01,4.1413918,7.048245,7.2314744,6.513286,3.963912,5.7670784,3.0004556,5.3313823,4.5615034,6.2133656,6.4283605,2.8096042,2.8664854,6.074525,5.0606017,5.834784
TCGA-73-4668-01,4.6076355,5.1894016,6.258584,6.653624,4.697821,4.9406705,4.541055,5.5632477,5.7474275,4.999982,7.0043697,2.155867,4.165287,5.8971972,6.030524,5.955135
TCGA-86-A4P7-01,3.470134,6.5604997,6.295061,5.636098,4.543681,5.970011,3.4054878,6.027165,4.245565,5.2347484,5.877603,3.1164012,3.3806365,6.2917156,4.943842,5.465573
TCGA-NJ-A55R-01,4.4132605,5.8565016,6.886793,6.5182877,4.591979,5.3136005,3.5597975,5.5786676,5.4171906,5.622391,7.0906,2.5448608,3.1414418,6.038802,5.533607,6.2497845
TCGA-49-4488-01,4.4554896,5.5282655,6.9026256,6.418393,4.5755496,5.031413,3.842267,5.6932726,5.2504597,5.459711,7.1515703,2.6811202,3.4178112,6.2136254,5.7584267,6.509612
TCGA-93-A4JP-01,3.1622376,6.7914653,6.1105647,5.398831,4.6079335,6.2194104,3.2087946,6.172505,3.9610388,5.23075,5.5153933,3.3676898,3.344227,6.4501524,4.6815805,5.324465
TCGA-50-6592-01,4.389506,5.45551,6.606578,6.2449055,4.7132177,5.2517133,3.5840774,5.6197014,5.318408,5.5881066,7.0396547,2.7227817,3.6540945,6.365591,5.663465,6.603433
TCGA-44-6148-01,3.3426595,6.8402295,6.1226835,5.513425,4.505008,5.8813305,3.4624264,6.310215,4.0720305,4.914018,5.6969514,3.1742127,3.5399733,6.4239655,4.888356,5.4723864
TCGA-86-7954-01,4.386267,6.095658,7.0432587,6.6293464,4.425555,5.4372134,3.5086403,5.5040574,5.2470837,5.805801,6.9336524,2.528553,3.0651739,6.042324,5.4380713,6.1136208
TCGA-86-8076-01,3.244741,7.014291,6.3990984,5.5785837,4.2741303,6.0795097,3.164108,5.9621835,3.911317,5.407053,5.5272007,3.2879646,3.2404175,6.3351197,4.7533264,5.3111577
TCGA-17-Z052-01,4.236528,6.8666573,7.4320827,6.507122,3.9899318,5.659622,2.9890037,5.3132753,4.6656694,6.1646347,6.67561,2.6384003,2.786863,6.0367174,5.1543508,5.9596415
TCGA-99-8025-01,4.4625945,5.2604327,6.5710487,6.3720465,5.0833006,4.891074,4.703962,5.8999906,5.5290523,4.903952,7.03208,2.2972562,4.114533,6.1211214,6.1226344,6.450401
TCGA-50-5936-01,3.5876837,7.4239397,6.874695,6.1804485,3.959132,5.9769363,2.9935658,5.622336,4.050856,5.868032,5.777476,3.118255,2.94585,6.128521,4.821981,5.395
TCGA-78-7540-01,4.257882,5.9551053,7.082489,6.2788663,4.470563,5.2540164,3.5928261,5.8641725,4.845157,5.627212,6.994559,2.9042113,3.2605684,6.4404407,5.531996,6.589394
TCGA-95-7039-01,4.124646,5.2469864,5.2919044,6.331069,4.9260807,5.385877,4.64075,5.8220296,5.586141,4.31713,6.639415,2.4301167,4.6718683,5.89907,5.7744465,5.1667266
TCGA-55-8615-01,3.4814603,7.3495884,6.8499537,6.0010304,3.9560094,6.016553,2.9531488,5.6662498,3.9852846,5.7972536,5.827266,3.0226834,2.960357,6.174747,4.7924485,5.40625
TCGA-97-A4M3-01,4.3278055,5.974524,7.1116962,6.156775,4.2540646,5.300886,3.4869132,5.694877,4.791421,5.666793,7.0473456,2.9044461,3.3484938,6.3879356,5.54985,6.6397843
TCGA-17-Z022-01,4.228365,5.185845,5.4017224,6.3809505,4.9752398,5.4695826,4.7957683,5.859517,5.5985065,4.3655787,6.613163,2.3077593,4.72699,6.003014,5.8591485,5.276198
TCGA-86-8585-01,4.246464,5.433787,6.040545,6.2886486,5.0646367,5.3779273,4.68417,5.9062796,5.5343184,4.4944925,6.8637643,2.3146775,4.303167,6.0334005,5.812695,5.6584935
TCGA-17-Z049-01,4.3838367,5.2195544,6.1225567,6.2968974,5.1902604,5.314642,4.8329773,5.875767,5.6104126,4.569548,6.905247,2.1637397,4.4712873,6.1211977,6.0137067,6.08343
TCGA-49-4486-01,4.0591745,6.690941,7.085697,6.3185143,4.148989,5.6390276,3.1714761,5.584542,4.549106,5.9478106,6.510588,2.8822167,3.0427673,6.2048817,5.193768,6.027787
TCGA-49-AARN-01,4.1714544,5.384657,5.8196473,6.2075934,5.129501,5.591854,4.790752,5.9522505,5.4841,4.3895245,6.634978,2.231786,4.6040845,6.1724005,5.7917256,5.6041594
TCGA-73-4670-01,4.420924,5.3963776,6.548109,6.374626,4.731419,4.9487095,4.146102,5.779994,5.316447,5.244047,7.0556974,2.5952685,3.8294413,6.157374,5.935146,6.4854836
TCGA-J2-A4AD-01,4.3576093,5.520491,6.749634,6.2299056,4.621134,4.9653506,3.7806005,5.692965,5.114393,5.3493247,7.0783396,2.8512657,3.4558668,6.217943,5.755144,6.4995646
TCGA-17-Z055-01,4.427157,5.0360804,5.565742,6.4783564,4.9737167,5.3361473,4.688142,5.755475,5.711045,4.5583863,6.882933,2.2698832,4.669289,6.0962987,5.953261,5.650028
TCGA-75-6212-01,3.2176092,7.2109637,5.779203,5.473,4.697044,5.9234147,3.2782705,6.299704,3.8715541,5.186493,5.0820317,3.5296502,3.3123436,6.403466,4.7259192,5.27768
TCGA-17-Z062-01,4.432933,5.230288,6.3900814,6.3433795,5.1740365,4.950259,4.8004303,5.9325705,5.594522,4.733656,7.0820675,2.2891018,4.243662,6.091092,6.13318,6.3187366
TCGA-L9-A444-01,4.429121,5.311518,6.4318123,6.289332,5.0500965,4.9752207,4.749393,5.9039536,5.502846,4.5777717,7.18448,2.3682227,4.0653005,6.0280175,5.9760394,6.04702
TCGA-55-6969-01,4.232229,5.432289,6.074917,6.3010364,5.093224,4.9976897,4.4421883,5.9373193,5.362747,4.75228,6.8539343,2.5979447,3.9513068,5.9380245,5.819679,5.9475875
TCGA-95-8494-01,3.4799984,7.106341,6.7592564,5.896726,4.1684833,6.038247,3.0562925,5.726718,4.0861373,5.7315,5.8737473,3.0223598,3.0615923,6.212853,4.945276,5.428698
TCGA-97-8172-01,4.3955708,5.526159,6.8601017,6.334652,4.6236115,5.0425463,3.57467,5.7844543,5.1512494,5.603353,7.181884,2.901744,3.2403448,6.3465476,5.657723,6.623207
TCGA-55-7573-01,3.1383562,7.1693044,6.2942877,5.563269,4.5502357,6.160431,3.2505746,6.1125464,3.7210805,5.409792,5.3334804,3.3200004,3.201544,6.441834,4.6837206,5.2825956
TCGA-93-A4JO-01,3.1403072,6.9607363,6.2046585,5.4685745,4.6310225,5.9030995,3.3104005,6.0821257,3.8612483,5.336643,5.5573893,3.275348,3.238615,6.453406,4.73755,5.487396
TCGA-MP-A4T8-01,3.6630588,7.359478,6.979348,6.229718,3.925674,6.031491,2.974647,5.588859,4.209444,5.907414,6.060202,2.9433362,2.984927,6.2316074,4.802651,5.519409
TCGA-69-7979-01,4.182083,5.302381,5.5247326,6.357475,4.7392735,5.527408,4.5381365,5.617342,5.5288277,4.5217485,6.36525,2.2144918,4.516865,5.7793293,5.7177005,5.2605157
TCGA-L9-A50W-01,3.010312,7.202478,6.0871167,5.2586923,4.495194,6.1026917,3.3091772,6.384065,3.5743842,4.939455,5.2832417,3.2966874,3.488625,6.508646,4.7181225,5.1263285
TCGA-97-A4M0-01,4.293485,5.4918303,6.506411,6.1236033,4.8388586,4.8132224,4.290206,5.8457117,5.1573095,5.016477,6.932458,2.5868464,4.006724,6.133024,5.8721337,6.360665
TCGA-J2-8194-01,4.2602344,6.7818975,7.439905,6.496894,4.0682755,5.6324005,2.9595041,5.37202,4.689982,6.229553,6.673639,2.686898,2.7348123,6.0956125,5.1613994,6.0598445
TCGA-55-8092-01,4.403483,5.1973515,5.8372097,6.4206924,4.7752957,5.5813146,4.5534577,5.5425005,5.6244884,4.705264,6.613863,2.0538344,4.518343,5.9734054,5.8393927,5.7562804
TCGA-44-6774-01,3.7347093,6.29607,6.3944087,5.7993197,4.5713744,5.643267,3.600834,6.0372043,4.508252,5.1590343,6.301342,2.9340396,3.4117615,6.3053946,5.1913147,5.8220305
TCGA-78-7145-01,4.517756,6.14476,7.2867184,6.7034245,4.3042035,5.3478603,3.3670366,5.5050755,5.1243644,6.0123725,7.090327,2.618778,2.9752753,6.1115756,5.4693704,6.3654513
TCGA-38-4632-01,4.3917356,5.147751,5.813971,6.426414,5.1169295,5.0796285,4.640901,5.948659,5.5948596,4.6477036,7.068949,2.4862428,4.366587,6.103287,6.031434,5.955633
TCGA-44-8117-01,4.4262195,5.0569906,5.62909,6.496804,4.9098234,5.1247334,4.65926,5.806043,5.6713715,4.576681,7.0177116,2.4275014,4.5383167,6.051582,5.995883,5.6262803
TCGA-35-4122-01,4.443489,5.3005776,6.427514,6.2576857,4.785842,5.260159,3.8210306,5.5860066,5.46313,5.3600187,7.0625715,2.561047,3.942055,6.3055296,5.7763305,6.4921327
TCGA-55-6986-01,3.0278325,7.216758,5.9683666,5.2790656,4.573682,6.0972023,3.2762098,6.4347258,3.7333012,5.0213313,5.1794567,3.4351406,3.4436874,6.513637,4.626481,5.2679086
TCGA-44-7662-01,4.492004,5.2990746,6.3722405,6.5114136,4.9525557,4.9449286,4.70317,5.7801514,5.7082176,4.8026958,7.1040244,2.2300484,4.1167297,5.9189587,6.0772963,6.0074115
TCGA-17-Z019-01,3.198282,7.011154,5.9960713,5.431855,4.520845,5.945826,3.408406,6.4495187,3.938022,4.846829,5.420091,3.3616173,3.6086385,6.5333586,4.8286514,5.407147
TCGA-95-A4VK-01,4.366938,5.8852386,7.0707564,6.124163,4.2741585,5.2571263,3.4495103,5.6468477,4.841992,5.66218,7.0902076,2.9000793,3.3458614,6.3622575,5.5824533,6.6722374
TCGA-05-4410-01,4.2579618,5.213707,5.593745,6.357906,5.0722523,5.5353165,4.893157,5.888659,5.613724,4.358402,6.6037865,2.1751568,4.7090077,6.0594754,5.8740673,5.398351
TCGA-55-8096-01,4.134594,7.0895534,7.2893443,6.485091,3.962158,5.8019505,2.9999135,5.307114,4.5382023,6.155075,6.47074,2.7598138,2.8658848,6.052169,5.0706577,5.7921004
TCGA-05-5429-01,3.319455,7.209625,6.362507,5.718727,4.360152,5.825655,3.2092912,6.2009625,3.8584359,5.3916907,5.4084716,3.268886,3.2673235,6.4689007,4.968538,5.5832505
TCGA-55-8203-01,4.353275,5.414814,6.4505143,6.202538,4.939327,5.042273,4.394488,5.8041196,5.437141,4.91705,7.024311,2.3970056,4.04222,6.0740523,5.9420652,6.3286877
TCGA-55-5899-01,4.545106,5.187822,6.311395,6.5266485,4.7352614,4.715213,4.5185366,5.724714,5.557064,5.0017176,7.0604053,2.3717356,4.07366,5.9391522,6.1280937,6.187143
TCGA-J2-A4AG-01,3.5256615,6.7910886,6.459106,5.767492,4.3719,5.9159007,3.3317866,5.9254756,4.2373824,5.343161,5.9647765,2.979195,3.2512186,6.219095,4.9090266,5.469583
TCGA-97-A4M6-01,3.1268158,7.0622234,6.0698423,5.2466345,4.5812263,6.091709,3.3080513,6.381117,3.6577575,5.0174036,5.164007,3.3077114,3.4508867,6.4748755,4.8139305,5.210365
TCGA-44-6146-01,3.1747785,7.0369754,6.039844,5.3509393,4.5330634,6.096523,3.3223817,6.343146,3.798132,4.941636,5.44249,3.2333276,3.4728339,6.452593,4.752082,5.2643127
TCGA-44-7667-01,4.3813114,5.2809896,6.1899624,6.3620043,5.181378,4.955625,4.5803733,6.0264673,5.4857507,4.8274517,7.13581,2.5510929,4.1172166,6.124548,6.095459,6.3437824
TCGA-91-A4BD-01,3.239123,7.079708,6.3402605,5.64528,4.177775,5.9718647,3.452757,6.277832,3.9261808,4.8073406,5.7466817,3.1184657,3.7104573,6.39932,4.775605,5.1775093
TCGA-75-6207-01,3.1571033,6.969603,6.147783,5.4499917,4.364508,6.0467477,3.2857873,5.9226,3.8344343,5.545737,5.3131104,3.4411888,3.3004336,6.3872023,4.830575,5.2550488
TCGA-91-6829-01,4.4372764,5.111149,5.962234,6.407753,5.0539613,5.346217,4.783456,5.7200074,5.6865582,4.6540966,6.7457833,2.0427341,4.611203,6.101359,5.988743,5.9749327
TCGA-86-8669-01,3.9160147,7.2911777,7.1698084,6.365259,3.9466522,5.9544706,2.970636,5.4020305,4.311143,6.0395026,6.218959,2.7848022,2.8658228,6.009231,4.984775,5.562074
TCGA-97-8171-01,3.1131403,7.1453676,6.3119445,5.443574,4.3375454,6.152567,3.1538572,6.1272264,3.7605364,5.2953954,5.414241,3.3036125,3.280993,6.410043,4.7017307,5.2044764
TCGA-17-Z041-01,3.083069,7.0200424,6.311728,5.408575,4.4522285,6.161416,3.1310449,5.995476,3.7797704,5.4423404,5.360311,3.374912,3.1600022,6.4215536,4.687387,5.246729
TCGA-97-7547-01,4.3963833,6.6396523,7.436899,6.7131925,4.191418,5.5879617,3.1536841,5.3100667,4.850009,6.2061553,6.8295746,2.6652668,2.8429542,6.0776515,5.306559,6.131928
TCGA-50-6597-01,3.1855984,7.1282835,5.964701,5.4985666,4.607508,5.9161186,3.2365646,6.1205635,3.894664,5.405372,5.167254,3.50184,3.1991847,6.3839,4.7312384,5.3146324
TCGA-69-8253-01,4.08507,7.0212307,7.2665377,6.424989,3.9845028,5.6982617,3.111515,5.419887,4.5276647,5.9442983,6.56156,2.749077,2.8989594,6.076549,5.130448,5.837944
TCGA-44-8119-01,4.421636,5.1020546,5.7181044,6.4419703,4.93831,5.536879,4.7260222,5.6159315,5.732855,4.5754447,6.6751113,2.014033,4.6763296,6.0103674,5.9057746,5.6857705
TCGA-17-Z060-01,4.559352,5.673,7.096979,6.6193795,4.5155287,5.171088,3.4966524,5.671639,5.3037233,5.846834,7.213898,2.7913332,3.0774992,6.3262115,5.6049266,6.601719
TCGA-97-8174-01,4.4350553,6.578117,7.431016,6.656485,4.150249,5.5221725,3.127743,5.3266,4.8653035,6.1961904,6.8721375,2.5941467,2.845974,6.03468,5.311627,6.1603656
TCGA-55-7726-01,3.6882448,7.341567,6.950031,6.2320976,3.94302,5.924925,2.9919293,5.541733,4.1841526,5.9652033,6.0085526,2.9571486,2.911972,6.126602,4.837763,5.497488
TCGA-44-A479-01,4.3252244,5.530221,6.8141937,6.1298695,4.5414467,5.0733843,3.6590598,5.7790647,5.021938,5.444569,7.113272,2.94549,3.4556198,6.3826933,5.6827374,6.67265
TCGA-05-4427-01,4.1706414,5.2737565,5.529333,6.317157,4.962963,5.2912326,4.6304793,5.820935,5.543283,4.37622,6.6867843,2.4046047,4.477561,5.858675,5.764794,5.3226166
TCGA-05-4418-01,4.270236,5.6162567,6.7882886,6.2996,4.7028275,5.105331,3.6677332,5.9161735,5.042351,5.5432053,7.0095496,2.9702098,3.312256,6.440451,5.6189213,6.5652714
TCGA-44-7670-01,4.337064,5.0815964,5.403969,6.4818263,4.952758,5.2381115,4.695957,5.851819,5.666743,4.450457,6.9026737,2.4539564,4.6523695,6.026967,5.9458594,5.4067893
TCGA-55-8299-01,4.3003287,5.8806562,6.635722,6.4764385,4.655014,5.4564567,3.9005597,5.7120986,5.342674,5.2727585,6.9092216,2.5256386,3.460685,6.075409,5.499973,5.8638334
TCGA-17-Z014-01,4.358787,5.430829,6.449704,6.2135634,4.6976705,5.022437,4.080919,5.7474046,5.1914854,5.2178617,6.9568233,2.6274316,4.0003934,6.212665,5.8903017,6.5254292
TCGA-05-4390-01,4.1768384,5.3423,5.7692647,6.277429,5.032564,5.0990677,4.5627894,5.8961735,5.4519663,4.488869,6.7843785,2.5186214,4.2334657,5.8597755,5.7890244,5.57571
TCGA-50-8459-01,3.3437114,7.2299204,6.4102364,5.7436676,4.290993,6.019989,3.1775746,5.9711437,3.913913,5.4863567,5.5857415,3.120852,3.1991355,6.2215977,4.8067937,5.287971
TCGA-53-A4EZ-01,4.5443172,5.089984,6.154571,6.5158153,4.8206215,4.8946304,4.6350846,5.673256,5.6529794,4.8702445,6.9660287,2.2331827,4.3175015,5.986678,6.0933275,6.083028
TCGA-78-7153-01,3.7393644,7.2517657,7.050174,6.2063193,3.9212935,5.860454,2.9643824,5.551573,4.236893,5.99642,6.047666,3.0070956,2.8909106,6.1771426,4.8640423,5.6148276
TCGA-78-7158-01,4.3317437,5.4847403,6.8064995,6.2801914,4.6494436,4.988702,3.6503985,5.83516,5.1487775,5.507555,7.156236,2.923405,3.2046173,6.304943,5.6414633,6.593717
TCGA-55-7910-01,4.4647226,5.3387284,6.252304,6.538597,4.786177,4.6770115,4.2542844,5.95688,5.369833,5.1124606,7.200289,2.764268,3.7520113,6.0115657,6.0427966,6.211357
TCGA-49-6742-01,4.4163804,5.710223,6.9558516,6.434868,4.543877,5.2108583,3.4408753,5.6903825,5.262322,5.6727476,7.176302,2.7629068,3.0414793,6.2494574,5.53649,6.4735794
TCGA-55-7725-01,3.8401759,6.960694,6.976632,6.160332,4.045564,5.779185,3.1698134,5.6643996,4.3047748,5.745914,6.256793,2.9843419,3.1001956,6.1999626,5.053785,5.753716
TCGA-80-5608-01,4.4116335,5.321761,6.4722686,6.3028135,4.7584796,4.858327,4.2896643,5.775888,5.2316227,5.1569395,6.9651875,2.5510108,4.065813,6.175251,6.025514,6.586041
TCGA-75-6211-01,4.4739227,5.228224,6.3797464,6.38053,4.710357,4.8138533,4.2814527,5.7614093,5.3040514,5.190006,7.015996,2.5633507,4.095448,6.166367,6.087842,6.5699596
TCGA-69-7764-01,3.4460366,7.146183,6.6082206,5.8199406,4.1729536,5.9852843,3.0736089,5.79272,4.0193214,5.638159,5.732404,3.109089,3.0962873,6.1992955,4.776555,5.3428717
TCGA-78-7163-01,2.9990506,7.136924,6.2045736,5.306425,4.4356804,6.171549,3.2212973,6.0948544,3.5800014,5.3188763,5.3068347,3.3769732,3.255812,6.529009,4.7524567,5.2356944
TCGA-64-1676-01,4.3798113,5.1572957,6.287401,6.2450285,5.1992726,5.0682445,4.8759313,5.9420533,5.5393276,4.564656,6.770429,2.1507,4.5098963,6.261164,5.8448772,6.0447254
TCGA-NJ-A7XG-01,3.0365555,7.1597586,5.9883437,5.2283444,4.4702344,6.1258855,3.3574183,6.476257,3.7154608,4.865031,5.222838,3.3447483,3.5018997,6.535415,4.7259974,5.211888
TCGA-78-7220-01,4.4059196,5.0077643,5.4415464,6.4907737,5.030317,5.205765,4.710518,5.8466125,5.724608,4.514687,6.979067,2.3988936,4.675326,6.069457,6.0278683,5.6316805
TCGA-75-5126-01,4.3273025,5.260046,5.9339757,6.2544284,5.0514827,5.6566806,4.7341433,5.7624435,5.5428286,4.5888577,6.6419635,2.0583026,4.628926,6.2011275,5.881653,5.940677
TCGA-17-Z007-01,3.298089,7.223344,6.402126,5.680516,4.281482,6.147859,3.1193025,5.974468,3.8880167,5.474556,5.5160146,3.3049552,3.2547977,6.272565,4.6296954,5.1968546
TCGA-55-8614-01,4.5099277,5.9268427,7.1826005,6.7205453,4.3222394,5.2374,3.6075475,5.566805,5.22434,5.8062024,7.1439557,2.6084826,3.2174597,6.183529,5.6058455,6.456792
TCGA-38-6178-01,3.167017,7.1684737,6.428274,5.5435247,4.247808,6.059446,2.9124997,5.956326,3.9220407,5.521629,5.4957523,3.2687492,2.958337,6.3551917,4.5549426,5.25771
TCGA-17-Z054-01,3.0793047,7.091977,5.7724323,5.307613,4.667775,6.0838175,3.252327,6.429554,3.847722,4.9796605,5.1986527,3.4982986,3.4115813,6.568814,4.7196302,5.330989
TCGA-93-A4JQ-01,3.6066146,7.303407,6.934046,6.156141,3.8924289,5.891399,3.0126636,5.603942,4.1189613,5.839331,5.8526044,3.0278265,2.9592032,6.0785437,4.871886,5.442572
TCGA-44-A4SU-01,4.136828,7.1079736,7.3631287,6.504586,3.9096954,5.7688885,2.9307594,5.3089595,4.50615,6.247979,6.4663,2.7251225,2.772907,6.051162,5.0773892,5.853304
TCGA-38-A44F-01,3.1305413,6.9853444,5.714234,5.354693,4.677584,6.0081105,3.386791,6.480744,4.003122,4.841608,5.3497367,3.4880373,3.5582013,6.594947,4.8018827,5.4410043
TCGA-50-6595-01,3.564616,7.2158847,6.836062,5.970689,4.091717,6.0577955,2.9704924,5.653027,3.9928634,5.8049107,5.982991,2.956762,2.9614964,6.1857057,4.967454,5.5270915
TCGA-44-A47A-01,4.477015,5.7476325,6.9666085,6.652492,4.374494,5.20307,3.5614502,5.685613,5.2278566,5.784126,7.165121,2.7551477,3.173299,6.21555,5.5851884,6.5634055
TCGA-91-6835-01,3.4307914,7.2203603,6.556309,5.7636466,4.2003894,6.1179442,3.0184822,5.852104,3.9597,5.581313,5.6229897,3.206329,3.1214066,6.236001,4.652463,5.2822213
TCGA-86-8075-01,3.079154,6.6597395,6.268524,5.4974813,4.5451202,6.0050936,3.469252,5.792542,3.9958467,5.553215,5.457443,3.2211785,3.2628798,6.342385,4.830256,5.288318
TCGA-17-Z058-01,3.3375714,7.157498,6.6610036,5.7791862,4.093369,6.03818,3.0783029,5.819301,3.9835815,5.6141376,5.763012,3.0876687,3.1183248,6.294971,4.8253307,5.4077034
TCGA-MN-A4N4-01,4.165197,5.2027917,5.2685604,6.3568683,4.908824,5.4103336,4.6283374,5.770677,5.6391854,4.327084,6.665539,2.3936963,4.704806,5.881468,5.763687,5.1777015
TCGA-93-8067-01,4.4448614,5.196034,6.3175836,6.3411818,5.152826,5.0444164,4.798462,5.867109,5.600254,4.7401705,7.0293264,2.2346795,4.317643,6.053048,6.175936,6.3787513
TCGA-55-7911-01,4.486788,5.7886043,7.0847,6.575514,4.3485017,5.3079357,3.427504,5.6480083,5.1828475,5.832479,7.173059,2.7452939,3.146605,6.326501,5.532492,6.6453485
TCGA-78-7161-01,4.443497,6.3869576,7.3672442,6.5902667,4.2061462,5.4258823,3.2019908,5.437209,4.940926,6.117813,6.9483943,2.6112149,2.8991528,6.0825357,5.3557186,6.2877727
TCGA-50-8460-01,3.0516622,7.2958026,6.095575,5.33867,4.375232,6.09732,3.3027825,6.3977094,3.55642,4.9556127,5.186492,3.3163898,3.5350237,6.438549,4.6468744,5.0985475
TCGA-73-4675-01,3.2030673,7.042966,6.297612,5.632852,4.343708,6.118175,3.1166108,5.914692,3.9307592,5.644607,5.3535995,3.3685668,3.1768756,6.2398186,4.677051,5.147748
TCGA-49-4510-01,3.0090172,7.156602,6.3720784,5.3947206,4.3282905,6.1046824,3.0668235,5.8449163,3.7053273,5.623351,5.315113,3.4645953,3.0747504,6.425772,4.719196,5.265185
TCGA-44-7669-01,4.3843355,5.2542324,6.3380504,6.2704287,5.041825,4.7783623,4.680016,5.963944,5.440882,4.6958795,7.101121,2.4829402,4.0925546,6.045401,6.0597076,6.186817
TCGA-55-7995-01,4.391902,5.1499147,5.655252,6.470808,5.044303,5.5018635,4.6101875,5.576858,5.8797045,4.597266,6.7938004,2.0514884,4.6906586,5.949886,5.878157,5.6321034
TCGA-78-7536-01,4.5841737,5.0341253,6.010823,6.5974474,4.7491837,4.9844117,4.617327,5.5738807,5.735641,4.8832126,6.9155445,2.154916,4.4141283,5.954244,6.077755,5.959904
TCGA-35-3615-01,3.5050204,7.2021394,6.6168375,5.9453206,4.249387,5.7787743,3.155628,6.0072775,4.032414,5.612712,5.619667,3.1916535,3.1486232,6.412269,5.045792,5.714431
TCGA-50-5933-01,4.400122,5.238547,6.1211114,6.2697444,5.094519,5.4314017,4.619405,5.7593117,5.6028457,4.7162266,6.92029,2.1845171,4.4396844,6.1456704,5.960427,6.1803403
TCGA-64-1681-01,3.4990885,6.713626,6.490967,5.8361006,4.308536,5.8662343,3.2138824,5.730598,4.2852106,5.7409654,5.726985,3.2015193,3.2466447,6.1458473,4.853582,5.351248
TCGA-05-4417-01,4.335732,5.4360347,6.6558046,6.269343,4.713429,4.9737,3.870909,5.8742266,5.1375847,5.322228,7.1304593,2.896934,3.4742773,6.293639,5.74942,6.53079
TCGA-55-7728-01,3.4830992,6.818121,6.580351,5.7465234,4.2557855,5.9210963,3.2979681,5.9461417,4.158535,5.29361,6.099435,2.9045637,3.2635837,6.24495,4.96011,5.5114694
TCGA-64-1677-01,4.5012946,5.964451,6.95386,6.7210236,4.292683,5.387437,3.5325491,5.491886,5.2389684,5.862723,7.0357485,2.5956562,3.2924087,6.085898,5.520731,6.3693175
TCGA-78-7155-01,4.1481876,5.296617,5.4299755,6.372288,4.720879,5.541859,4.5788116,5.613254,5.5695195,4.4715548,6.303457,2.1922097,4.5903363,5.741865,5.735711,5.148515
TCGA-MN-A4N5-01,4.449407,5.3158517,6.5158,6.308923,4.975168,4.8588133,4.6849394,5.8805966,5.479153,4.6598682,7.217703,2.4186945,3.979221,6.0206347,5.9779744,6.084201
TCGA-86-7711-01,4.527024,5.8527274,7.1809726,6.716402,4.355467,5.2393203,3.5123703,5.5163918,5.3693757,5.981026,7.066085,2.5926807,3.0252702,6.168305,5.5221705,6.5293384
TCGA-44-8120-01,4.2883744,5.2770457,6.2209773,6.1995144,5.193182,5.1860147,4.9034,5.9846945,5.5035167,4.47795,6.812859,2.1914778,4.4396167,6.15509,5.904114,5.9506083
TCGA-50-7109-01,4.4575777,5.54267,6.841648,6.4849105,4.663068,5.1586413,3.5844994,5.697819,5.386556,5.66505,7.1780577,2.7463586,3.2087808,6.2707453,5.588092,6.5339727
TCGA-91-6830-01,4.1246753,5.905365,6.734618,6.215554,4.6116724,5.440129,3.3667016,5.8676953,4.9650874,5.6659946,6.771418,2.9982738,3.1952305,6.3979506,5.3643427,6.3190246
TCGA-55-6985-01,4.331186,5.355963,6.5995703,6.1982856,5.2056575,5.02321,4.752583,6.0048313,5.431065,4.7174954,6.843384,2.2629414,4.245195,6.2932,5.8323617,6.222778
TCGA-55-A57B-01,3.1214674,7.1888933,5.918788,5.2828393,4.4517126,5.9868507,3.2476237,6.1761756,3.591253,5.1270046,5.09846,3.5914268,3.3825672,6.485466,4.710257,5.144408
TCGA-99-8033-01,4.4821506,6.3844347,7.2865353,6.6329317,4.179155,5.453705,3.1753538,5.3392363,5.004029,6.12299,6.9887333,2.5624075,2.9796388,6.0565476,5.373325,6.2399273
TCGA-73-A9RS-01,4.3688087,5.068545,5.502141,6.463067,5.062648,5.178491,4.668775,5.8879495,5.6791897,4.5017815,7.007631,2.4467976,4.572879,6.081173,5.9793024,5.6395936
TCGA-MP-A4TH-01,3.729206,7.31941,6.931823,6.1920104,3.9735248,5.9346356,2.9784355,5.6181993,4.1522093,5.880968,5.947677,3.073582,3.0105617,6.176118,4.8180256,5.521914
TCGA-38-4625-01,4.51543,4.9634333,5.8500514,6.493531,4.8797145,4.982245,4.7111597,5.6744404,5.7112894,4.6699777,6.9095473,2.2231627,4.5291324,5.9859476,6.020028,5.865476
TCGA-80-5611-01,4.545611,5.948914,7.214919,6.6178017,4.4097342,5.3612394,3.3159814,5.511685,5.2196264,5.942056,7.2788143,2.760242,3.0342133,6.273935,5.433124,6.474199
TCGA-38-4627-01,3.268153,6.597087,6.043984,5.426308,4.6801744,6.1430573,3.2841299,6.2672696,4.13759,5.0948358,5.6186657,3.3494809,3.4152424,6.520488,4.8420844,5.5019765
TCGA-NJ-A4YI-01,4.3638973,5.3730464,6.5159197,6.157503,4.982303,4.8481402,4.563993,5.9330034,5.308724,4.8216267,7.0953555,2.4762764,4.0658092,6.096861,6.0738726,6.4660506
TCGA-86-8056-01,4.0333567,6.1385207,6.8323298,6.1031156,4.377467,5.3634667,3.535197,5.8972273,4.6443763,5.533641,6.701567,3.0094874,3.3292,6.3732805,5.4006023,6.3110714
TCGA-86-8278-01,3.3446555,7.248752,6.7424116,5.865056,4.042687,5.9990416,3.1421552,5.763062,3.9687452,5.689295,5.807135,3.0981321,3.1038089,6.3167887,4.835145,5.4440527
TCGA-NJ-A4YP-01,4.3176246,5.32171,6.246207,6.1952343,5.206551,5.349483,4.8210487,5.9543567,5.5019503,4.5902724,6.9178944,2.2283947,4.391998,6.1514206,6.057258,6.2361646
TCGA-53-7626-01,4.216862,5.222861,5.4378047,6.36786,4.773627,5.554636,4.553195,5.6478643,5.5632124,4.54539,6.4449463,2.2573311,4.6542487,5.919639,5.752221,5.318276
TCGA-69-8255-01,4.5393634,5.5188317,6.726438,6.6087775,4.4442058,5.1652064,3.95431,5.540946,5.375368,5.457532,6.9676757,2.424589,3.6334693,6.0804954,5.818395,6.3003697
TCGA-17-Z028-01,4.4503913,5.0786614,6.2314763,6.294171,5.0968933,4.8663044,4.803708,5.9256697,5.492495,4.698143,7.010927,2.345575,4.4165134,6.1730046,6.143898,6.3585277
TCGA-86-A4D0-01,3.9878712,5.6125007,5.687762,6.145577,5.010022,5.6498485,4.5776014,5.9764805,5.321627,4.398537,6.4763026,2.4319553,4.4822125,6.12065,5.629179,5.338036
TCGA-55-8508-01,4.2376947,6.6743674,7.2580433,6.4830594,4.111769,5.5209637,3.2359278,5.45919,4.7311983,5.8798823,6.7938757,2.6714766,2.947371,6.074247,5.29891,6.0374074
TCGA-44-7661-01,4.092142,5.9991646,6.7719035,6.124364,4.467083,5.3172874,3.4777713,5.9025574,4.7312064,5.523866,6.7784815,3.022191,3.2765822,6.375913,5.4215364,6.3296833
TCGA-55-7281-01,4.447669,5.235197,6.4837112,6.3795023,5.168917,4.9355516,4.7661486,5.923472,5.588516,4.8712387,7.0186214,2.25106,4.2130547,6.1293817,6.181648,6.5145965
TCGA-17-Z004-01,3.0863278,7.260802,6.112345,5.2730246,4.5622435,6.0929737,3.3631256,6.4225364,3.6624196,5.075349,5.153903,3.4554513,3.4828455,6.479723,4.7031813,5.237923
TCGA-S2-AA1A-01,3.622154,7.340087,6.9530535,6.163047,3.9303374,5.9847016,3.0058916,5.564963,4.1267557,5.8851457,5.867846,2.990502,2.92838,6.054112,4.916153,5.429167
TCGA-55-1592-01,4.6166453,5.149686,6.2285957,6.657289,4.6751213,4.89614,4.537065,5.559465,5.7326555,5.0158014,6.9924912,2.17259,4.188691,5.8991637,6.063901,5.989377
TCGA-55-6978-01,3.13653,7.091816,6.4787583,5.573684,4.119973,6.0664353,3.2232826,6.320622,3.9224594,4.9810205,5.761453,3.3430452,3.5737772,6.576941,4.734137,5.36891
TCGA-55-7815-01,3.976746,7.1942515,7.1732025,6.4017954,3.940427,5.843393,3.0042264,5.4165673,4.420689,6.063481,6.289186,2.8254144,2.883225,6.0594735,4.9905095,5.661402
TCGA-05-4425-01,2.9926438,7.206224,6.095174,5.2548037,4.393293,6.1526103,3.2248542,6.334087,3.583969,5.042048,5.1880713,3.3162072,3.474319,6.4641137,4.533024,5.133088
TCGA-55-8097-01,3.45985,6.850286,6.213566,5.575706,4.542473,5.75596,3.4545922,6.14958,4.075072,5.159632,5.8148584,3.055421,3.3102856,6.3668203,4.946699,5.610447
TCGA-05-4389-01,4.517495,5.760764,7.103189,6.6344705,4.4101624,5.226335,3.4638817,5.6667347,5.2460866,5.8621764,7.24191,2.7751522,3.0709033,6.2930703,5.54307,6.621881
TCGA-55-8090-01,3.6029973,7.146881,6.4788647,5.8614163,4.169124,6.249467,3.0575442,5.7919765,4.097929,5.563761,5.7420273,3.2042031,3.2967324,6.17103,4.5720787,5.2308726
TCGA-95-7562-01,4.474066,5.513865,6.763942,6.309536,4.941044,5.138969,4.4139457,5.8187804,5.4215446,4.9548864,7.182369,2.3459508,3.785512,6.117116,5.885437,6.3363433
TCGA-55-6975-01,3.2470942,7.1350718,6.2709618,5.7175856,4.3114586,5.7674384,3.1657495,5.927751,4.010784,5.6593356,5.4912524,3.0784438,3.0698075,6.215199,4.7173934,5.3575535
TCGA-44-3917-01,4.5127974,5.960239,7.218697,6.607812,4.3986716,5.3595495,3.3594582,5.5860696,5.1252713,5.925489,7.20567,2.7582564,3.010326,6.284266,5.443677,6.5223913
TCGA-62-A46O-01,4.5109754,4.9351435,5.6760445,6.543708,4.7813125,5.052034,4.666927,5.5751033,5.7526326,4.6541815,6.8159966,2.1825638,4.5985346,5.9090996,5.9717035,5.676949
TCGA-73-4677-01,4.478724,5.6011934,6.993806,6.417335,4.608376,5.1387515,3.4709837,5.688464,5.2297506,5.737149,7.2054935,2.8193283,3.1611776,6.3436313,5.6125293,6.644708
TCGA-44-5643-01,3.8625627,7.3197665,7.1361322,6.340137,3.928538,5.95298,2.9715495,5.4132214,4.273914,6.055716,6.1539493,2.896378,2.8880873,6.0913215,4.945636,5.5731077
TCGA-62-A46R-01,4.4621882,6.404714,7.362862,6.6556673,4.2187667,5.4313765,3.2238805,5.4033833,4.9645777,6.111519,6.971502,2.626485,2.8937032,6.0762286,5.3791785,6.272657
TCGA-86-7701-01,4.3367686,5.528566,6.488589,6.2935195,4.906205,5.054926,4.062744,5.7838717,5.477004,5.1048894,7.1137276,2.5239887,3.7210963,6.0302477,5.8022985,6.2910686
TCGA-50-5068-01,3.6155715,6.890451,6.4570174,5.9529877,4.3985815,5.765867,3.236446,5.7639027,4.2708435,5.6446915,5.7024617,3.1471884,3.1271741,6.071091,4.8138533,5.384445
TCGA-62-8395-01,3.557639,6.6867256,6.622872,5.82117,4.3027916,5.9622765,3.145488,5.886292,4.294983,5.6294336,6.0288806,3.2575462,3.421274,6.544789,5.0144215,5.848175
TCGA-55-7816-01,3.2263706,6.856118,5.7902884,5.4232206,4.692764,5.9630632,3.4583833,6.4538813,4.067132,4.8074965,5.4052386,3.395792,3.635479,6.5304313,4.8896127,5.4225636
TCGA-MP-A4T9-01,3.039578,6.8914156,5.767714,5.1488676,4.579693,6.107899,3.316275,6.453394,3.8081365,4.8490515,5.213917,3.4872627,3.5353782,6.6074433,4.7840567,5.33735
TCGA-55-8089-01,4.165842,5.408809,5.7580013,6.2748995,5.10921,5.5979414,4.83559,5.96221,5.5278,4.329142,6.5792413,2.2198997,4.561213,6.0490375,5.8054304,5.4127464
TCGA-78-8662-01,4.368194,5.01178,5.368649,6.4789495,4.9794517,5.2245455,4.7401733,5.823969,5.7193823,4.4662795,6.8689885,2.3788865,4.729828,6.0051785,5.9961114,5.487391
TCGA-75-7025-01,3.4519255,7.355321,5.9669785,5.7328787,4.668894,5.9163985,3.2040224,6.170291,3.940894,5.356421,5.168052,3.4446616,3.1871436,6.225551,4.7012863,5.2409496
TCGA-44-A47F-01,3.3960197,7.0963335,6.5747585,5.772023,4.2582664,6.125209,3.0074902,5.818036,4.0317407,5.7319837,5.696669,3.305776,3.12224,6.264919,4.7196584,5.3610415
TCGA-86-8668-01,3.2854476,6.9841647,6.050469,5.437606,4.581436,5.808914,3.4294257,6.2647295,3.8773768,5.097734,5.571311,3.1511507,3.3513105,6.4128346,4.865434,5.491046
TCGA-MN-A4N1-01,4.517604,5.1864715,6.260262,6.4952445,4.822923,4.6982517,4.601603,5.799805,5.5759344,4.8855386,7.09351,2.3860564,4.084564,5.9214582,6.1409526,6.1149497
TCGA-67-3770-01,4.515859,6.033954,7.246128,6.699385,4.302972,5.318897,3.4491858,5.4801693,5.2483106,6.013707,7.0523777,2.584986,3.0204012,6.1270804,5.4708624,6.4617963
TCGA-69-A59K-01,4.4125056,5.1900105,6.357117,6.312834,5.143384,4.758241,4.896851,5.9855604,5.553106,4.601493,7.046258,2.3164217,4.248045,6.047914,6.112399,6.1555667
TCGA-17-Z020-01,3.976989,7.2482853,7.126051,6.425513,3.9556272,5.931157,2.9243429,5.4018207,4.405558,6.158514,6.2517624,2.8566298,2.805624,6.0496554,4.9677887,5.62914
TCGA-93-7347-01,3.5690837,7.356043,6.92648,6.1285405,3.895673,5.945534,3.0246434,5.711589,4.079137,5.716856,5.9331903,3.016864,3.032832,6.1837063,4.846857,5.463405
TCGA-05-4249-01,4.4382744,5.4243693,6.5605726,6.339321,4.695706,5.130452,3.7285593,5.5766616,5.4045124,5.5401573,6.990125,2.5968761,3.7788439,6.2726035,5.7619305,6.5264935
TCGA-44-5645-01,3.0963712,6.7726536,5.8729258,5.2710743,4.601559,6.0913877,3.2551408,6.3127522,3.89813,5.020418,5.3709106,3.4419024,3.4063556,6.5883026,4.8085938,5.441982
TCGA-55-7576-01,4.4616847,5.21866,6.1586933,6.476627,4.8295045,4.64558,4.462531,5.9360604,5.446318,4.948254,7.1436367,2.6232064,3.9908655,5.9820395,6.1349115,6.1781926
TCGA-78-7154-01,4.5371203,5.743931,7.13393,6.6730833,4.3923993,5.2437296,3.4394083,5.580629,5.406882,5.8833594,7.2273245,2.562938,3.1032307,6.2607746,5.513199,6.5883474
TCGA-55-6971-01,4.499361,5.870522,7.0834675,6.7002416,4.3807025,5.2010045,3.4126515,5.6278033,5.217797,5.840798,7.2269,2.7688131,3.0743535,6.189664,5.548905,6.462343
TCGA-55-7227-01,4.251311,6.486284,6.811088,6.5058985,4.1884475,5.6740313,3.355853,5.3740582,4.827822,5.898967,6.5218787,2.7097337,3.2852125,5.982746,5.215683,5.8920584
TCGA-MP-A4T6-01,3.2677898,7.026364,6.3171,5.616536,4.367609,5.8726354,3.2681162,5.8324327,3.9434097,5.558361,5.374172,3.3227308,3.2052238,6.423732,4.8300433,5.4115305
TCGA-05-4433-01,3.1272092,7.1542106,6.2262444,5.5413847,4.245755,5.985929,3.4098525,6.3233604,3.7887034,4.8516,5.496785,3.1868885,3.6370838,6.419802,4.7317243,5.121322
TCGA-55-A48Y-01,4.171728,6.0077844,6.9538164,6.0764985,4.35868,5.2836733,3.6242318,5.844333,4.6736207,5.5110364,6.887521,2.9581492,3.4642198,6.4232802,5.537942,6.5544314
TCGA-97-8547-01,3.1025298,7.0201135,6.2047234,5.3957367,4.3180394,6.0723405,3.2617834,5.916499,3.7510924,5.516032,5.3575845,3.445986,3.3096056,6.4304547,4.804725,5.253118
TCGA-17-Z005-01,3.555638,7.2930937,6.930647,5.9514017,4.0242834,6.051743,2.997633,5.6410117,3.9742513,5.797973,5.9528637,3.0256262,3.0419402,6.206229,4.9305434,5.460603
TCGA-55-8616-01,4.4211926,5.2606525,6.266871,6.356481,4.9620547,4.895535,4.6425047,5.9161506,5.4881988,4.6599298,7.2072763,2.5148518,4.0748777,6.0464683,5.989965,6.0017104
TCGA-50-6673-01,3.5663114,7.265885,6.1955624,5.861882,4.541304,5.8670216,3.1336446,5.9868584,4.073679,5.546872,5.3789387,3.3153903,3.092637,6.148869,4.732896,5.2982583
TCGA-97-7552-01,3.0655508,7.0334125,5.920574,5.2809987,4.6041756,6.1759176,3.2820055,6.42991,3.7319667,4.920747,5.337535,3.3652234,3.5450563,6.533946,4.716003,5.228841
TCGA-49-4490-01,2.898308,6.900681,6.2138247,5.1985455,4.427736,6.1333604,3.218552,6.240068,3.690194,5.1194315,5.2681565,3.362705,3.3087864,6.546394,4.7559967,5.1942067
TCGA-49-6743-01,4.385527,5.214601,5.792532,6.3650646,4.905141,5.546639,4.4025297,5.6061344,5.6310916,4.769409,6.836242,2.2418063,4.5402765,6.100456,5.817025,5.892541
TCGA-95-7947-01,4.4393764,5.174581,6.244112,6.2866526,5.191618,5.19481,4.836591,5.829379,5.6434445,4.642721,6.957291,2.118621,4.428571,6.106716,6.092663,6.2641068
TCGA-17-Z061-01,4.360019,6.671,7.451582,6.651221,4.0842156,5.5589337,3.0859852,5.2716503,4.813028,6.149866,6.8638062,2.5782945,2.8299184,6.0208955,5.2503724,6.0589504
TCGA-78-7166-01,4.4285526,5.987073,7.165916,6.7039013,4.2817216,5.304607,3.426969,5.585838,5.186006,5.9419007,7.0493455,2.710551,3.0286586,6.1940517,5.509236,6.390613
TCGA-55-8206-01,3.14201,7.2256703,5.865424,5.354881,4.5369496,5.99633,3.3364232,6.451902,3.7523448,4.928973,5.1842113,3.4393852,3.581753,6.419452,4.7674737,5.20827
TCGA-50-5942-01,3.0907514,7.018014,6.466243,5.4479704,4.355109,6.18853,3.105357,5.991505,3.8535573,5.490151,5.478808,3.3893142,3.2289321,6.533217,4.7532063,5.374694
TCGA-05-5423-01,4.207561,6.9001107,7.368147,6.537045,3.9651856,5.7016726,2.9931593,5.330828,4.62809,6.183198,6.614304,2.7240593,2.8204744,6.092863,5.187424,5.9875703
TCGA-MP-A5C7-01,3.1958542,7.0658865,6.4361496,5.5033674,4.2178254,6.0507846,2.9422839,6.0543685,3.8741176,5.4051538,5.4724836,3.4593039,3.2502906,6.482777,4.5935907,5.3809133
TCGA-MP-A4T2-01,3.2299032,7.248474,6.532407,5.6237144,4.2681174,6.1633606,3.002691,5.9185014,3.8629284,5.6002483,5.5519123,3.2865686,3.0597522,6.355265,4.6011124,5.289085
TCGA-17-Z059-01,4.3141546,6.8046813,7.3332324,6.607506,4.045451,5.6553383,3.041829,5.2846093,4.7327504,6.2307315,6.6457644,2.6428592,2.8363771,6.0105343,5.194839,5.956587
TCGA-67-6215-01,3.55312,7.255335,6.90053,5.9769464,4.0039687,5.87257,2.9269328,5.654352,4.024051,5.881906,5.775408,3.1168373,2.9030747,6.2133684,4.8705716,5.5683856
TCGA-44-3396-01,4.3588614,6.284479,7.3345876,6.35619,4.434445,5.409125,3.2301848,5.6827435,4.8355017,6.046025,6.8454237,2.6703575,2.9569156,6.0971518,5.3485084,6.377507
TCGA-97-A4LX-01,4.2951665,6.541955,7.208144,6.3862777,4.091616,5.5118756,3.2602181,5.3755364,4.7242417,5.9086947,6.7754645,2.6763606,3.15403,6.0725956,5.3672094,6.1594677
TCGA-49-AARE-01,4.1354423,5.247017,5.311655,6.328967,4.9912176,5.326945,4.6275826,5.877997,5.577198,4.3140116,6.747524,2.4919724,4.6367254,5.967539,5.8000493,5.2456913
TCGA-55-7574-01,4.2828927,5.9126244,6.72873,6.4517517,4.59111,5.4427,3.7192466,5.7109623,5.263744,5.416686,6.9135833,2.6282938,3.291801,6.1339107,5.4452887,5.990335
TCGA-62-A46P-01,4.1480756,6.1580963,7.125203,6.132071,4.416355,5.4048624,3.6496634,5.901186,4.6507287,5.554804,6.853232,2.9142087,3.436384,6.538617,5.486053,6.5945706
TCGA-55-6642-01,4.0089445,7.260728,7.2659783,6.4500113,3.9181445,5.9306993,2.9320962,5.261849,4.4116664,6.1430235,6.352551,2.8009336,2.8621993,6.0974154,5.0522804,5.7591105
TCGA-55-7727-01,4.376572,5.629597,6.8004427,6.2796826,4.6916957,5.350266,3.400055,5.586345,5.29068,5.774669,7.0210185,2.7418933,3.428684,6.396833,5.53898,6.571898
TCGA-75-7031-01,4.4828568,6.1191807,7.2495346,6.6879096,4.2483873,5.3611803,3.3983285,5.539972,5.1431737,6.000528,7.0557857,2.644592,2.9963112,6.138899,5.4337673,6.456608
TCGA-MP-A4TI-01,4.457492,5.8606424,7.164135,6.5461607,4.3090487,5.353572,3.48343,5.668711,5.1997266,5.765039,7.194444,2.693834,3.2243505,6.3218346,5.508265,6.6410084
TCGA-44-2657-01,4.388766,5.442369,6.579835,6.2193794,4.7196774,4.927954,4.18201,5.8783903,5.1654334,5.1759562,7.0863447,2.6690512,3.9129336,6.222853,5.9813814,6.6563044
TCGA-44-2668-01,4.318965,5.40849,6.4753647,6.259556,4.6053724,5.0107675,4.1180415,5.8942647,5.1130595,5.129236,7.0614448,2.7617016,3.8739247,6.2588844,5.88607,6.4263496
TCGA-44-3919-01,3.175977,7.4322824,6.232972,5.5289392,4.460834,6.3338137,3.2414382,6.188754,3.5818655,5.232812,5.364739,3.278169,3.3554459,6.3923774,4.698757,5.054992
TCGA-MP-A4T4-01,4.349758,5.4666915,6.4535675,6.230801,4.767776,5.1965294,3.7438474,5.614996,5.324555,5.4948435,6.8960114,2.641226,3.8709443,6.2881002,5.728211,6.5143785
TCGA-55-8207-01,4.431562,5.3264914,6.514515,6.3871384,4.9165573,5.069683,4.4627633,5.78689,5.420516,5.1242642,6.8460026,2.2888095,4.1388035,6.1867824,6.0403767,6.5483565
TCGA-49-AAR2-01,4.2858353,5.509237,6.5291543,6.1255507,4.734328,4.9617367,4.13744,5.832161,5.109131,5.171779,6.9238153,2.6503067,3.980494,6.241119,5.886775,6.559659
TCGA-38-4628-01,3.7548468,6.9177785,6.8152266,6.26149,4.1723833,5.83854,3.2000537,5.547809,4.48412,5.9235435,6.099846,2.8343124,3.0614727,6.073399,4.992458,5.517849
TCGA-93-7348-01,3.6242776,7.1893277,6.920119,6.069461,4.02696,6.088517,2.8840182,5.607485,4.0397415,5.8835144,5.976612,2.9742823,2.9639237,6.175327,5.0004005,5.6276717
TCGA-55-7724-01,4.427799,5.8100567,6.9615226,6.6445622,4.463841,5.2917233,3.4973438,5.7019835,5.252469,5.9452367,6.988463,2.7391975,3.1213245,6.29924,5.5329294,6.507844
TCGA-55-8511-01,4.385008,5.259869,6.196355,6.255528,5.1970716,5.367356,4.7157493,5.811305,5.643799,4.666899,6.955877,2.1591487,4.3867197,6.0883007,6.0288916,6.226254
TCGA-55-8510-01,4.3393965,5.584194,6.4476223,6.471537,4.9801903,4.990836,4.0841794,5.9590683,5.2307343,5.175243,7.0622177,2.8386,3.4421256,6.0743275,5.716505,6.210707
TCGA-17-Z037-01,3.9925656,7.2575493,7.202677,6.4481854,3.8842416,5.864263,2.974104,5.371948,4.4158597,6.108797,6.3172984,2.824426,2.8629525,6.0644846,4.959521,5.6687613
TCGA-17-Z051-01,4.532972,6.3338804,7.5373783,6.617556,4.3395295,5.442799,3.2489307,5.47884,4.8991647,6.1421747,7.0198994,2.6031294,2.8569767,6.1313334,5.443919,6.431535
TCGA-49-AARQ-01,4.481528,5.0006614,5.646008,6.4897966,5.043078,5.342207,4.727202,5.7463474,5.767299,4.6098566,6.9512706,2.2068634,4.700509,6.1299567,6.037238,5.843521
TCGA-55-6983-01,3.61286,7.332092,6.910974,6.083833,3.9878016,5.9327226,2.9638407,5.6423674,4.1049323,5.875371,5.9706798,3.0248837,2.920968,6.215397,4.7841153,5.498099
TCGA-78-7539-01,4.4292665,5.178333,6.384026,6.297694,5.2087426,4.8870597,4.8295374,5.9647107,5.572295,4.7006936,7.0487456,2.289445,4.2819138,6.130602,6.1303043,6.36336
TCGA-NJ-A55O-01,4.061703,7.3715377,7.22828,6.4015718,3.8605337,5.982243,2.9859872,5.2417707,4.4372864,6.0418725,6.3674,2.8827806,2.963548,6.1570654,5.005996,5.6618714
TCGA-86-A456-01,4.363673,5.7419944,6.7832313,6.0533347,4.3284173,5.174736,3.776782,5.6762466,4.9060273,5.3790016,7.0038657,2.794222,3.7951593,6.2917137,5.7379513,6.6212196
TCGA-17-Z027-01,3.39932,7.061708,6.4756217,5.761468,4.3082204,5.97229,3.078709,5.8102074,4.056677,5.687873,5.5783067,3.2139468,3.0801058,6.180657,4.6730566,5.2598963
TCGA-86-7953-01,2.9565582,7.1318107,6.2039185,5.2723956,4.3445888,6.110651,3.0997398,6.078597,3.6506977,5.282149,5.2459645,3.408802,3.296421,6.526872,4.5331793,5.090068
TCGA-17-Z016-01,4.3761263,5.499297,6.811756,6.2621565,4.630737,4.9622736,3.7518106,5.7476463,5.1269937,5.4281187,7.120624,2.865946,3.3967066,6.281294,5.736997,6.5512457
TCGA-86-6562-01,3.3796177,6.9460325,6.341013,5.614299,4.4045415,6.1546884,3.204976,5.745138,3.79309,5.4647636,5.492526,3.4775944,3.3321748,6.33132,4.93327,5.2533374
TCGA-17-Z047-01,2.9682064,7.092168,6.011225,5.123183,4.531755,6.2678366,3.2558692,6.3928905,3.6022074,4.94817,5.1360917,3.3473954,3.482037,6.496091,4.6116276,5.0514727
TCGA-17-Z032-01,3.6262429,7.2780833,6.887312,6.055954,3.9380548,5.9967446,2.8435225,5.6019053,4.025013,5.9207773,5.8791347,3.0877209,2.938407,6.2086806,4.721003,5.565611
TCGA-55-8619-01,3.3696504,6.9456716,6.38523,5.5055313,4.205301,6.007551,3.274476,6.144999,4.0785413,4.99985,5.964435,3.0312853,3.406781,6.4308376,4.8238897,5.4954367
TCGA-44-2662-01,4.589167,5.5040464,6.6468186,6.718758,4.565453,5.029253,4.1933465,5.5094543,5.6513124,5.36119,7.0142174,2.2357385,3.763225,5.9200535,5.881833,6.057433
TCGA-67-3774-01,3.5009751,7.2328377,6.8551836,5.8617344,4.0140543,6.000972,3.0086958,5.676431,3.9452202,5.708073,5.8807173,3.007873,3.0080898,6.1500044,4.880929,5.382014
TCGA-38-4631-01,4.5039015,4.9695587,5.6903315,6.526561,4.7969995,5.215772,4.6414576,5.539563,5.763888,4.679467,6.7720084,2.115978,4.62664,5.9385414,5.955022,5.7223763
TCGA-97-A4M1-01,3.022041,7.2160497,5.921563,5.263932,4.677352,6.0096145,3.2746265,6.3670325,3.6261537,5.1184306,4.9276357,3.4549844,3.3418853,6.462618,4.671193,5.189692
TCGA-55-8085-01,4.1742287,6.0631456,7.0540175,6.1378975,4.372957,5.285995,3.6276228,5.8678145,4.6696463,5.552853,6.905906,2.941968,3.3845637,6.440524,5.5232644,6.5663295
TCGA-71-8520-01,3.2460763,6.9829197,6.2657294,5.7041655,4.337591,6.0333304,3.1461554,5.88126,4.018996,5.7346435,5.3253384,3.3615282,3.1832042,6.1872473,4.7130027,5.150156
TCGA-53-7624-01,4.472188,4.9358644,5.460068,6.5311084,4.974215,5.213709,4.71529,5.7598324,5.771689,4.570431,6.9596815,2.3162112,4.7321095,6.0663953,6.0553274,5.6868253
TCGA-55-7913-01,4.409393,5.3679104,6.452611,6.3090672,4.7198644,4.812788,4.36496,5.858301,5.2935553,4.82293,7.2915015,2.7200987,3.7911017,6.0778546,5.8638663,6.0463614
TCGA-17-Z002-01,3.1098235,7.1114616,5.6857457,5.344091,4.6604943,6.0243216,3.317631,6.4243627,3.8862023,4.9507194,5.2103987,3.5287142,3.4758706,6.537832,4.732889,5.313837
TCGA-75-6206-01,3.4675102,7.219955,6.679817,5.892567,4.2002544,6.070905,2.994604,5.7305827,4.0493603,5.7786207,5.6878686,3.1895695,3.0103538,6.1890254,4.710764,5.313359
TCGA-L9-A443-01,4.418058,5.461582,6.560656,6.330526,4.729982,4.8842044,4.264835,5.8498526,5.2791886,4.886716,7.3402863,2.750874,3.6327953,6.0845847,5.7729506,6.035696
TCGA-97-7941-01,3.426685,6.9856515,6.5910826,5.678929,4.1382847,6.035148,3.1825242,5.979744,4.0970325,5.2674513,6.0270886,3.0151281,3.314947,6.361602,4.8479156,5.496474
TCGA-64-5775-01,4.4199553,5.1853504,6.35876,6.2640057,5.1409855,4.950855,4.767793,5.9123254,5.531429,4.75109,7.0045156,2.281526,4.311599,6.156538,6.138834,6.4033785
TCGA-62-A471-01,3.607034,6.9650974,6.73521,6.1232324,4.1754904,5.9237123,3.1798148,5.6057878,4.369974,5.849048,5.9963174,2.8589194,3.094159,6.12033,4.935331,5.435413
TCGA-62-8399-01,4.397294,5.1788187,6.319915,6.2400303,5.244565,5.053808,4.9272294,5.943816,5.5863233,4.573362,6.9662027,2.1827803,4.4176693,6.1238804,6.1006303,6.268719
TCGA-44-6144-01,4.484231,6.0202975,7.2084374,6.67377,4.440461,5.343867,3.4062643,5.6749344,5.124149,5.9907937,7.1499276,2.8010428,2.9821825,6.2774367,5.4624934,6.535167
TCGA-L4-A4E6-01,3.1660056,6.9948416,5.6157246,5.3699837,4.732949,5.995236,3.3499134,6.438395,4.0155754,4.912158,5.268356,3.5253723,3.4901888,6.5554805,4.78381,5.421608
TCGA-L9-A743-01,3.8182206,7.3032513,7.094201,6.292548,3.9311838,5.9360476,2.9920218,5.4513965,4.2646394,6.0139437,6.1268625,2.9256687,2.9190223,6.114863,4.9310446,5.5662217
TCGA-99-8028-01,4.1944346,5.53749,6.3629045,6.0463486,5.0604124,5.405062,4.5554557,5.993739,5.2100406,4.752782,6.760197,2.389421,4.174438,6.2811694,5.903297,6.2899942
TCGA-50-5072-01,4.4462566,6.6268425,7.3769336,6.7168145,4.134965,5.5579715,3.1330976,5.240006,4.9093647,6.2157655,6.8445535,2.5366151,2.860105,5.9620533,5.2836432,6.066884
TCGA-75-5147-01,3.0092225,7.045386,5.910241,5.337115,4.4971533,6.0525646,3.3306413,6.351068,3.7587163,5.0255604,5.0725145,3.4901736,3.5216758,6.4895,4.751562,5.247878
TCGA-55-6980-01,3.1154962,7.2210183,5.9862866,5.534955,4.5031843,5.750628,3.283368,6.1795163,3.8423104,5.384276,5.3106713,3.1050723,3.186602,6.3255215,4.7283025,5.3531127
TCGA-62-8394-01,3.8745396,7.3116636,7.1949186,6.304911,3.9841094,6.035335,3.001535,5.3459163,4.308866,6.0906925,6.126275,2.950867,2.927237,6.104739,4.963224,5.5064425
TCGA-44-7672-01,4.4122643,6.68078,7.4124703,6.648368,4.07338,5.52049,2.9965262,5.2902617,4.8448696,6.351395,6.767196,2.544281,2.726367,5.904971,5.182412,6.0192595
TCGA-55-7994-01,4.1371765,5.3831377,5.59988,6.334883,4.7346435,5.5802407,4.5433736,5.617803,5.508153,4.5352144,6.296258,2.1455135,4.44957,5.7278724,5.7139015,5.266411
TCGA-97-8176-01,4.245883,6.9378223,7.4451866,6.5785275,3.9488537,5.7177114,2.9373639,5.2697225,4.6461954,6.233109,6.6268506,2.6675344,2.7530913,6.052253,5.137252,5.949577
TCGA-67-6217-01,4.5253835,6.3065467,7.417447,6.661199,4.280732,5.3532176,3.282595,5.457841,4.956621,6.0749354,7.0257998,2.5689256,2.894371,6.0453835,5.4627814,6.3216434
TCGA-55-8513-01,3.2139742,6.980173,6.3334765,5.489285,4.1992497,6.0109644,3.3368392,6.3309517,3.9858751,4.8375688,5.799815,3.2118502,3.609665,6.5238595,4.787427,5.391617
TCGA-95-A4VP-01,3.8167186,7.3323684,7.098296,6.307073,3.9094024,5.969455,2.9534256,5.437094,4.2400455,6.005936,6.096058,2.8996842,2.8931444,6.0527706,4.9287314,5.518249
TCGA-55-8301-01,4.0629115,6.1222115,6.599685,6.1570177,4.553461,5.397831,3.6680694,5.826603,4.7999463,5.380053,6.6015244,2.7712266,3.3783853,6.212977,5.410655,6.082057
TCGA-44-3918-01,4.173546,5.2642255,5.523565,6.306896,4.996574,5.253303,4.637562,5.8481297,5.5411077,4.3667703,6.726238,2.4307544,4.487033,5.881838,5.7690454,5.351787
TCGA-50-6594-01,4.5342216,4.963849,5.8005457,6.504092,4.912584,5.2360134,4.686304,5.5895095,5.767982,4.7206087,6.8489723,2.0939925,4.6369247,6.0171127,6.045988,5.968457
TCGA-35-4123-01,4.5858073,5.3553414,6.9457836,6.451822,4.6593814,5.1089697,3.4219651,5.6015716,5.324897,5.6823907,7.142689,2.913847,3.1060832,6.418719,5.6077614,6.5974083
TCGA-86-8074-01,3.277983,7.0272484,6.3650045,5.6571445,4.346145,6.1416597,3.1077082,5.8511324,3.955971,5.665851,5.434724,3.3357584,3.177119,6.223423,4.673304,5.1677074
TCGA-91-A4BC-01,4.3127112,5.488476,6.329537,6.2965226,4.9971385,5.18987,4.5308523,5.8995824,5.45935,4.707958,7.02087,2.41898,4.0278616,6.060006,5.8322573,5.9263244
TCGA-62-8398-01,3.447459,7.275463,6.425375,5.976389,4.427223,6.0746436,3.3600307,5.989464,4.0139747,5.462414,5.622576,3.2176754,3.2407532,6.1119623,4.7535863,5.155827
TCGA-55-6984-01,3.041906,7.42705,6.154351,5.362682,4.4634295,6.337233,3.2611816,6.349258,3.4662423,5.038382,5.266937,3.2778049,3.4595652,6.466777,4.659214,5.004275
TCGA-L4-A4E5-01,4.4949965,5.075611,6.1779275,6.4284277,4.8009305,4.7310133,4.3527975,5.8634367,5.3558917,5.0975456,7.116265,2.6765354,4.148997,6.197015,6.1614747,6.5229406
TCGA-17-Z050-01,4.5244913,6.3645663,7.3724294,6.7033367,4.2281365,5.420217,3.25385,5.383564,5.014247,6.093895,7.022951,2.5497663,2.9042103,6.0185523,5.4179516,6.2520537
TCGA-86-8054-01,4.573595,6.019109,7.2114425,6.7700725,4.2870345,5.316949,3.3758895,5.5757194,5.202686,6.0272646,7.261075,2.738076,2.9850156,6.207189,5.445135,6.5752654
TCGA-49-AAR9-01,4.33258,5.1746936,6.105813,6.248134,5.2049007,5.130735,4.9439497,5.956686,5.5748725,4.455155,6.8324986,2.1762695,4.5184517,6.1241584,5.966332,5.938728
TCGA-50-6593-01,4.275857,5.518026,6.202604,6.4168134,5.2226677,5.04607,4.2333374,6.0690436,5.2501993,5.0469456,6.9774656,2.8359628,3.6310549,6.1059704,5.7757945,6.266847
TCGA-44-6778-01,4.251712,5.4490023,6.502733,6.1011176,4.791825,4.7239957,4.31068,5.881576,5.124824,5.0115733,6.8956537,2.6890588,3.8991654,6.070588,6.0002685,6.3926587
TCGA-55-8621-01,3.4180412,6.9540863,6.5302863,5.6353507,4.168102,6.049705,3.2321603,6.0574865,4.10583,5.1414433,6.028512,3.039198,3.4091501,6.3719587,4.830006,5.470873
TCGA-73-4659-01,4.4377284,6.0062537,7.012042,6.6222467,4.47918,5.388828,3.5251687,5.532311,5.354652,5.747623,7.0466404,2.520891,3.0914116,6.034824,5.489284,6.2150955
TCGA-55-A494-01,4.5927515,5.8503714,7.1628556,6.727346,4.538825,5.188478,3.5090895,5.566829,5.309885,5.9074335,7.243881,2.7304044,3.0330536,6.1548195,5.6388645,6.460001
TCGA-86-8674-01,4.324175,5.4326224,6.7497497,6.208935,4.6849732,5.0294743,3.73226,5.8396554,5.1091843,5.4263635,7.105798,2.9216163,3.3976932,6.378256,5.6996803,6.6243763
TCGA-86-8279-01,4.382785,5.1183186,5.833154,6.4033666,5.1636004,5.0496364,4.8133163,6.0030017,5.6226597,4.5266848,7.04676,2.421833,4.472888,6.1182327,6.0663414,5.8670025
TCGA-44-7660-01,4.368508,5.4208455,6.741496,6.199895,4.723751,4.825155,4.099519,5.791259,5.1805515,5.2460346,7.0475903,2.6638012,3.7228484,6.184876,5.9357886,6.6067667
TCGA-55-A4DG-01,4.433581,5.1307745,5.8239365,6.4449573,4.978548,5.496366,4.7680073,5.646716,5.7287087,4.598153,6.697807,1.9951984,4.6231966,6.0119605,5.945563,5.759617
TCGA-05-4244-01,4.610317,5.749567,7.046776,6.7462573,4.3425264,5.1442533,3.726343,5.42999,5.4123225,5.7897997,6.979735,2.3926048,3.356556,6.0629697,5.739291,6.3394985
TCGA-O1-A52J-01,4.3929386,6.7810016,7.3588943,6.6981196,4.014297,5.600422,3.0775642,5.224243,4.810777,6.2591596,6.7466908,2.6207237,2.8584557,5.993721,5.2494097,6.0410824
TCGA-69-7973-01,4.523256,5.4398293,6.9017334,6.598053,4.6359596,5.0329537,3.6438322,5.8837256,5.3319497,5.6091237,7.352786,2.9025214,3.1229594,6.4028482,5.697791,6.6032324
TCGA-49-4507-01,4.55461,6.1037564,7.337471,6.6550193,4.3488374,5.3431726,3.316086,5.4986353,5.114218,6.041728,7.1423473,2.6093729,2.9773867,6.125193,5.481267,6.4702873
TCGA-97-8552-01,3.056952,7.283449,5.8654904,5.260193,4.607353,6.123928,3.351683,6.459538,3.6574318,4.9556994,5.0012074,3.459218,3.505733,6.455424,4.670719,5.126506
TCGA-75-7027-01,4.548927,5.7190275,7.1379642,6.6590066,4.564957,5.0548987,3.6180632,5.676858,5.3121114,5.883249,7.231112,2.7611535,3.0788608,6.2081327,5.7244706,6.5748825
TCGA-55-A493-01,4.4449577,5.5467896,6.893194,6.48936,4.5755553,5.0800366,3.590261,5.794488,5.2421594,5.622191,7.1896253,2.8399692,3.1089432,6.3126764,5.6360188,6.5357027
TCGA-L9-A5IP-01,4.427141,5.3702126,6.7206926,6.308773,4.7348056,5.080643,3.8444803,5.854542,5.234363,5.4484944,7.2127824,2.8504715,3.5167844,6.400498,5.762637,6.6697435
TCGA-05-4250-01,4.383149,5.6560273,6.4989696,6.359764,4.4771395,5.2552505,3.8387032,5.590642,5.1312046,5.4458575,6.9041033,2.6244085,3.8453856,6.1291833,5.717676,6.4333897
TCGA-17-Z000-01,3.816997,7.2704005,7.0937047,6.257875,3.9876015,5.9873104,3.027791,5.480188,4.2652698,5.981508,6.133593,2.888319,2.9495525,6.123482,4.9528913,5.5272765
TCGA-49-6767-01,4.3696437,5.302027,6.186,6.3489676,5.157576,4.929412,4.5127983,6.0502033,5.4290023,4.8642807,7.1489205,2.6189373,4.0627465,6.1369057,6.0842214,6.3819804
TCGA-95-7944-01,4.3146405,5.8111863,6.7376256,6.418289,4.5158525,5.382381,3.2757952,5.568637,5.1485496,5.9773674,6.9245815,2.8690195,3.30964,6.358843,5.441482,6.4911804
TCGA-99-8032-01,4.3972125,5.385273,6.5331855,6.2274766,4.738187,4.8340845,4.384498,5.8674936,5.2556705,4.827047,7.2830596,2.6780593,3.8656611,6.116919,5.896623,6.1781344
TCGA-55-A48Z-01,3.0815194,7.2413836,6.1586046,5.34144,4.5400653,6.061557,3.207219,6.232522,3.4818928,5.20771,5.2572494,3.6403413,3.4984176,6.5425515,4.599882,5.1287313
TCGA-50-5055-01,3.1662567,7.1302714,6.523884,5.6142464,4.0725036,6.0597672,3.2155597,6.3004026,3.9100049,4.999341,5.783689,3.3199868,3.5858405,6.5467486,4.714186,5.348448
TCGA-55-1596-01,4.50368,6.325274,7.4451194,6.686722,4.232903,5.413629,3.1668503,5.4408035,5.0316143,6.2136602,7.0396996,2.637847,2.817517,6.1210876,5.3581934,6.4099083
TCGA-55-7907-01,4.334835,5.1444554,5.591108,6.421043,4.9718957,5.5428753,4.788322,5.693745,5.7049193,4.4583063,6.5934377,2.065541,4.703867,5.965185,5.8708205,5.466203
TCGA-50-5939-01,3.3562891,7.31921,6.5940804,5.756509,4.082565,6.202534,2.9984484,5.756084,3.9402442,5.6585336,5.753143,3.199387,3.1500702,6.213317,4.601242,5.155277
TCGA-78-7535-01,4.3563523,6.8318815,7.462982,6.6629105,3.9953575,5.6381536,2.9743204,5.225962,4.7705564,6.2814183,6.7498064,2.5999901,2.7463677,5.9982824,5.1904993,6.0100427
TCGA-49-4487-01,4.43243,5.2839603,6.3339844,6.2280474,4.8347282,5.2465997,4.0125737,5.610099,5.476691,5.1795597,7.035466,2.475369,4.1084795,6.242524,5.8319397,6.417207
TCGA-17-Z001-01,4.4260583,5.959316,7.077313,6.7480984,4.334999,5.321216,3.428899,5.6318784,5.2124605,5.99725,7.155025,2.8337202,3.1312604,6.2224584,5.426381,6.552439
TCGA-97-7553-01,2.965007,7.089945,5.8769,5.2124295,4.5986223,5.9968514,3.1854162,6.404259,3.678946,4.953961,5.171006,3.4048574,3.3176045,6.603964,4.721107,5.336119
TCGA-44-3398-01,4.480644,6.442926,7.546446,6.623856,4.307821,5.5491085,3.166835,5.458986,4.8691306,6.1394496,6.9542875,2.6261399,2.737432,6.1174617,5.3893876,6.334455
TCGA-49-6761-01,4.368781,5.532401,6.659156,6.238082,4.742514,5.3366995,3.478234,5.574931,5.3357935,5.7035885,6.994335,2.7139783,3.6010745,6.397378,5.5932536,6.580563
TCGA-55-6543-01,3.06627,7.241776,5.8801284,5.228248,4.618411,6.0432653,3.3176234,6.567163,3.674344,4.849946,5.1560597,3.4640384,3.5367258,6.5601816,4.6380696,5.2555065
TCGA-55-8507-01,4.321019,5.1578608,5.6646113,6.400605,5.114673,5.304899,4.8913293,5.9859138,5.6128006,4.397299,6.819236,2.3106253,4.604137,6.104824,5.9476533,5.51939
TCGA-44-A4SS-01,4.4415045,5.149661,6.347369,6.249009,5.1999173,4.9778543,4.758466,5.902354,5.5603275,4.715981,7.0648866,2.2837756,4.3270817,6.1567397,6.1031003,6.426967
TCGA-75-6203-01,3.106796,6.891316,5.6402597,5.248958,4.6994376,6.0690994,3.3218043,6.480276,3.945039,4.8466735,5.253972,3.538917,3.508277,6.6145506,4.7946825,5.4127283
TCGA-49-6744-01,4.428156,5.672256,7.02598,6.5799775,4.4445333,5.165547,3.5343275,5.8276854,5.2584324,5.774418,7.232329,2.8140574,3.042681,6.346191,5.556388,6.6511364
TCGA-67-3773-01,3.3902793,7.2411966,6.765255,5.8556457,4.0555673,6.0684004,3.0422938,5.742185,3.9556189,5.6973424,5.8732285,3.041766,3.0580058,6.271792,4.8443756,5.418
TCGA-05-5715-01,3.649561,7.342891,7.0201693,6.146355,3.8614736,5.932699,2.9870508,5.580154,4.0867095,5.879717,5.9620256,3.0048888,2.9801693,6.143516,4.8719387,5.5182333
TCGA-55-A490-01,4.2088723,5.271299,5.5234656,6.3847938,4.756707,5.550556,4.585667,5.6086617,5.572789,4.521344,6.3738675,2.1700804,4.5518384,5.782166,5.7529473,5.2716885
TCGA-49-4514-01,4.2379827,5.6470065,6.5170307,6.1883454,4.6750827,5.2855806,3.6038702,5.6671667,5.1035194,5.585116,6.76268,2.8160298,3.6958125,6.3205514,5.5981736,6.4473524
TCGA-44-6145-01,4.3978004,5.3176017,6.720577,6.2915244,4.737845,4.8828387,3.7586162,5.8405547,5.200078,5.417255,7.2291226,2.9468796,3.352049,6.3177085,5.7725296,6.667632
TCGA-NJ-A4YF-01,4.424059,5.1306076,5.914454,6.357663,5.144262,5.3633757,4.781708,5.802774,5.6884017,4.60704,6.9332237,2.164467,4.5766473,6.0996914,6.07593,6.068953
TCGA-05-4430-01,4.4326005,5.369445,6.775284,6.3746934,4.7259493,4.9476423,3.7217274,5.8097343,5.205141,5.4910526,7.207277,2.923543,3.2870114,6.3128905,5.7414355,6.6313276
TCGA-91-6831-01,4.6091094,5.6797814,6.992706,6.7276573,4.369577,5.109635,3.795814,5.4477706,5.4420843,5.7252045,6.9798512,2.3807492,3.41763,6.0642014,5.776182,6.3492513
TCGA-17-Z045-01,4.3933277,5.152009,5.84707,6.372682,5.0537896,5.481054,4.7424517,5.717311,5.6942353,4.5832143,6.756572,2.0687392,4.6608553,6.109107,5.9187565,5.837514
TCGA-17-Z011-01,3.4492528,7.351981,6.8636627,5.971047,3.8511665,5.9593744,2.9420893,5.5606127,3.9655964,5.878212,5.905368,2.969295,2.9673011,6.188901,4.817016,5.465523
TCGA-78-7160-01,2.9334521,6.9024873,6.26772,5.250358,4.4499784,6.232212,3.250962,6.0299153,3.6439788,5.363524,5.336328,3.391956,3.3295443,6.3737264,4.609841,5.0462637
TCGA-05-5425-01,4.158277,6.059794,7.032023,6.0541887,4.4460115,5.4013405,3.7735548,5.92013,4.669797,5.418314,6.867863,2.8882575,3.6106834,6.551017,5.5566897,6.6202936
TCGA-75-7030-01,3.0956032,6.896979,5.748871,5.3292403,4.660642,6.083301,3.2938652,6.3888793,4.049345,4.9133587,5.4442368,3.4159195,3.436746,6.590008,4.754704,5.4664226
TCGA-97-7937-01,4.5010285,5.2479434,6.379197,6.491196,4.9790406,4.872672,4.7668242,5.8133116,5.6934614,4.759999,7.1260076,2.2455723,4.1479673,5.9341106,6.115803,6.0483303
TCGA-64-5781-01,4.1193986,5.2585425,5.310265,6.313693,4.9519467,5.408689,4.673095,5.847299,5.5600023,4.305892,6.636034,2.4219785,4.6800213,5.9337087,5.7681885,5.178441
TCGA-17-Z026-01,4.304141,5.155981,5.5452514,6.4012814,4.99312,5.377739,4.698676,5.771562,5.663034,4.427667,6.750427,2.260193,4.6113048,5.9683805,5.843273,5.4489193
TCGA-55-8302-01,4.1279917,5.4869027,5.8798013,6.190446,5.1135426,5.62882,4.735188,5.9613867,5.44046,4.411865,6.600566,2.2577407,4.5237007,6.1586657,5.7435675,5.5835276
TCGA-55-7283-01,4.545353,5.7383876,7.178094,6.6639175,4.480417,5.151239,3.4378512,5.6752768,5.2959056,5.9079413,7.287479,2.7719743,2.9414139,6.2617245,5.5665474,6.6451483
TCGA-69-7763-01,3.2106366,7.0653496,6.3821344,5.587652,4.3295064,6.243933,3.1150696,5.906236,3.8660884,5.601337,5.4402294,3.3319037,3.2771819,6.233936,4.5698676,4.962565
TCGA-NJ-A4YQ-01,4.164345,5.209469,5.2870827,6.3392606,4.878633,5.4902515,4.655607,5.7362533,5.611305,4.3578887,6.583837,2.3522868,4.7733893,5.920101,5.743782,5.1824007
TCGA-97-7546-01,3.573183,6.6095977,6.668478,5.8282566,4.2911916,5.9170933,3.1762855,5.949484,4.3537407,5.550579,6.1201935,3.2280738,3.432517,6.6015944,5.080062,5.9268003
TCGA-69-7765-01,4.237866,5.3543315,5.9364753,6.2217336,5.1632705,5.5927324,4.8216863,5.9178247,5.527906,4.4450107,6.699143,2.163237,4.574662,6.159582,5.8748517,5.790007
TCGA-91-6836-01,4.482773,4.997456,6.060866,6.379659,4.950049,4.766247,4.595627,5.9241095,5.4497423,4.846107,7.1301804,2.5774257,4.3412113,6.187117,6.198832,6.3903713
TCGA-44-2665-01,3.0426652,6.7395706,6.080075,5.2126536,4.383279,6.0729485,3.248268,6.192337,3.8410463,5.090439,5.349102,3.345271,3.334374,6.582224,4.941815,5.410801
TCGA-97-A4M7-01,4.3154235,5.82433,6.9592414,6.025492,4.286425,5.2390375,3.6238062,5.7486267,4.779225,5.505646,7.057888,2.9453464,3.5663733,6.4252405,5.634279,6.724918
TCGA-69-7980-01,4.4299545,5.0707483,5.623048,6.502402,5.012496,5.4530616,4.714726,5.6054664,5.8475904,4.5461473,6.7639475,2.035268,4.7288094,5.976912,5.9110355,5.5885506
TCGA-55-A4DF-01,4.4220986,5.1289024,5.776771,6.417242,4.9434247,5.5585585,4.702938,5.6369214,5.691411,4.596539,6.7013874,2.0329404,4.6435604,6.0563087,5.898051,5.7630997
TCGA-49-AAQV-01,3.2099798,7.2437224,6.4340954,5.636059,4.2121496,6.0384827,3.164172,5.911091,3.7186494,5.6093683,5.614963,3.1781554,3.1453998,6.3638687,4.6915526,5.4025817
TCGA-73-7499-01,3.2681408,7.203151,6.4907093,5.6802316,4.2473903,6.17078,3.0406961,5.8026314,3.876585,5.6656656,5.5407286,3.3029554,3.1161418,6.220867,4.624432,5.1924844
TCGA-55-1594-01,4.554236,6.40317,7.4904337,6.69723,4.217905,5.397249,3.1757944,5.3302574,4.9818225,6.2183075,7.028836,2.5244505,2.8589318,6.0277295,5.3993425,6.307639
TCGA-44-A47B-01,2.9909205,7.2139964,5.998709,5.2240777,4.5384154,6.033803,3.2773912,6.372561,3.5783017,5.0815396,5.091812,3.496185,3.394729,6.5203104,4.5741215,5.153735
TCGA-17-Z053-01,4.355498,5.3487086,6.7372813,6.261482,4.715649,4.9875937,3.7335274,5.845213,5.1907487,5.448728,7.140131,2.9156988,3.378645,6.3854523,5.713707,6.6560273
TCGA-55-8094-01,4.429099,5.2319884,6.243048,6.3750105,4.9232717,4.6979065,4.565036,5.9860644,5.4385233,4.834317,7.161821,2.576202,4.0411115,6.0347095,6.129457,6.2181983
TCGA-44-6775-01,3.2282832,7.1664104,6.3211107,5.643404,4.3609605,6.23552,3.087118,5.916479,3.8919423,5.583147,5.3472877,3.4074795,3.2102687,6.228308,4.604889,5.072639
TCGA-73-4662-01,4.555993,5.8667603,7.222112,6.7690864,4.3542714,5.274349,3.348185,5.5905175,5.3377523,6.092443,7.2332244,2.692937,2.9678767,6.2308693,5.4972205,6.6275744
TCGA-62-8402-01,2.95571,7.251177,5.949251,5.149179,4.4801803,6.2140203,3.1599846,6.366393,3.5589013,5.00897,5.0358067,3.3736289,3.4033325,6.4403834,4.613049,5.076526
TCGA-05-4422-01,2.89579,7.2013674,6.040297,5.2757726,4.5215297,6.2867885,3.2567985,6.389963,3.545879,5.0160737,5.236619,3.289033,3.4246767,6.5244956,4.6722097,5.07539
TCGA-4B-A93V-01,3.9279714,7.327456,7.2283335,6.3961787,3.9117174,5.954581,2.9258308,5.3372746,4.2852216,6.1403294,6.21409,2.8072028,2.8343792,6.0283227,5.007825,5.620103
TCGA-55-8506-01,4.092665,5.421243,5.5463295,6.2986407,4.762008,5.6345644,4.562833,5.678542,5.475746,4.4697776,6.262559,2.198834,4.5118318,5.789551,5.6760836,5.183972
TCGA-86-8073-01,4.039362,5.4016786,5.3814297,6.248034,4.9057293,5.566028,4.574332,5.7981386,5.51855,4.3232536,6.5084715,2.3709934,4.64539,5.9252295,5.657933,5.141622
TCGA-MP-A4TE-01,3.9935055,7.269308,7.176026,6.5278335,3.8996913,5.961559,3.0221977,5.258501,4.437943,6.178314,6.2670765,2.8509934,2.8700125,6.013918,5.056011,5.602548
TCGA-64-1679-01,4.3401637,5.3833327,6.3046017,6.1973004,4.9900184,5.2067804,3.9565263,5.6814117,5.4110594,5.299492,6.908981,2.5809627,4.036827,6.2668843,5.7829647,6.464632
TCGA-05-4382-01,4.1520495,5.2266192,5.3483787,6.3682814,4.8006535,5.4993258,4.637347,5.6633554,5.643641,4.3981805,6.416485,2.244583,4.6687307,5.7740088,5.750248,5.115566
TCGA-17-Z042-01,4.3674507,5.365616,6.4913344,6.18769,5.054238,4.8690605,4.602136,5.9426627,5.404225,4.7841377,7.075087,2.4152782,4.047901,6.075871,6.050936,6.373707
TCGA-44-A47G-01,3.3656175,7.0360913,6.4628844,5.739692,4.3244357,6.010368,3.0312672,5.8839397,4.0849757,5.6576157,5.5597806,3.2286022,3.0643938,6.192053,4.5832458,5.2253637
TCGA-78-8655-01,3.4522288,7.378481,7.0462813,5.9359612,3.826496,6.034843,2.918869,5.614728,3.8789105,5.801676,5.8770804,2.9901857,2.9686618,6.194265,4.9003906,5.4341183
TCGA-73-4676-01,3.3389115,7.116904,6.6464972,5.7816386,4.0762763,5.991571,2.9952962,5.628397,4.0189357,5.8431025,5.7086973,3.0353024,2.9815345,6.1152344,4.702589,5.1817517
TCGA-62-A46S-01,3.5778964,7.435219,6.9687862,6.0705,3.8891075,6.029064,2.8578074,5.583729,3.981409,5.9342446,5.877216,3.0283535,2.8905318,6.159339,4.7835793,5.469034
TCGA-64-5774-01,3.9713423,7.370493,7.2668505,6.4182415,3.8817809,5.94506,2.900524,5.3308306,4.3164697,6.147026,6.293264,2.8150682,2.8136647,6.0714326,4.948417,5.640851
TCGA-71-6725-01,2.9262495,7.0395665,6.2934995,5.31555,4.361226,6.1859365,3.0795176,6.1421313,3.6929827,5.393889,5.1023984,3.496074,3.2717853,6.329121,4.6633086,5.1798463
TCGA-49-AARO-01,4.2846866,5.434278,6.152311,6.3544703,5.2737656,5.124396,4.397904,6.0536466,5.3207927,4.92587,6.9425745,2.6870916,3.8587134,6.1411386,5.85748,6.290192
TCGA-97-7938-01,4.3286037,5.7514076,6.8446383,6.001345,4.3217216,5.1846075,3.765556,5.751016,4.825928,5.377809,7.037893,2.8817532,3.7331433,6.371319,5.7166715,6.693135
TCGA-99-AA5R-01,3.202214,6.9202576,6.389659,5.388106,4.157609,6.045049,3.2526371,6.1591115,3.9596457,5.025744,5.7953463,3.1680586,3.4338233,6.4862337,4.7933307,5.409383
TCGA-64-1680-01,3.0626035,7.2385316,6.406038,5.475591,4.2877355,6.300565,3.116241,5.9501233,3.694439,5.521013,5.3389964,3.3059616,3.1985962,6.3782825,4.620648,5.160238
