	PCA_1	PCA_2	UMAP_1	UMAP_2	tSNE_1	tSNE_2
TCGA-05-4244-01	2.1429106387002417	-0.6072711611779099	16.889812	-0.97250396	5.6537547	15.95538
TCGA-05-4249-01	-0.48471435592542556	1.1668961958399517	16.168863	-1.1361911	4.7823315	11.122261
TCGA-05-4250-01	0.2340012220607505	-2.5822208474714006	17.740307	-2.274268	-0.55438703	4.668022
TCGA-05-4382-01	2.2953346588783154	-4.516810920732377	17.98932	-2.0801373	4.993117	4.61428
TCGA-05-4384-01	0.16346556701551548	4.537402753232473	13.899031	-2.1379366	-2.0921693	-11.680148
TCGA-05-4389-01	2.407779422903303	-2.287942437796196	16.606339	-1.2675565	6.0515184	14.203421
TCGA-05-4390-01	-0.11126248017554605	0.24249998384335028	15.987127	-1.8155364	2.645699	12.938531
TCGA-05-4395-01	1.1830196861174735	-3.6664634581987925	17.813965	-0.95510757	11.716225	16.82809
TCGA-05-4396-01	-0.04550740244477794	0.6008684466941225	14.978543	-1.9468566	-9.174184	-4.389139
TCGA-05-4397-01	-0.5214377220869415	-3.885912113270626	17.95584	-2.5545201	1.5485655	4.0793653
TCGA-05-4398-01	-4.798133716739634	-1.4164175668720163	16.471203	-2.9684467	-14.870662	-1.6237607
TCGA-05-4402-01	-0.36784372107544705	-2.94573770910084	16.716686	-0.41537115	2.5246034	17.625336
TCGA-05-4403-01	0.16039122186035307	5.889827743043633	13.94576	-2.355028	-2.0637853	-12.428732
TCGA-05-4405-01	1.857178207142478	-4.372080283131705	18.050365	-2.0402367	3.9833486	5.0164056
TCGA-05-4410-01	0.538520451015106	-4.977615114209041	18.023968	-2.082772	5.276973	3.6622
TCGA-05-4415-01	0.2839027662514828	-1.185852689202618	16.976517	-2.317578	-1.5788156	14.083335
TCGA-05-4417-01	1.5124292631310965	-1.7955100677966873	17.355984	-2.4201016	-1.1688955	3.432848
TCGA-05-4418-01	0.8813385404848558	-2.267482282745691	17.825932	-2.3065224	1.2017971	4.4523654
TCGA-05-4420-01	1.472353123192025	-1.6028928901462736	16.147879	-1.4723473	3.576463	15.283129
TCGA-05-4422-01	-0.29923956644910116	0.5358793586628977	14.922359	-2.2052128	-1.9942243	2.2114573
TCGA-05-4424-01	1.2529548455708686	-4.768011288102152	18.025564	-2.147889	4.97821	4.1704087
TCGA-05-4425-01	-0.1116844196844662	-1.9715751488885458	17.72083	-2.1267507	-0.70856565	5.0135574
TCGA-05-4426-01	2.285519429395688	4.002015534292032	14.0190935	-2.5839608	-1.3104041	-15.162765
TCGA-05-4427-01	0.7070217884404582	-5.150019611450086	17.652164	-2.0127437	1.7182268	7.949363
TCGA-05-4430-01	0.7813962757221704	-4.219905333652	18.180418	-2.2650943	3.6625726	6.579508
TCGA-05-4432-01	-1.0727929167735446	-5.121729050144381	18.15292	-2.54038	0.9270203	6.3108025
TCGA-05-4433-01	1.3084123287996297	4.351855543813862	13.646332	-1.9222033	0.7948911	-12.740469
TCGA-05-4434-01	-2.3199201118829564	4.060747406115566	14.228269	-2.3205106	-4.1134753	-9.092422
TCGA-05-5423-01	-1.9514737884328728	2.071679203327663	14.98035	-0.1254019	-7.162891	12.704701
TCGA-05-5425-01	0.7373455360826733	3.4670008288976213	13.843269	-1.560984	-0.91135305	-11.217741
TCGA-05-5428-01	-0.9248404306681787	-0.4500077215308317	14.959149	-0.14691477	-6.6339555	12.333543
TCGA-05-5429-01	2.4175591249801265	1.2818299695771251	15.249254	-0.6111233	-3.731771	8.439645
TCGA-05-5715-01	1.5949705796904914	1.8260038570849686	14.646879	-5.610439	25.626932	-3.1325617
TCGA-17-Z000-01	-7.12662691610018	1.2252954981100952	-6.093871	-0.5918201	-39.159443	-0.4647096
TCGA-17-Z001-01	-9.311309249315165	-1.0899923187073255	6.90242	7.0783024	-44.82666	0.06477065
TCGA-17-Z002-01	-7.12246313413097	1.231205126222826	-5.9380965	-0.7479397	-36.785408	-1.3047407
TCGA-17-Z003-01	-9.308736808539429	-1.0911410420571508	7.14376	6.817327	-46.097584	-1.6613379
TCGA-17-Z004-01	-7.125038879127666	1.2260516039684	-6.147031	-0.538283	-39.252895	-2.272259
TCGA-17-Z005-01	-7.124684525565639	1.2273272543399485	-6.011691	-0.674387	-39.486763	-1.0281829
TCGA-17-Z007-01	-7.124674085472535	1.22384024568837	-6.365139	-0.31704825	-38.63712	-0.13969861
TCGA-17-Z009-01	-7.123848594339881	1.2296278100352738	-6.0038967	-0.68235296	-37.363605	-0.1319374
TCGA-17-Z010-01	-9.308990470670475	-1.0910419868890244	7.185007	6.7784576	-45.633713	-2.2244134
TCGA-17-Z011-01	-7.125717374646253	1.226133240793263	-6.120315	-0.56538016	-37.56678	-1.6199937
TCGA-17-Z013-01	-7.12521678000373	1.226987770319482	-6.124324	-0.56144166	-38.13759	-2.023338
TCGA-17-Z014-01	-9.31088211698044	-1.0902345526547645	6.9985323	6.9767585	-44.33966	-1.6559728
TCGA-17-Z015-01	-5.299783871411368	-2.8143716719718053	5.385809	7.621197	-39.35167	2.55799
TCGA-17-Z016-01	-9.316292730660317	-1.0879055311631536	6.8060827	7.321016	-44.417725	0.52747303
TCGA-17-Z017-01	-9.311382735104521	-1.089933049739172	7.005057	6.979757	-46.014317	-0.24088348
TCGA-17-Z018-01	-9.30893735451221	-1.0912073856632831	7.1790094	6.7817454	-44.93792	-2.5057952
TCGA-17-Z019-01	-7.124891989473003	1.2247508361783506	-6.4101624	-0.271617	-37.992306	-0.005035593
TCGA-17-Z020-01	-7.124586094893456	1.2250825641005996	-6.383295	-0.2987681	-38.711517	-1.7384677
TCGA-17-Z021-01	-9.316823566401963	-1.0881974735671458	6.783284	7.3651447	-43.676765	-1.9591922
TCGA-17-Z022-01	-5.2064926579118085	-2.2326131402504337	5.86307	7.390994	-40.881683	2.39022
TCGA-17-Z023-01	-9.310762486198314	-1.092371658979653	6.8130107	7.2376213	-44.89709	-0.6096491
TCGA-17-Z025-01	-9.310394898447743	-1.0917855675662829	6.948195	7.0729175	-43.42949	-0.6378434
TCGA-17-Z026-01	-6.623030644110489	-0.9021565626590213	7.073874	6.8998885	-46.1407	1.5005785
TCGA-17-Z027-01	-7.1242884759538025	1.2262664099001361	-6.3018646	-0.3810351	-37.56978	-0.937873
TCGA-17-Z028-01	-5.300507821916819	-2.8121625329503126	5.397878	7.616621	-39.18212	3.251973
TCGA-17-Z030-01	-5.2994989463478595	-2.8161173861498363	5.3993263	7.615161	-38.74116	3.1128428
TCGA-17-Z031-01	-5.225414036445853	-1.841482256650044	6.8937263	7.105587	-46.277237	2.059494
TCGA-17-Z032-01	-7.1235320979572965	1.2301915700450796	-6.027322	-0.6592861	-38.16608	-0.7193993
TCGA-17-Z033-01	-9.31068980746866	-1.0915360807358807	6.9424725	7.017721	-45.499207	-0.69136256
TCGA-17-Z036-01	-7.123787434456165	1.2305006063633863	-6.0673604	-0.61914283	-37.39213	-2.4592125
TCGA-17-Z037-01	-7.125324514945505	1.2276191557808611	-5.993076	-0.69292945	-36.88618	-0.6397225
TCGA-17-Z041-01	-7.12507902052793	1.2268042342658785	-6.143786	-0.5421091	-38.015583	-2.7456906
TCGA-17-Z042-01	-9.31001321851589	-1.0925473187313666	6.9955983	6.931038	-44.228382	-2.4126801
TCGA-17-Z043-01	-9.310741495706067	-1.0910110381690685	6.9787364	7.0063076	-45.46286	-1.3202173
TCGA-17-Z044-01	-7.124236775803899	1.2300030827758626	-5.98537	-0.70254654	-38.6986	-2.6451845
TCGA-17-Z045-01	-6.945492054735666	-2.202336444488309	6.5614595	7.0194297	-41.604553	1.210827
TCGA-17-Z047-01	-7.123983239378174	1.2284142706256926	-6.0768023	-0.60912025	-36.944202	-1.9623816
TCGA-17-Z048-01	-7.124100120455762	1.2298479025719433	-5.948486	-0.73795176	-38.72945	-1.0914049
TCGA-17-Z049-01	-5.2995653254814465	-2.815227370712957	5.3979855	7.6167903	-38.646107	2.71368
TCGA-17-Z050-01	-9.310667385997762	-1.0912324600481598	6.9200273	7.0674286	-44.236584	-0.41561863
TCGA-17-Z051-01	-9.316424120792345	-1.087210775061706	6.867205	7.351823	-46.272835	-0.95003134
TCGA-17-Z052-01	-9.311498407187239	-1.0912957939933212	6.9017158	7.078028	-44.733547	-1.1425292
TCGA-17-Z053-01	-9.310535408826265	-1.092379227951752	6.8580823	7.10336	-45.40017	0.18122096
TCGA-17-Z054-01	-7.124856819240211	1.2229660310895947	-6.393084	-0.28876072	-38.12657	-1.3614739
TCGA-17-Z055-01	-6.895371137686323	-2.1815310110357182	6.643751	7.131027	-41.58162	1.222575
TCGA-17-Z056-01	-5.299843113700959	-2.8153307077149887	5.3960505	7.6170406	-38.99747	2.45709
TCGA-17-Z057-01	-9.309050730484564	-1.0908352974014335	7.173297	6.783245	-43.39684	-1.3418425
TCGA-17-Z058-01	-7.124494112047565	1.2281979096838103	-5.9682317	-0.7179904	-39.4948	-1.6525307
TCGA-17-Z059-01	-9.31472604869893	-1.0888717335929095	6.777051	7.324995	-45.00594	-1.7691674
TCGA-17-Z060-01	-9.310609927403116	-1.0909346496422245	6.8960104	7.152144	-44.06587	-1.0308342
TCGA-17-Z061-01	-9.310292766949921	-1.091795638008341	6.911297	7.1935844	-43.762917	0.04706791
TCGA-17-Z062-01	-5.299936550897045	-2.8140767788675918	5.387392	7.6307054	-39.461884	2.9963539
TCGA-35-3615-01	1.959805662855249	3.2059200109260595	15.62323	-0.17252721	1.4164711	21.208727
TCGA-35-4122-01	1.843570012571448	-2.610492698104895	17.357191	-1.1686318	7.978111	14.791026
TCGA-35-4123-01	-2.2611799300029025	-2.0074550355685714	16.371878	-3.4122717	-3.0606217	-0.6553084
TCGA-35-5375-01	-1.9087490571388888	-2.2676399688287314	14.448315	-0.2424996	-4.262938	11.251713
TCGA-38-4625-01	-4.135976235738836	-1.6055345900178757	16.42646	-3.2427053	-5.0564194	-1.1163003
TCGA-38-4626-01	1.6152074560462384	4.362018491011652	15.816854	-0.11830743	1.7085497	21.960865
TCGA-38-4627-01	-2.0766394451023538	6.00124044825456	14.465323	-3.9232762	-11.867714	-6.3835306
TCGA-38-4628-01	-0.6306921624094424	-0.35120500614580147	16.839762	-1.2165823	6.6878524	17.3304
TCGA-38-4631-01	-0.5012533823375785	-1.8320405212000437	15.508399	-1.7699374	-8.802429	-0.9901485
TCGA-38-4632-01	1.4586213739436982	-1.673463373686629	16.729187	-1.376707	5.126527	14.660749
TCGA-38-6178-01	1.26932165166943	-1.3334718980693443	17.94284	-4.804215	7.3187094	17.342747
TCGA-38-7271-01	3.100092608261519	2.8474818780174824	16.75393	-0.07288072	11.434402	19.476233
TCGA-38-A44F-01	2.770313616260867	5.265519569567541	14.930109	-4.952192	21.435627	-2.5428367
TCGA-44-2655-01	-0.4782328665440371	6.439169029736885	14.109226	-4.0641603	-13.991902	-10.002196
TCGA-44-2656-01	4.1175139588923795	-3.921284431182302	17.788563	-4.966779	11.713107	0.14351602
TCGA-44-2657-01	2.1191059524236104	2.801044900128927	15.303237	-5.187676	14.60765	3.3720944
TCGA-44-2659-01	2.9333191534210834	0.09742996806742513	15.480529	-2.679136	13.24064	8.850862
TCGA-44-2662-01	4.568111490215376	-3.2304913008557823	17.891401	-0.63999385	16.22083	12.914076
TCGA-44-2665-01	-0.3399069848074406	2.8539818398205097	15.449984	-5.8929195	14.617338	-12.085463
TCGA-44-2666-01	1.200912308381784	3.6092299199324427	15.1271	-5.7739787	23.355467	-9.382934
TCGA-44-2668-01	6.935080348532719	-1.7984174643089605	17.780104	-0.50117207	16.42933	11.92698
TCGA-44-3396-01	-1.394585881466627	6.354760808882641	14.100641	-4.282297	-16.544191	-9.19968
TCGA-44-3398-01	2.0403902874916624	4.83030326592774	14.690227	-5.458208	20.687668	-7.376901
TCGA-44-3917-01	-1.8491040354669288	3.5284274606713915	14.001336	-1.6493139	-4.1159325	-18.136631
TCGA-44-3918-01	-2.1993117101770885	5.205340542721789	14.031421	-4.1694617	-15.807883	-9.481149
TCGA-44-3919-01	1.1297960718143112	3.8694485911482026	14.287478	-4.425747	-14.914696	-11.6230135
TCGA-44-4112-01	4.307367567101815	1.162847341809941	17.284245	-0.29896364	17.499138	9.691147
TCGA-44-5643-01	2.126439941879969	-4.0356046583101035	17.87923	-3.9643362	8.614031	-1.1130552
TCGA-44-5644-01	0.030241790946904604	-4.829440259821588	16.95562	-3.9880927	3.3695264	-4.5450325
TCGA-44-5645-01	3.437546617047383	-4.476264939822632	18.234869	-2.9488711	19.59193	7.0749445
TCGA-44-6144-01	4.0779433855900615	2.514298215317772	14.9827385	-3.0867863	11.657276	5.8983054
TCGA-44-6145-01	-1.4303961843055113	2.8191683804221834	14.735493	-3.864912	-7.826517	-10.361334
TCGA-44-6146-01	1.4652122804741676	3.927450651590508	14.224322	-2.8801417	-4.1791134	-14.286505
TCGA-44-6148-01	3.2012727981623255	4.721225496473555	15.127904	-4.9826956	19.159216	-5.4431796
TCGA-44-6774-01	1.0350591897047496	3.86319374220242	14.743306	-3.494464	-7.8300695	-8.575278
TCGA-44-6775-01	-0.5033281336065641	-3.233984492440031	17.3968	-3.3018358	4.336816	-0.026754472
TCGA-44-6776-01	2.311350640749679	2.4982225143640684	15.008646	-1.3052784	-5.649035	4.0899754
TCGA-44-6777-01	0.8212563696586141	0.5316856638518264	16.102188	-3.8976798	-1.4437321	-2.4323673
TCGA-44-6778-01	2.1220901624808017	-0.12013538684494478	16.434732	-1.1624749	5.2384844	11.138791
TCGA-44-6779-01	-4.7010121929501665	1.5948418191999263	14.158923	-0.7058926	-12.383169	0.28841746
TCGA-44-7659-01	1.4399048895918796	3.444960681911712	15.412399	-5.5555663	20.787561	-4.942169
TCGA-44-7660-01	1.3173028777707125	-0.7919518157436962	16.03253	-1.497333	3.0247755	15.53797
TCGA-44-7661-01	3.197213044415791	-3.012676239866857	17.742033	-3.39713	17.720688	-14.864493
TCGA-44-7662-01	2.102368730932741	-1.9785881857882919	16.363277	-2.6848385	7.8836975	4.217003
TCGA-44-7667-01	0.04237654883285103	-3.471053964832727	16.807526	-3.7558074	3.0435724	-3.8887634
TCGA-44-7669-01	3.696219036670369	-2.839967952911749	18.21239	-0.8447129	14.603063	15.653986
TCGA-44-7670-01	-2.249763899408118	-4.3984147635999715	16.685041	-4.0213184	2.0725305	-5.586088
TCGA-44-7671-01	2.4402132022579455	-2.048308057092347	18.044947	-3.9295888	9.920965	-4.435347
TCGA-44-7672-01	-2.0298268803651185	-0.2514758414025866	16.354795	-5.8154716	10.163697	-12.927896
TCGA-44-8117-01	-0.08905119192404219	-3.493377219093083	17.017834	-3.922907	3.630533	-4.976692
TCGA-44-8119-01	0.5129564256095251	-3.692693277316641	16.692266	-3.968098	0.16067097	-5.814851
TCGA-44-8120-01	0.9170746603524402	-0.6864755702759228	15.720331	-3.827339	17.79066	4.02259
TCGA-44-A479-01	1.8705508468015306	-1.2628683730192964	17.470764	-3.3309512	18.803923	-16.032696
TCGA-44-A47A-01	-1.3195982403314381	-0.4134109029488278	16.515402	-4.356102	3.8069236	-8.216798
TCGA-44-A47B-01	-0.49218443621533675	0.7523875039746567	16.335566	-5.9708548	11.805631	-13.547256
TCGA-44-A47F-01	1.1732586291295894	-3.425461607404007	18.049961	-3.7210984	9.207296	-4.8068357
TCGA-44-A47G-01	0.5312883429842804	5.642116177814108	14.376785	-4.016694	-11.91518	-7.999543
TCGA-44-A4SS-01	0.1092343964616495	-3.342141739498354	17.103512	-4.21821	6.921219	-6.4428663
TCGA-44-A4SU-01	2.521670637686953	1.8750946386592147	15.634302	-5.173095	15.65153	-7.6641006
TCGA-49-4486-01	3.310790880047771	2.955700589036656	16.17668	-0.10735505	10.357291	11.640469
TCGA-49-4487-01	-1.6562157870247725	1.1933519699645003	15.47943	-1.3929385	-14.361913	7.1678057
TCGA-49-4488-01	-1.0887221209162687	1.0551867829384585	15.157128	-1.7875273	-10.532067	-1.9805518
TCGA-49-4490-01	-0.9839033121874209	1.5993907096144626	15.2006	-0.28593916	-8.080708	12.051414
TCGA-49-4494-01	1.1047347671780543	2.908780106245798	16.125713	0.056590717	-19.228287	-2.0881438
TCGA-49-4501-01	0.7768023077330395	0.9319273527243499	15.62914	-2.0570138	-8.847282	-15.749781
TCGA-49-4505-01	-3.189246944921199	3.4637756364076853	14.842144	-1.0700624	-16.148405	-5.7368374
TCGA-49-4506-01	-2.020122766270499	-2.0847602108446535	16.800697	-2.672698	-3.8659248	2.375354
TCGA-49-4507-01	-3.6493321997427355	-0.13894581703419912	14.57481	-0.9834027	-9.807322	1.1863477
TCGA-49-4510-01	-0.622891069036659	-4.234286340530115	17.973764	-2.5998025	-0.88332045	6.4504676
TCGA-49-4512-01	-0.31394561931878506	-3.27513626370576	16.73972	-2.069656	0.07316938	9.141287
TCGA-49-4514-01	0.22905837070529025	2.9508299795239643	15.998177	-2.2631147	-13.71968	12.889115
TCGA-49-6742-01	0.8791842453862935	-1.4716486223463436	14.044784	-0.6311071	5.2305536	-11.581922
TCGA-49-6743-01	-2.1419832128322844	-1.185957679125441	16.157637	-3.2871304	-6.1054816	-1.9212899
TCGA-49-6744-01	0.17661836673774958	4.443968682236587	15.578944	-0.3179119	-15.8153105	-4.432392
TCGA-49-6745-01	1.5428312656139287	1.4981629779605357	17.087122	-0.52298164	7.2025046	20.310278
TCGA-49-6761-01	2.9410100596251088	0.027736141652219166	17.049824	-0.52927184	9.16109	19.37047
TCGA-49-6767-01	0.2913562368190214	-2.572852799440399	17.212435	-1.086375	-3.8399217	19.41385
TCGA-49-AAQV-01	3.452288787307499	1.2377037064886314	13.838714	-1.5463334	1.5517942	-10.892325
TCGA-49-AAR0-01	0.6923565070369458	0.19672769310438648	16.178537	-1.9794586	2.6096501	11.672533
TCGA-49-AAR2-01	-0.41862665850796943	1.2933190085586757	14.482391	-2.3414252	-2.3872585	1.4036793
TCGA-49-AAR3-01	-1.3188680487022575	4.769368591773483	14.3656435	-2.1617148	-5.093239	-12.129925
TCGA-49-AAR4-01	4.45160115979942	-0.12444901853938567	15.661596	-2.5584483	10.008481	5.8910794
TCGA-49-AAR9-01	2.092598251956252	-1.5710809875357938	16.973854	-1.1057127	5.492808	16.028915
TCGA-49-AARE-01	-2.6251859038072887	0.631911777838148	14.9631195	-1.8030181	-9.656536	-1.3897195
TCGA-49-AARN-01	-1.049071078387103	0.2382387967223749	14.205441	-0.40447173	-4.143461	13.425439
TCGA-49-AARO-01	-3.7850183787955793	-2.1757071754329513	16.659048	-3.0472744	-4.7425776	-0.23462348
TCGA-49-AARQ-01	-0.8280931911506196	-2.7402988549546774	14.711326	0.23158751	-7.129951	15.572102
TCGA-49-AARR-01	3.4712659087189057	5.9840219576462	15.412437	-2.4357672	-13.381642	-15.867034
TCGA-4B-A93V-01	-1.4667864986602872	-2.2140429809336215	16.88266	-5.284479	9.9395275	-10.715991
TCGA-50-5044-01	0.15045237267432254	2.3584668609126633	16.106012	0.030556696	-19.06762	-2.6157339
TCGA-50-5045-01	1.5036827580295242	-0.860476343416924	15.542014	-0.78953636	-10.463183	8.340242
TCGA-50-5049-01	0.3189387906518	-4.7092465423025525	18.026855	-2.4142044	2.338425	4.000119
TCGA-50-5051-01	-2.041388640410237	0.15776314572064154	15.348402	-1.9554831	-9.093745	-2.4814894
TCGA-50-5055-01	0.3713961318237025	1.781788242484169	16.171587	0.14817826	-19.737886	-2.442745
TCGA-50-5066-01	2.810249921281642	1.6474288142138527	16.978325	-0.2689469	10.441825	19.281048
TCGA-50-5068-01	1.8799887897705185	-2.6397369619247715	17.693907	-1.0409414	10.45688	15.1914
TCGA-50-5072-01	-2.979557094979147	-0.895219967166996	14.671124	-0.18856525	-5.3601527	11.677138
TCGA-50-5930-01	-0.6029506805601172	2.2684754412382375	16.104324	0.10011275	-19.998308	-2.5271897
TCGA-50-5931-01	0.01763643212439261	1.885006225638922	16.087349	-2.4559565	-13.714102	12.733396
TCGA-50-5932-01	2.583321344981264	0.08744560831363747	16.554708	-1.6530848	6.371688	8.867013
TCGA-50-5933-01	-2.8805949936910284	-0.8728526390045027	16.507433	-2.7863917	-5.2080245	0.32115516
TCGA-50-5935-01	0.5471813538458125	-5.312194543072758	18.125206	-2.2939668	3.3187973	4.391497
TCGA-50-5936-01	-1.2250389944109787	0.2511768823646931	13.901142	-0.7249544	5.041435	-12.922618
TCGA-50-5939-01	1.0727282663752575	4.048438618226505	14.017756	-2.5223305	-1.414596	-13.690634
TCGA-50-5941-01	1.7535364649112215	-2.2149612106619507	17.401415	-1.0903612	8.372439	13.74332
TCGA-50-5942-01	-0.12712244855014324	2.514569562231709	15.142217	-0.46153605	-8.420413	10.833765
TCGA-50-5944-01	2.8790912284455508	-0.9114019276505038	18.049582	-0.6931198	13.549095	15.454573
TCGA-50-5946-01	-0.19203654575622978	-1.1105646299092216	17.0533	-2.067427	-1.2344574	15.012519
TCGA-50-6590-01	-1.003020576537706	0.6714179357893116	15.405569	-1.4566288	-14.783207	6.892348
TCGA-50-6591-01	-2.1440592951837982	1.4471169733873033	15.905905	-1.7139779	-14.428206	4.415618
TCGA-50-6592-01	-0.09170261621102	-0.33781407319624007	15.60649	-1.2404095	-12.586443	7.304876
TCGA-50-6593-01	-3.907658477673891	1.4415578009125398	14.844084	-2.0926592	-11.629002	-5.537589
TCGA-50-6594-01	0.5795929405738921	-1.3695080448119061	16.285553	-2.1781468	4.593898	13.356541
TCGA-50-6595-01	-0.8134054922684669	-1.019066082391789	17.522705	-2.5494132	3.8320224	1.8912075
TCGA-50-6597-01	-1.480915594589397	3.6259075096804882	14.6052265	-3.47122	-9.741772	-7.1954813
TCGA-50-6673-01	0.055355533635662035	-1.0992373875593278	16.334833	-3.70143	-1.8642077	-4.365845
TCGA-50-7109-01	3.034623258279374	-1.2395305700589674	16.4926	-1.4757941	6.448811	9.160592
TCGA-50-8457-01	3.0736499374525743	4.670959070720455	14.795727	-5.6630807	21.491478	-8.151551
TCGA-50-8459-01	0.9334084115220277	3.0304597632966357	14.066467	-2.9130769	2.6336074	-15.4006
TCGA-50-8460-01	0.33164376652403305	0.24850837837080295	15.67601	-5.9907594	6.837438	-14.320359
TCGA-53-7624-01	-5.336240353158771	-3.599320625914438	16.507603	-3.339161	-4.380093	-1.2618912
TCGA-53-7626-01	-2.0421763608480035	0.7668066259837519	16.97823	-2.2867906	-6.5364003	0.38622323
TCGA-53-7813-01	-2.1147325765238465	-2.0574586607855845	16.524527	-3.745339	-0.8511218	-5.2786126
TCGA-53-A4EZ-01	0.39372383064744865	-4.927561702069199	17.268444	-4.1636033	5.169422	-5.279379
TCGA-55-1592-01	1.8082144418013497	-2.349024837510673	17.328646	-1.1008453	9.566351	16.21354
TCGA-55-1594-01	-1.1546331872336566	-4.458944726298303	17.7988	-2.5704858	0.50701547	3.7794116
TCGA-55-1595-01	-3.741972391172148	0.10665374466115397	15.011225	-1.9481868	-10.279961	-1.9909378
TCGA-55-1596-01	1.390586480392192	-3.871179872033493	17.661715	-1.3035386	7.283095	15.78262
TCGA-55-5899-01	2.5081679116758084	-1.8510851891480837	17.944416	-1.1679883	12.7858925	13.932535
TCGA-55-6543-01	2.244686660749896	1.0661400137174286	17.10299	-0.27828026	5.7380404	22.837444
TCGA-55-6642-01	1.452674581152825	-1.2434725785633125	16.63095	-1.9690863	-0.38674378	10.818239
TCGA-55-6712-01	3.0691800413625563	-2.4477601290160864	18.113518	-0.7288696	13.703593	16.252476
TCGA-55-6968-01	-0.035638856631257515	-3.214759332520708	17.867222	-2.733963	1.1589094	3.3904307
TCGA-55-6969-01	-0.4781975516972994	-2.6376894697729503	17.160746	-1.9933991	-1.2225611	14.984177
TCGA-55-6970-01	-2.5822783977686816	1.6136316583362436	14.658311	-1.3039054	-7.256275	4.53757
TCGA-55-6971-01	2.630498067650841	-3.6287585724215408	17.53086	-1.1870699	8.704213	14.645078
TCGA-55-6972-01	-0.12782695792238272	-0.18738934166703844	15.8757515	-1.7595378	1.7709451	13.633226
TCGA-55-6975-01	0.15460045557815594	3.4885876099200277	13.861417	-2.21093	-0.7804036	-13.512297
TCGA-55-6978-01	1.246994238890421	-0.27420128535566773	14.94944	-0.6943283	-9.230115	8.058161
TCGA-55-6979-01	0.5960203197944332	0.6421587600269508	17.028128	-1.475245	-1.6787323	18.169127
TCGA-55-6980-01	1.3638263135556923	3.0933793758918444	16.266575	-0.5587996	3.707559	20.242712
TCGA-55-6981-01	1.0379579512111492	0.19175563292884487	15.849892	-1.5544846	-13.712551	8.861933
TCGA-55-6982-01	-0.6669892558813765	2.049748493315505	14.784407	-2.0578463	-10.427618	-5.3551216
TCGA-55-6983-01	0.41980592306137526	1.7309178465037909	13.617262	-1.7832612	4.6927896	-13.473141
TCGA-55-6984-01	0.32675443882305855	3.6648707259507316	15.643903	-2.2698681	-13.973466	10.301813
TCGA-55-6985-01	2.079869254079758	0.630251233055768	17.078863	-1.4630932	-0.9592822	18.207432
TCGA-55-6986-01	0.4076462720307217	5.609097836048861	15.532893	-0.0779555	0.41704932	22.326244
TCGA-55-6987-01	2.26060588736856	-0.24904187055707774	16.729893	-0.6737786	3.890015	18.227268
TCGA-55-7227-01	-1.2633823591511337	-1.6976571078704805	16.54596	-5.3951826	10.528264	-10.424454
TCGA-55-7281-01	4.3612319038561855	-2.4765333386076573	17.137224	-3.0452282	9.521469	3.2548244
TCGA-55-7283-01	0.8839610861385429	-1.2979539349211255	16.553953	-5.388701	11.693048	-9.920248
TCGA-55-7284-01	-1.14881879981373	1.399813315446461	15.901877	-5.9608984	11.982765	-11.483574
TCGA-55-7570-01	4.000860114700149	2.722796018635072	15.082123	-3.0572257	12.43228	6.827437
TCGA-55-7573-01	1.0533240798494177	0.37589355483238046	15.076533	-5.6282067	22.356478	-10.550445
TCGA-55-7574-01	1.2137551041092673	-1.1188125077356097	16.121439	-4.4596434	-0.00019838384	-1.2994543
TCGA-55-7576-01	0.9000206176676259	-4.257829575654303	17.836739	-4.4673185	14.271126	0.031512532
TCGA-55-7724-01	0.8788674508303693	2.82494723005749	14.699212	-3.5704868	-8.714971	-7.6091466
TCGA-55-7725-01	2.3225936481045046	1.0046015911059436	15.43798	-4.4453063	17.182972	1.9416102
TCGA-55-7726-01	2.5982224382006263	-1.3113244837426388	16.095512	-4.4010773	0.20527254	-1.9349859
TCGA-55-7727-01	4.649883727660774	1.7766716815856012	15.614292	-2.8505476	15.187921	8.494242
TCGA-55-7728-01	0.33135883086741985	5.4998028016174905	14.543641	-4.685149	-11.760247	-10.362462
TCGA-55-7815-01	1.6919666385225316	-5.034731579966149	17.880474	-3.620066	17.382977	-14.484837
TCGA-55-7816-01	-1.3043095506976654	-5.288578901111147	17.79167	-4.0697713	5.837176	-3.021899
TCGA-55-7903-01	3.1188139842943348	3.0482294831712595	15.3506365	-3.5324583	16.240313	7.374272
TCGA-55-7907-01	-0.3670157683144591	-2.7659791008461463	16.511343	-3.9114995	1.1070899	-5.905014
TCGA-55-7910-01	3.0350668033051753	-3.0047231307111626	17.53782	-4.7728124	10.702818	0.42050835
TCGA-55-7911-01	1.8360668011954933	-4.380184486900427	17.465141	-4.303815	7.2806015	-4.8058667
TCGA-55-7913-01	2.5630795480711654	-4.893924570272847	17.709396	-3.9482055	7.6278076	-1.8295906
TCGA-55-7914-01	5.042609867469134	1.8789206135761152	15.371318	-2.9488173	14.35197	8.1702585
TCGA-55-7994-01	2.8968349193919893	-1.7586069284265413	17.655083	-5.2006173	13.540879	-2.5427842
TCGA-55-7995-01	-0.9817363412363317	-3.170412759644733	16.772476	-4.027482	2.3892682	-3.5040965
TCGA-55-8085-01	2.8294837889843873	1.5595693469240368	15.260799	-2.6027222	7.7247634	5.688911
TCGA-55-8087-01	2.018491766208648	1.7948958350553543	14.798019	-5.031749	18.263578	-10.303315
TCGA-55-8089-01	-0.6424527775688634	0.45631831025438924	16.855291	-3.7359042	-2.8995998	-7.1880846
TCGA-55-8090-01	2.039203448457249	-0.1687489369503373	16.346079	-2.3252304	2.7401552	-13.358663
TCGA-55-8091-01	5.488834922048992	-2.167276331390912	17.770594	-0.50565726	16.465673	12.606522
TCGA-55-8092-01	-0.22242533701051256	-0.2358529885192498	15.999154	-2.2917154	1.0820268	12.827064
TCGA-55-8094-01	2.3552724319080967	-4.254589945112766	17.622221	-5.1253085	11.768164	-2.4076984
TCGA-55-8096-01	-2.0258871024147957	-2.1837544388888777	16.853605	-4.5017543	5.2200727	-7.4387965
TCGA-55-8097-01	0.6434873560460074	4.9228247826795455	14.202438	-4.552875	-15.802169	-10.345568
TCGA-55-8203-01	1.671647833035796	-3.2029410001856866	17.612717	-4.447913	9.77807	-2.3424945
TCGA-55-8204-01	3.285795694939614	-1.1927236602211582	15.782621	-2.7789643	9.48425	5.491955
TCGA-55-8205-01	0.9491031442418644	-3.8154201527069773	17.002995	-3.1084328	0.5817389	0.122835055
TCGA-55-8206-01	3.7947499158512032	-2.280829116017621	17.116339	-5.3483596	12.74472	-5.419343
TCGA-55-8207-01	3.792137893423326	-1.9215106994552675	17.256866	-5.2793727	13.082386	-5.3357625
TCGA-55-8208-01	2.410139917702552	-1.5973538080258527	17.53807	-3.252463	18.35354	-15.684484
TCGA-55-8299-01	5.134555406723926	2.243907391139607	17.113506	-0.28470674	17.509758	9.328004
TCGA-55-8301-01	1.4089508559364943	-2.500714542973859	17.573183	-4.4510655	15.279348	0.43255785
TCGA-55-8302-01	1.5766902306315078	1.0005510429105346	15.521994	-3.7502496	17.983986	4.0396533
TCGA-55-8505-01	1.8495554579065105	0.25790924043443836	14.32859	-3.0409367	3.0013843	-14.116851
TCGA-55-8506-01	-2.0483445235701754	0.5491922594247955	16.098316	-3.653968	-13.213958	-4.1555123
TCGA-55-8507-01	-2.123963999322808	-3.1114497690689844	16.674597	-4.165667	2.7622473	-6.2255163
TCGA-55-8508-01	1.427404278674641	1.2334485667871786	16.235123	-5.379142	9.926054	-16.32259
TCGA-55-8510-01	-0.2674856524366935	-3.1672101163709816	17.272266	-3.5246317	5.1468835	-0.4410388
TCGA-55-8511-01	1.4496790225566896	-1.4281391001458446	14.901162	-5.2455206	18.384304	-11.195314
TCGA-55-8512-01	3.42499749699054	0.12764794995788362	15.352535	-5.9735885	6.185772	-14.790525
TCGA-55-8513-01	2.9512204135256845	3.3037700618002446	14.808994	-5.70232	22.47277	-6.5076065
TCGA-55-8514-01	1.2570609381259894	-4.015454875307547	17.485123	-3.379825	4.516647	0.021198044
TCGA-55-8614-01	-0.13140216535008217	-3.0159006949008567	16.680393	-4.104438	1.6116393	-6.1085067
TCGA-55-8615-01	2.4968209833709007	-6.223625644305672	17.803873	-4.323713	10.437731	-1.9760728
TCGA-55-8616-01	0.14528216527527413	-2.640867255499331	16.745699	-4.002335	2.590326	-4.4632697
TCGA-55-8619-01	2.9192201027195424	2.5434475203004925	15.265622	-5.3992834	20.68665	-4.4613523
TCGA-55-8620-01	1.734333069805522	-2.3079056610971125	16.318079	-4.926139	23.990341	-10.4491825
TCGA-55-8621-01	3.4282601240917163	-1.3123106272359948	17.400152	-4.7233777	16.590614	-0.08464335
TCGA-55-A48X-01	4.634495224762031	2.646638466100982	15.404658	-2.9218967	14.570069	8.442611
TCGA-55-A48Y-01	3.6016240118623397	1.2213178927320414	15.44952	-4.1042666	17.523026	2.3733866
TCGA-55-A48Z-01	0.047022679530881975	-0.737567707443544	16.34603	-3.8097522	-1.6797682	-4.527106
TCGA-55-A490-01	1.6078531679461974	-3.0215931103083293	17.114508	-5.4405146	13.566195	-4.3725915
TCGA-55-A491-01	3.3138991403438256	-2.010317281526847	16.18084	-4.221137	0.4952366	-2.6463494
TCGA-55-A492-01	3.003878907308587	0.9910695706739824	14.8964405	-3.405555	-7.794536	-7.301113
TCGA-55-A493-01	1.5984292092256447	1.9783945402840808	14.8785925	-3.9973314	-11.186556	-7.9237666
TCGA-55-A494-01	2.2880754176181037	-4.804876557530493	17.712582	-3.763941	7.692219	-0.20684022
TCGA-55-A4DF-01	2.2461704811014895	-4.531200436486706	18.097002	-3.6091402	6.606057	1.9110992
TCGA-55-A4DG-01	-1.5989988209897452	-3.9188369592444325	16.91796	-4.0474253	2.952678	-5.631782
TCGA-55-A57B-01	2.844876367582149	-3.832811405050623	17.535498	-3.61396	10.037812	2.1825068
TCGA-62-8394-01	-4.5788777448021065	1.9020314726929932	15.926968	-3.195741	-13.438596	-2.4379528
TCGA-62-8395-01	1.3806146473099794	2.430411684293772	16.712446	-1.4640331	0.56623435	18.002134
TCGA-62-8397-01	-0.7462071540228602	-0.03629699958629378	14.726733	-0.32597333	-6.331174	9.561597
TCGA-62-8398-01	-0.8454300408554558	0.19012760229424003	14.747251	-0.45699143	-6.049263	6.615006
TCGA-62-8399-01	2.0581225864093304	1.4963513749094521	16.277102	-0.7322699	6.20801	12.309493
TCGA-62-8402-01	-1.485251333329412	-1.2612293164367345	14.813129	-0.4689881	-5.8584266	8.324288
TCGA-62-A46O-01	-3.961174221963217	1.6846622423424435	14.604646	-1.1231523	-9.634521	1.0688024
TCGA-62-A46P-01	-0.06625097846440421	2.4051676907251105	14.986548	-0.29160404	-7.559961	9.914724
TCGA-62-A46R-01	-0.8733171025491172	0.6113680427819841	14.877441	-0.46182317	-6.623109	10.1690855
TCGA-62-A46S-01	-3.131587526454724	1.8030070712184463	15.270737	-0.24159671	1.3137816	14.138783
TCGA-62-A46U-01	-5.825043410458637	5.674196572381968	14.275633	-1.0602202	-12.768651	1.2693259
TCGA-62-A46V-01	-1.5984502593161847	4.974237540994549	14.408005	-0.97266686	-12.182086	2.7262914
TCGA-62-A46Y-01	-3.7366997734296126	4.463509931536284	14.42922	-0.996037	-12.065189	2.7254932
TCGA-62-A470-01	-0.4177306682631299	-0.13079839233451207	14.446241	-0.49679163	-7.2680173	6.939038
TCGA-62-A471-01	-0.31655016310573747	0.6936924699726031	14.527405	-0.7101509	-7.7477927	6.3906536
TCGA-62-A472-01	-0.8560987754823358	-0.8426891088772787	14.576636	-0.19911095	-2.9027638	12.091357
TCGA-64-1676-01	1.636565305788683	0.8793439100687259	17.041859	-0.9584583	5.5955753	18.063595
TCGA-64-1677-01	-1.1646790086293726	-2.2071889142499073	16.568235	-2.4111292	-4.7041545	2.2797368
TCGA-64-1678-01	1.111407210360769	-0.5421726947308889	15.051733	-1.0921205	-5.8255005	5.1679616
TCGA-64-1679-01	2.21324675280756	-1.2336263288795701	16.577557	-0.8750538	6.907227	12.425061
TCGA-64-1680-01	-1.6543884106529456	1.325465804557764	14.730876	0.024437632	-7.029061	13.492253
TCGA-64-1681-01	-1.3655174185135772	0.942527450399546	15.653874	-1.8809862	-8.784697	-15.780568
TCGA-64-5774-01	0.47904541152607405	-2.0957633002682963	16.57357	-0.6072903	3.0902207	17.792318
TCGA-64-5775-01	-0.265806090533723	-3.5268410890894937	14.837349	0.10149174	-1.6889344	7.212698
TCGA-64-5778-01	0.5030875187630114	1.8313553262119868	16.988632	-0.9728082	5.438043	18.972252
TCGA-64-5779-01	-1.6593522949505137	-1.2358815860691883	14.438176	-0.22192119	-4.991313	11.915003
TCGA-64-5781-01	-3.8956727576194377	3.6409922011475833	14.360789	-0.9970755	-11.456163	1.6285404
TCGA-64-5815-01	1.4114337828231551	3.1033491730730343	13.670407	-1.8413546	1.1224835	-11.507906
TCGA-67-3770-01	-4.561173473862538	3.3664857267498287	15.270808	-4.4895635	-15.806049	0.6593574
TCGA-67-3771-01	-1.1977887808456897	0.0158469318406231	16.178211	-4.5272636	-4.7251763	-3.719272
TCGA-67-3772-01	3.7408483468223475	1.4327358307883746	15.442742	-5.173943	17.314997	-5.7496166
TCGA-67-3773-01	2.299777099689509	4.053007588099645	15.019226	-5.5606694	20.072872	-10.425511
TCGA-67-3774-01	1.1784575897918501	3.7481398095694223	15.914894	-5.731501	18.1252	-6.0948586
TCGA-67-4679-01	4.2637035620738315	3.4798384183898916	15.38471	-5.1821876	19.359417	-3.7318692
TCGA-67-6215-01	1.9693101182929211	2.1862332987222546	15.007762	-5.7226615	19.136667	-8.921356
TCGA-67-6216-01	1.7854715314867455	-0.7554050533646434	17.031013	-4.872871	17.099194	-0.6732632
TCGA-67-6217-01	0.4913715050910357	1.5942188060717515	17.063017	-5.667193	14.3084955	-14.529036
TCGA-69-7760-01	1.999633099349855	-2.4667489841690355	17.92342	-4.5337925	11.70595	-3.655525
TCGA-69-7761-01	2.2559940441006945	-0.7361158619129354	16.385073	-2.0486212	1.4026917	9.924843
TCGA-69-7763-01	2.5753340641389277	-3.7712912926973607	17.714994	-1.2823147	7.308408	15.5861025
TCGA-69-7764-01	3.0667003350016615	2.799108426987067	14.929422	-2.767093	12.178388	7.1520004
TCGA-69-7765-01	5.75823646848364	0.6154384604044263	15.299924	-3.4523585	15.900453	11.015485
TCGA-69-7973-01	2.0252692768683174	-4.829668087802038	18.12208	-2.2570243	3.6330714	6.762724
TCGA-69-7974-01	0.2772783627700582	0.18606045846309863	16.257925	-1.0335332	10.912464	9.64911
TCGA-69-7978-01	3.240430888297564	-2.6517579298650493	17.827225	-0.8956291	12.259159	16.659721
TCGA-69-7979-01	-0.778788319480665	-3.2312033644487843	17.25106	-1.2161297	-4.4597087	19.17736
TCGA-69-7980-01	-3.696518467873908	-2.5265066998772747	16.645292	-3.9248228	1.3716567	-4.5890813
TCGA-69-8253-01	0.7349827670428972	-1.892006038741148	17.101236	-3.4164038	2.222	-0.24544564
TCGA-69-8254-01	1.9379775299843982	4.6337321309202055	14.186715	-2.7124584	-3.262736	-13.64528
TCGA-69-8255-01	-1.1183702006019272	-4.154826408388454	17.096176	-4.251157	6.3982167	-5.8956914
TCGA-69-8453-01	0.7047600500702682	1.994199346436467	14.012665	-3.0461633	3.4362915	-15.284045
TCGA-69-A59K-01	-0.845358930824867	1.055634951946288	15.756293	-3.7425113	-12.988791	-4.234719
TCGA-71-6725-01	-3.3471784215642955	-0.5903592301542117	16.293312	-4.279001	-4.742074	-2.8294108
TCGA-71-8520-01	-0.3889424739362422	-4.265028831105532	17.7027	-4.068058	6.7797375	-2.828767
TCGA-73-4658-01	0.515064768815347	3.584900986520129	16.952145	-0.3382164	5.180526	22.610168
TCGA-73-4659-01	-0.5648043213929356	-1.0408018563440902	16.657389	-1.9669571	-0.70063674	11.115745
TCGA-73-4662-01	2.3519626917007903	-0.6469371677867708	17.110287	-0.5525714	7.683889	19.562138
TCGA-73-4666-01	0.2061581597729575	-1.442934480494213	15.152424	-0.5402674	-4.6308656	8.291248
TCGA-73-4668-01	0.9746931368229301	-0.44225657941335306	16.423435	-1.7078742	3.4382224	10.672816
TCGA-73-4670-01	0.2720992428422548	0.09057007274130761	15.667838	-1.0228744	-3.4217312	6.615574
TCGA-73-4675-01	-0.6156895283975631	-3.5019661436603493	14.675234	-0.073982716	-6.1116157	8.275543
TCGA-73-4676-01	-2.1384758614263384	-0.33687090053495233	14.676608	0.06871555	-6.6384425	14.028944
TCGA-73-4677-01	-0.5028759416317474	1.8115004356756443	14.698007	-0.8100149	-6.4766574	5.6533766
TCGA-73-7498-01	0.27134126270901665	3.8364256215760326	14.084904	-1.3977304	-3.8968737	-17.44039
TCGA-73-7499-01	2.0188819091470167	0.7911164933313399	15.505042	-1.415657	-6.610548	-17.066935
TCGA-73-A9RS-01	-0.5434159426959138	-1.5687958580745005	14.11154	-0.4476052	-4.5543356	12.684875
TCGA-75-5122-01	6.165335638198942e-05	2.426935384491843	16.465115	-0.733545	4.8266883	20.592283
TCGA-75-5125-01	-1.0658740929539519	-0.17028257837096167	16.973248	-0.64020723	-3.5901513	19.731176
TCGA-75-5126-01	-1.8724295850181538	-1.3127762470343294	14.683137	0.19723287	-7.3703856	14.565688
TCGA-75-5146-01	0.9884550364982794	1.2858148174299127	15.094394	-1.3807322	-5.5414042	3.4365804
TCGA-75-5147-01	-0.8797801088833511	-0.975315564878012	14.945094	-1.1597632	-8.295913	2.2756636
TCGA-75-6203-01	-0.012070658241022394	-1.1650885357418022	14.78357	0.28449148	-7.0254917	15.852724
TCGA-75-6205-01	-1.0366153457866212	-2.545335010987657	14.615201	-0.14994624	-5.1153235	10.068743
TCGA-75-6206-01	1.0511818284920627	1.097403900911059	15.230302	-0.53135157	26.009615	-2.1811757
TCGA-75-6207-01	1.8313813592579495	2.112820235357805	16.011415	-0.35998487	2.8691497	20.69779
TCGA-75-6211-01	2.4834712243632056	-1.245856849683134	16.424805	-1.7346531	2.5698621	10.115898
TCGA-75-6212-01	-1.808361586804532	1.4912456232712648	14.820692	-1.3745028	-6.6669664	3.1386094
TCGA-75-6214-01	-5.370429518014594	0.9894097198106545	14.706854	-1.4148695	-10.111409	0.24272172
TCGA-75-7025-01	-1.7740129669894942	2.67490312210582	14.465818	-1.9323716	-4.696072	-11.212205
TCGA-75-7027-01	1.81697617904649	-4.161860398713429	17.961952	-2.1326008	2.9347231	7.4546547
TCGA-75-7030-01	-1.863495036740195	5.2945944607434825	14.072779	-2.190083	-3.4145825	-12.856134
TCGA-75-7031-01	1.9916593205590705	-2.3908100942413992	16.567333	-2.0447743	0.91396576	9.947412
TCGA-78-7143-01	-5.498314228045133	2.977580874194862	14.432875	-1.5235316	-15.3345785	0.87774265
TCGA-78-7145-01	-1.07511127690237	-4.8082696940539345	18.199844	-2.3457863	1.9911534	5.7305346
TCGA-78-7146-01	-0.6737174307593191	2.117065520963228	14.77076	-2.6741076	-7.2397614	-13.438899
TCGA-78-7147-01	2.1508149839642026	-0.8981412487745959	16.243776	-1.1855161	9.123142	9.850703
TCGA-78-7148-01	2.612687080090858	2.9995515713032974	15.099911	-2.7832828	11.139668	5.9201455
TCGA-78-7149-01	1.338477386312345	-1.5241721701297235	15.898446	-1.1684588	-10.857012	5.401173
TCGA-78-7150-01	3.419832034373441	-1.349359206543896	15.738742	-2.523892	9.563566	6.5021
TCGA-78-7152-01	0.2588675956528247	2.601838338758795	15.690976	-0.15836294	1.4056965	20.732971
TCGA-78-7153-01	-3.7715814941606998	3.7510063603524086	14.359417	-1.1490465	-12.878281	2.367238
TCGA-78-7154-01	2.297182526742394	-0.37553285973659584	17.553663	-1.2875035	9.686162	12.837736
TCGA-78-7155-01	0.9756679990121526	2.1764936087369717	15.0587635	-2.5554144	11.424246	8.3182125
TCGA-78-7156-01	0.2107533674331819	4.522464636950891	13.791513	-2.1018	-1.2859877	-11.758411
TCGA-78-7158-01	2.142688548533357	1.9890474755997785	16.036354	-0.2980376	-17.66362	-3.3388498
TCGA-78-7159-01	-0.2909128629558715	1.9901423452058444	14.043351	-1.7260786	-4.9765005	-17.378414
TCGA-78-7160-01	-1.6500413011462352	2.761986639498048	14.304274	-1.9131082	-4.399999	-11.096547
TCGA-78-7161-01	0.48924184434420054	-2.388592976846923	17.79029	-2.6802976	-11.54272	11.817585
TCGA-78-7162-01	4.098261009549013	1.8891030315359183	15.380724	-2.5126987	9.491324	7.6366963
TCGA-78-7163-01	2.841881184195381	-0.20365883982238606	17.90269	-0.7546082	13.015198	12.529511
TCGA-78-7166-01	2.054321093699749	2.6363412849535863	14.575486	-2.5724173	-4.8942175	-14.1179085
TCGA-78-7167-01	1.4695504463404037	-0.8476770540345967	15.533783	-1.147147	-3.4293568	6.282448
TCGA-78-7220-01	-1.678959217261516	-1.9575139011751446	17.356958	-2.5091426	-1.5731349	3.0663095
TCGA-78-7535-01	2.8036592404429936	-0.9007658978558565	17.721983	-0.7869683	11.084883	15.315505
TCGA-78-7536-01	-2.105457697422202	-1.654612565382908	15.437895	-1.6508987	-17.030514	5.447545
TCGA-78-7537-01	5.432011260066445	1.1314847530390848	14.839775	-5.895294	23.049044	-5.500776
TCGA-78-7539-01	4.373331184482427	-0.9768315805824428	15.92831	-2.0880492	9.409756	9.204044
TCGA-78-7540-01	3.675018234884684	3.090634971200403	15.42722	-2.585066	-12.449813	-15.437837
TCGA-78-7542-01	0.7572530761650065	-1.7823807861833312	16.18608	-1.7456917	3.7966878	10.2091465
TCGA-78-7633-01	3.8078430668421808	-1.6111415773226658	17.55441	-1.8023865	4.1163006	8.466355
TCGA-78-8640-01	-0.20937428735982608	0.4410019222794475	16.81422	-1.8246138	0.44583967	16.513292
TCGA-78-8648-01	-0.5215478258749131	4.614441470475998	15.694889	-0.053091098	0.7682403	22.582304
TCGA-78-8655-01	3.137716400074253	0.3217638577095923	16.60418	-0.7951973	7.653158	12.302322
TCGA-78-8660-01	0.4556147334121968	1.9024828767125581	13.985584	-2.4805517	-0.9371161	-15.279152
TCGA-78-8662-01	-2.55434315662535	-0.9829314076849679	15.36751	-1.7094113	-16.943493	5.486069
TCGA-80-5607-01	2.486904654215536	-0.09475847976928595	15.690899	-0.7920297	-10.436128	8.962277
TCGA-80-5608-01	3.02708799913314	-3.6726702926750847	17.915737	-2.0250587	3.4630055	7.704045
TCGA-80-5611-01	1.7538532392246964	-2.1671104781652804	16.994854	-0.8970907	4.8649874	17.835428
TCGA-83-5908-01	-1.2420635345495996	3.2807964518695045	14.746398	-4.1277475	-8.499265	-10.675831
TCGA-86-6562-01	3.6697469377352547	-0.9977455398789513	18.238966	-0.7769539	15.147237	16.838339
TCGA-86-6851-01	0.2803892789058487	-1.6495532044571626	16.83091	-5.293788	11.483528	-6.9863105
TCGA-86-7701-01	1.9134602685833197	-2.9647523153296733	17.964985	-4.5262218	11.099314	-4.2234726
TCGA-86-7711-01	0.022213038160764417	-4.5604805705434694	17.24165	-4.2983165	6.5581846	-5.400188
TCGA-86-7713-01	1.69969455473834	-3.9428840952653683	17.580046	-4.5245066	9.6633625	-2.2931998
TCGA-86-7714-01	1.165505391485127	3.2551430007617372	14.771505	-4.344719	-9.039818	-11.258047
TCGA-86-7953-01	0.3518358738015298	-2.8283456835654848	17.878586	-4.674039	13.757109	0.6672908
TCGA-86-7954-01	1.253535090409399	0.2010939057732891	16.874334	-5.1348577	11.3179035	-8.549384
TCGA-86-7955-01	2.7313716072467398	-2.5602149628713353	17.460741	-5.3373227	13.421136	-3.6047833
TCGA-86-8054-01	-0.07208788868865988	-1.148497518898141	16.937159	-5.1436396	9.409423	-8.781472
TCGA-86-8055-01	0.7227194110561309	0.04839250114143984	16.350016	-5.3499174	14.781255	-5.8822484
TCGA-86-8056-01	1.6310762525237208	5.679152934860262	14.665417	-4.4123845	-10.82948	-11.306186
TCGA-86-8073-01	1.1021690565308528	4.306914953036232	14.561901	-4.469115	-11.766318	-10.63678
TCGA-86-8074-01	-1.3482389844354652	-2.7412386635056096	16.635344	-4.5830736	6.422624	-9.786906
TCGA-86-8075-01	-1.180637264710145	0.9598872782259429	15.822431	-5.2867255	15.706363	-10.082364
TCGA-86-8076-01	3.3236128649426844	3.46484778649106	14.88645	-5.789826	21.43442	-5.7283473
TCGA-86-8278-01	-0.2734699404230972	3.6371811878951004	16.179493	-5.891448	11.290217	-15.211524
TCGA-86-8279-01	1.602486622142108	-2.8328751597451847	17.854242	-4.8477926	13.526389	1.2317667
TCGA-86-8280-01	0.07344921294902514	-0.5769710386564808	16.287739	-5.160779	14.650566	-9.9577875
TCGA-86-8281-01	3.6292949934655034	3.614524789675555	15.324749	-5.3499455	19.653822	-3.4798157
TCGA-86-8358-01	0.9119049341212572	-0.2765602827170127	17.431524	-5.194445	14.417526	-2.5880053
TCGA-86-8359-01	2.9851449880463496	-1.057590771921364	17.238863	-5.496199	14.120014	-4.70789
TCGA-86-8585-01	-0.9560056741458709	-3.707454115837457	17.256165	-3.359931	3.1879478	0.14676231
TCGA-86-8668-01	0.915022361896263	4.382563363741584	14.122714	-4.400936	-16.43992	-9.844504
TCGA-86-8669-01	1.2258408231676525	-3.599312149075203	17.794239	-4.4120665	8.319639	-2.8658733
TCGA-86-8671-01	1.3219890551525835	4.4702908944057285	14.755912	-5.605643	22.368662	-7.1724405
TCGA-86-8672-01	0.29390205153879567	-2.1497579644785176	16.893555	-4.8922343	8.112468	-9.570832
TCGA-86-8673-01	2.4331380404687786	-2.5209407735029985	18.168718	-0.8648792	14.9745455	14.186864
TCGA-86-8674-01	1.7802470427925117	9.355192108885027e-05	16.774494	-4.663192	18.163462	0.41822574
TCGA-86-A456-01	-0.2525764676543699	3.13691012542061	14.973124	-4.9749937	21.560585	0.5347934
TCGA-86-A4D0-01	2.8311641577203464	0.26923932008374574	15.524238	-3.896551	18.216692	3.2767894
TCGA-86-A4JF-01	0.16806165298267403	-0.8964717260321442	16.745441	-5.8557043	13.302263	-13.584406
TCGA-86-A4P7-01	3.7663776989880917	1.1802758600014196	15.525844	-5.2876687	17.438328	-8.484733
TCGA-86-A4P8-01	2.5127749505238164	3.327151794706363	14.916494	-5.777958	21.895008	-7.6415296
TCGA-91-6828-01	-0.25595090789790303	-4.1820204752705195	17.238913	-3.8657086	3.6404765	-1.8450874
TCGA-91-6829-01	0.21183093160504635	-0.03564820773256769	16.99223	-1.8742758	-0.70049036	15.538586
TCGA-91-6830-01	1.2118935825094044	-1.587320990151524	16.886473	-2.4490416	-0.0014005277	2.385954
TCGA-91-6831-01	3.1863225137461706	-4.618268300020678	18.078169	-1.893794	4.686735	7.183143
TCGA-91-6835-01	2.0879926901928068	1.0914528020803527	17.141294	-0.44454566	8.291431	20.05077
TCGA-91-6836-01	0.0561034252250704	-5.208548572381725	18.236137	-2.6470613	0.87498826	6.4960384
TCGA-91-6840-01	0.9236468992543361	-4.01117591736471	17.765219	-4.013053	7.646109	-2.6570969
TCGA-91-6847-01	0.08383369422399524	-3.210004040297195	17.639925	-2.7776258	-2.4520557	4.5791917
TCGA-91-6848-01	1.6062132341811863	-2.8918254681329683	18.325005	-0.87289697	14.513517	16.43071
TCGA-91-6849-01	3.9865407273945968	4.069592136859815	15.299832	-2.5825768	-12.20012	-15.329641
TCGA-91-7771-01	1.5659029496881094	-4.435379662866999	18.089651	-3.8802073	9.794264	-4.2964654
TCGA-91-8496-01	4.362462829283529	-0.5933015450339743	17.469261	-0.31321394	19.614435	7.282135
TCGA-91-8497-01	-0.4272261107302747	3.0856667987836572	14.59357	-5.104583	-3.4997058	-7.3832507
TCGA-91-8499-01	-0.3720919994315844	1.1447574916537786	16.146204	-5.3734727	9.861045	-16.212591
TCGA-91-A4BC-01	-1.7968130767410138	-1.2985552734925292	16.47009	-5.0902762	4.4146457	-8.559246
TCGA-91-A4BD-01	2.830287451816026	1.7027249359931655	15.641449	-5.3002357	15.306581	-5.794793
TCGA-93-7347-01	1.8965365133692402	3.183539363739038	14.859907	-5.4061656	18.93803	-9.147021
TCGA-93-7348-01	2.246433155226473	1.709459426150739	15.190699	-5.2552433	17.690245	-9.0892725
TCGA-93-8067-01	1.1427251863929828	-2.31244572475837	16.934618	-4.8338833	7.350463	-7.07997
TCGA-93-A4JN-01	-0.15376618615228974	-0.46554227276021015	16.70735	-5.68248	12.52893	-15.647841
TCGA-93-A4JO-01	2.6271489294555943	-0.48528947868942285	17.416008	-3.4875882	19.277206	-16.186014
TCGA-93-A4JP-01	0.06350352941288614	1.20430632322723	15.745425	-5.93465	12.266655	-11.1320305
TCGA-93-A4JQ-01	-1.1091425607272247	-1.4518060774053942	16.971256	-5.613136	12.9168215	-15.562232
TCGA-95-7039-01	-1.641731524162137	-1.7320207820082836	16.589838	-4.914208	6.984667	-10.168002
TCGA-95-7043-01	0.5682380555363417	-1.2628173318860902	16.398273	-4.142542	1.7496488	-7.168187
TCGA-95-7562-01	1.8923713038966226	-1.8503008825685372	17.1448	-4.4834394	9.002882	0.38774496
TCGA-95-7567-01	-0.26523429170080376	-1.1044867418592528	16.957232	-5.0109377	9.352733	-8.267955
TCGA-95-7944-01	2.372558389804863	-0.7288897565773155	16.28282	-4.3880014	2.156262	-7.537067
TCGA-95-7947-01	3.7512180634982393	-2.9339762627260777	17.57071	-4.675512	15.738283	-1.2094676
TCGA-95-7948-01	2.079138541199235	0.7236362090187158	16.098642	-5.1875625	14.233439	-7.1108036
TCGA-95-8039-01	4.831944304884278	1.5382179454225957	15.676227	-5.00187	16.733278	-5.359791
TCGA-95-8494-01	-1.2170829051945107	0.9143580856764864	16.729998	-5.8630505	13.390218	-13.709203
TCGA-95-A4VK-01	2.83240349778748	1.4541856167938538	15.248536	-4.2954745	18.991926	2.0207872
TCGA-95-A4VN-01	0.9661570931187345	-5.231785394695965	17.741114	-3.8554807	5.060824	-2.164518
TCGA-95-A4VP-01	0.13548706449009565	-1.9854498011872799	17.24179	-4.7552195	9.30677	-7.525338
TCGA-97-7546-01	-1.9006638750066511	3.314739603112283	14.389446	-2.3707519	-4.9880056	-8.504934
TCGA-97-7547-01	-3.555628378333621	5.611183955852406	14.332134	-1.4735144	-14.343304	1.4555148
TCGA-97-7552-01	0.9636570973993959	4.367242070105149	13.706915	-2.0181544	0.012913822	-12.961227
TCGA-97-7553-01	0.9523380653963848	1.1683188528907904	15.545195	-1.2992119	-13.394047	7.846079
TCGA-97-7554-01	0.9685314811116494	-4.157150286804147	17.544361	-2.652093	-2.9024365	4.6275287
TCGA-97-7937-01	0.2507469322640786	-1.9199354396620696	17.338423	-3.2015011	4.5979133	1.2068982
TCGA-97-7938-01	1.8188903660509501	3.7470337584741773	14.361295	-4.4831533	-14.65057	-11.252593
TCGA-97-7941-01	-1.6649505627787895	6.51311633188034	14.572779	-4.413097	-12.000564	-10.1116495
TCGA-97-8171-01	0.9952295009635487	0.5809194841210015	15.664024	-6.024627	6.5549455	-13.911929
TCGA-97-8172-01	-0.7633074268810917	1.204980583590686	14.905564	-2.6778572	-7.0554967	-13.557147
TCGA-97-8174-01	0.15232992671701823	-0.847540593807677	16.418085	-5.714166	8.38929	-12.529023
TCGA-97-8175-01	0.5089982141654614	1.8758577721178116	15.135468	-5.528303	20.219358	-8.903721
TCGA-97-8176-01	0.6820724625554022	1.128528020203786	14.128997	-2.9376507	2.1752276	-14.757519
TCGA-97-8177-01	1.9384888130034779	-1.008783025823977	16.680464	-5.3575606	12.703012	-6.78583
TCGA-97-8179-01	3.9077604123485843	-2.4766108560035454	18.214354	-0.8695871	14.2629	14.272839
TCGA-97-8547-01	3.3940886493208153	0.3640321124605723	15.60164	-5.261028	16.871597	-7.5140076
TCGA-97-8552-01	-0.9466913736913343	0.5882627364947123	16.247355	-5.9248724	10.248929	-13.405504
TCGA-97-A4LX-01	3.426951911793721	-2.036136527294197	17.6887	-5.1486974	12.473546	-1.9189601
TCGA-97-A4M0-01	0.14865587195914556	5.08985880328063	14.182335	-4.0707498	-14.002074	-7.945236
TCGA-97-A4M1-01	1.3620556298001005	-0.7816887929338661	15.887922	-5.2600484	15.5515175	-9.808262
TCGA-97-A4M2-01	2.5470126430450333	0.6249881458478516	17.144775	-4.5713363	17.20758	-2.23645
TCGA-97-A4M3-01	0.3676930029502311	3.225112643729492	14.411749	-4.535104	-13.956217	-11.066516
TCGA-97-A4M5-01	2.3966188049133685	3.871380338756651	14.568535	-2.9912167	12.657805	6.0014615
TCGA-97-A4M6-01	0.18792586083843943	2.9345055412712453	14.650011	-3.2319307	-7.319327	-8.389902
TCGA-97-A4M7-01	3.2057928999581193	0.09286241578125226	17.233961	-4.7840858	16.558973	-2.0785544
TCGA-99-7458-01	-2.220912911035881	1.708599930370153	15.865335	-3.3446364	-13.459734	-3.0921936
TCGA-99-8025-01	0.8070405873701615	-2.991350970188196	17.245173	-1.3523849	-2.230848	18.557083
TCGA-99-8028-01	1.1425027891243456	4.736282083983305	14.506818	-4.0054846	-13.384503	-7.2481523
TCGA-99-8032-01	4.46959863832904	-1.9161048113656205	18.238337	-0.9839677	14.194065	13.438428
TCGA-99-8033-01	-1.6596750144964711	-3.0568136479682484	16.767395	-4.70062	6.395033	-8.172302
TCGA-99-AA5R-01	0.7491407884058323	5.717473153785921	14.687229	-4.240099	-10.429395	-10.150605
TCGA-J2-8192-01	3.0903757282809035	0.6766392650556976	15.927645	-4.8659644	13.739112	-8.351517
TCGA-J2-8194-01	1.2899994989127797	-0.1298519092721354	16.33651	-5.111502	12.460671	-9.054272
TCGA-J2-A4AD-01	2.208679981279777	1.442075873200956	15.583261	-4.909674	14.200501	-8.052143
TCGA-J2-A4AE-01	2.801702673150793	2.164469309234955	15.149171	-5.340103	18.486422	-8.539263
TCGA-J2-A4AG-01	1.8787039293966379	4.998494787632856	14.873402	-5.0539184	19.051846	-7.763018
TCGA-L4-A4E5-01	-2.9948557075775537	5.4481699001857224	14.103978	-4.0845494	-15.782689	-6.787549
TCGA-L4-A4E6-01	0.8118070052282081	5.800329881670704	13.987669	-2.4980628	-1.864696	-13.671378
TCGA-L9-A443-01	1.010926073657925	-1.478781106955769	16.417719	-4.4024367	0.4770741	-7.5822535
TCGA-L9-A444-01	-0.8491943143052786	-3.364897603105838	16.572666	-4.2629333	2.523652	-2.3790977
TCGA-L9-A50W-01	5.496847272704368	0.598271699093164	15.629697	-4.6317935	16.416403	-4.602532
TCGA-L9-A5IP-01	-0.5893118586091833	-3.4237081404780443	16.657104	-4.857472	7.1969457	-10.798361
TCGA-L9-A743-01	3.9668469638761232	-3.467266079733744	17.599072	-5.0202513	12.196636	-0.5193809
TCGA-L9-A7SV-01	3.1184048478204813	-3.1129962878411526	17.422865	-4.855838	9.326191	-1.0075595
TCGA-L9-A8F4-01	-0.575634034889076	-2.727178941746366	16.804832	-4.4001994	4.7835765	-5.8006406
TCGA-MN-A4N1-01	3.2346811762323364	-2.331351101335817	17.978603	-0.9948614	12.026884	15.049063
TCGA-MN-A4N4-01	2.6769104256646474	-1.2242441265070336	17.990953	-0.99866426	12.965172	14.405571
TCGA-MN-A4N5-01	3.2192651041817926	-3.9318194584112	17.607079	-1.2270414	8.528138	14.9351425
TCGA-MP-A4SV-01	2.6500545986234556	-2.654975554498616	17.582256	-0.96078914	9.983807	15.933239
TCGA-MP-A4SW-01	2.071730990030808	0.49584231129192113	16.48584	-1.4975739	4.919604	14.078419
TCGA-MP-A4SY-01	3.2077342593152545	0.891101165695929	16.359539	-1.3745555	6.8189826	10.133888
TCGA-MP-A4T2-01	0.896121377085496	0.15328734260517693	15.813236	-1.140438	-11.40458	5.431758
TCGA-MP-A4T4-01	0.49571053043352037	3.2133561839266735	16.029661	-0.1983926	-17.589413	-3.850984
TCGA-MP-A4T6-01	-2.4462737327963864	2.979714907192923	14.170186	-3.9381688	-16.8237	-8.193595
TCGA-MP-A4T7-01	1.1257652099985505	-0.30559743338442885	15.634499	-2.0991464	7.231377	5.8885264
TCGA-MP-A4T8-01	-0.21890319750294404	1.5859463903385338	15.588345	-1.9829332	2.905565	12.610875
TCGA-MP-A4T9-01	-0.8124460813380995	0.3978746468947618	16.770548	-2.672194	-13.07797	11.142726
TCGA-MP-A4TA-01	-1.6041222175653391	1.9019904313774556	15.168008	-1.8552307	-9.336895	-2.9273033
TCGA-MP-A4TC-01	2.9544070537163556	-2.6171014012638234	18.112104	-1.3927348	10.738766	13.845339
TCGA-MP-A4TD-01	4.059468918494615	0.748251868346063	16.211418	-0.9623718	8.343055	11.030856
TCGA-MP-A4TE-01	3.3437912405370636	-0.42658690354881357	16.339119	-1.3581287	7.661221	10.00006
TCGA-MP-A4TF-01	3.368529463730669	-0.3304742576545509	16.434069	-0.95657504	11.243242	10.602147
TCGA-MP-A4TH-01	2.848903221050476	4.0209796532726125	15.2189665	-2.5965426	-11.644041	-14.755082
TCGA-MP-A4TI-01	4.4974268464379845	1.174811968382877	16.432055	-0.41595405	11.287114	11.332591
TCGA-MP-A4TJ-01	-1.1584288386306356	7.513592604599426	14.215119	-3.913834	-13.749209	-8.862896
TCGA-MP-A4TK-01	-0.7503637965242917	2.0428392647006137	15.547238	-1.8070816	-14.072734	4.5748105
TCGA-MP-A5C7-01	1.6024933955014773	4.077024003728678	15.349415	-2.3843658	-11.197325	-15.089174
TCGA-NJ-A4YF-01	-2.7922314942808466	-0.8750313276593134	15.959379	-3.0961797	-7.4121118	-1.486565
TCGA-NJ-A4YG-01	1.0955633993823057	1.921831693701367	15.347766	-0.39707813	26.113544	-1.9034334
TCGA-NJ-A4YI-01	2.4485978996283064	-0.32584743488449674	17.080849	-0.8922643	6.1784835	19.399744
TCGA-NJ-A4YP-01	1.4438076882055937	0.2134237472429385	15.411841	-5.589561	23.64881	-9.820513
TCGA-NJ-A4YQ-01	1.162647488332317	1.9640236364065087	15.661996	-3.4736466	21.234482	1.193439
TCGA-NJ-A55A-01	3.5709582551095345	4.176271837800554	14.701235	-5.7717757	21.970179	-6.26695
TCGA-NJ-A55O-01	2.2633539158258165	4.500451411971566	14.726224	-4.514626	-10.294192	-10.371005
TCGA-NJ-A55R-01	-2.282499577456961	-0.8725611957803863	16.458075	-5.9028172	9.439613	-12.332739
TCGA-NJ-A7XG-01	2.4545803602141048	0.9312542828211089	15.279964	-3.2971573	13.935676	11.126004
TCGA-O1-A52J-01	0.8395030843339739	-0.38108640864519305	15.876218	-1.4937105	-13.685976	8.793021
TCGA-S2-AA1A-01	0.021454702636658246	1.8630658676401435	16.133295	-5.884005	10.124144	-14.267001
